Mod:Item:MetaData, Localized Name
minecraft:air, Air
minecraft:stone:0, Stone
minecraft:stone:1, Granite
minecraft:stone:2, Polished Granite
minecraft:stone:3, Diorite
minecraft:stone:4, Polished Diorite
minecraft:stone:5, Andesite
minecraft:stone:6, Polished Andesite
minecraft:grass, Grass Block
minecraft:dirt:0, Dirt
minecraft:dirt:1, Coarse Dirt
minecraft:dirt:2, Podzol
minecraft:cobblestone, Cobblestone
minecraft:planks:0, Oak Wood Planks
minecraft:planks:1, Spruce Wood Planks
minecraft:planks:2, Birch Wood Planks
minecraft:planks:3, Jungle Wood Planks
minecraft:planks:4, Acacia Wood Planks
minecraft:planks:5, Dark Oak Wood Planks
minecraft:sapling:0, Oak Sapling
minecraft:sapling:1, Spruce Sapling
minecraft:sapling:2, Birch Sapling
minecraft:sapling:3, Jungle Sapling
minecraft:sapling:4, Acacia Sapling
minecraft:sapling:5, Dark Oak Sapling
minecraft:bedrock, Bedrock
minecraft:sand:0, Sand
minecraft:sand:1, Red Sand
minecraft:gravel, Gravel
minecraft:gold_ore, Gold Ore
minecraft:iron_ore, Iron Ore
minecraft:coal_ore, Coal Ore
minecraft:log:0, Oak Wood
minecraft:log:1, Spruce Wood
minecraft:log:2, Birch Wood
minecraft:log:3, Jungle Wood
minecraft:leaves:0, Oak Leaves
minecraft:leaves:1, Spruce Leaves
minecraft:leaves:2, Birch Leaves
minecraft:leaves:3, Jungle Leaves
minecraft:sponge:0, Sponge
minecraft:sponge:1, Wet Sponge
minecraft:glass, Glass
minecraft:lapis_ore, Lapis Lazuli Ore
minecraft:lapis_block, Lapis Lazuli Block
minecraft:dispenser, Dispenser
minecraft:sandstone:0, Sandstone
minecraft:sandstone:1, Chiseled Sandstone
minecraft:sandstone:2, Smooth Sandstone
minecraft:noteblock, Note Block
minecraft:golden_rail, Booster Track
minecraft:detector_rail, Detector Track
minecraft:sticky_piston, Sticky Piston
minecraft:web, Cobweb
minecraft:tallgrass:1, Grass
minecraft:tallgrass:2, Fern
minecraft:deadbush, Dead Bush
minecraft:piston, Piston
minecraft:wool:0, White Wool
minecraft:wool:1, Orange Wool
minecraft:wool:2, Magenta Wool
minecraft:wool:3, Light Blue Wool
minecraft:wool:4, Yellow Wool
minecraft:wool:5, Lime Wool
minecraft:wool:6, Pink Wool
minecraft:wool:7, Gray Wool
minecraft:wool:8, Light Gray Wool
minecraft:wool:9, Cyan Wool
minecraft:wool:10, Purple Wool
minecraft:wool:11, Blue Wool
minecraft:wool:12, Brown Wool
minecraft:wool:13, Green Wool
minecraft:wool:14, Red Wool
minecraft:wool:15, Black Wool
minecraft:yellow_flower:0, Dandelion
minecraft:red_flower:0, Poppy
minecraft:red_flower:1, Blue Orchid
minecraft:red_flower:2, Allium
minecraft:red_flower:3, Azure Bluet
minecraft:red_flower:4, Red Tulip
minecraft:red_flower:5, Orange Tulip
minecraft:red_flower:6, White Tulip
minecraft:red_flower:7, Pink Tulip
minecraft:red_flower:8, Oxeye Daisy
minecraft:brown_mushroom, Mushroom
minecraft:red_mushroom, Mushroom
minecraft:gold_block, Block of Gold
minecraft:iron_block, Block of Iron
minecraft:stone_slab:0, Stone Slab
minecraft:stone_slab:1, Sandstone Slab
minecraft:stone_slab:3, Cobblestone Slab
minecraft:stone_slab:4, Bricks Slab
minecraft:stone_slab:5, Stone Bricks Slab
minecraft:stone_slab:6, Nether Brick Slab
minecraft:stone_slab:7, Quartz Slab
minecraft:brick_block, Bricks
minecraft:tnt, TNT
minecraft:bookshelf, Oak Bookshelf
minecraft:mossy_cobblestone, Moss Stone
minecraft:obsidian, Obsidian
minecraft:torch, Torch
minecraft:mob_spawner, Monster Spawner
minecraft:oak_stairs, Oak Wood Stairs
minecraft:chest, Oak Chest
minecraft:diamond_ore, Diamond Ore
minecraft:diamond_block, Block of Diamond
minecraft:crafting_table, Crafting Table
minecraft:farmland, Farmland
minecraft:furnace, Furnace
minecraft:ladder, Ladder
minecraft:rail, Track
minecraft:stone_stairs, Cobblestone Stairs
minecraft:lever, Lever
minecraft:stone_pressure_plate, Stone Pressure Plate
minecraft:wooden_pressure_plate, Oak Pressure Plate
minecraft:redstone_ore, Redstone Ore
minecraft:redstone_torch, Redstone Torch
minecraft:stone_button, Button
minecraft:snow_layer, Snow
minecraft:ice, Ice
minecraft:snow, Snow
minecraft:cactus, Cactus
minecraft:clay, Clay
minecraft:jukebox, Jukebox
minecraft:fence, Oak Fence
minecraft:pumpkin, Pumpkin
minecraft:netherrack, Netherrack
minecraft:soul_sand, Soul Sand
minecraft:glowstone, Glowstone
minecraft:lit_pumpkin, Jack o'Lantern
minecraft:stained_glass:0, White Stained Glass
minecraft:stained_glass:1, Orange Stained Glass
minecraft:stained_glass:2, Magenta Stained Glass
minecraft:stained_glass:3, Light Blue Stained Glass
minecraft:stained_glass:4, Yellow Stained Glass
minecraft:stained_glass:5, Lime Stained Glass
minecraft:stained_glass:6, Pink Stained Glass
minecraft:stained_glass:7, Gray Stained Glass
minecraft:stained_glass:8, Light Gray Stained Glass
minecraft:stained_glass:9, Cyan Stained Glass
minecraft:stained_glass:10, Purple Stained Glass
minecraft:stained_glass:11, Blue Stained Glass
minecraft:stained_glass:12, Brown Stained Glass
minecraft:stained_glass:13, Green Stained Glass
minecraft:stained_glass:14, Red Stained Glass
minecraft:stained_glass:15, Black Stained Glass
minecraft:trapdoor, Oak Trapdoor
minecraft:monster_egg:0, Stone Monster Egg
minecraft:monster_egg:1, Cobblestone Monster Egg
minecraft:monster_egg:2, Stone Brick Monster Egg
minecraft:monster_egg:3, Mossy Stone Brick Monster Egg
minecraft:monster_egg:4, Cracked Stone Brick Monster Egg
minecraft:monster_egg:5, Chiseled Stone Brick Monster Egg
minecraft:stonebrick:0, Stone Bricks
minecraft:stonebrick:1, Mossy Stone Bricks
minecraft:stonebrick:2, Cracked Stone Bricks
minecraft:stonebrick:3, Chiseled Stone Bricks
minecraft:brown_mushroom_block, Mushroom
minecraft:red_mushroom_block, Mushroom
minecraft:iron_bars, Iron Bars
minecraft:glass_pane, Glass Pane
minecraft:melon_block, Melon
minecraft:vine, Vines
minecraft:fence_gate, Oak Fence Gate
minecraft:brick_stairs, Brick Stairs
minecraft:stone_brick_stairs, Stone Brick Stairs
minecraft:mycelium, Mycelium
minecraft:waterlily, Lily Pad
minecraft:nether_brick, Nether Brick
minecraft:nether_brick_fence, Nether Brick Fence
minecraft:nether_brick_stairs, Nether Brick Stairs
minecraft:enchanting_table, Enchantment Table
minecraft:end_portal_frame, End Portal
minecraft:end_stone, End Stone
minecraft:dragon_egg, Dragon Egg
minecraft:redstone_lamp, Redstone Lamp
minecraft:wooden_slab:0, Oak Wood Slab
minecraft:wooden_slab:1, Spruce Wood Slab
minecraft:wooden_slab:2, Birch Wood Slab
minecraft:wooden_slab:3, Jungle Wood Slab
minecraft:wooden_slab:4, Acacia Wood Slab
minecraft:wooden_slab:5, Dark Oak Wood Slab
minecraft:sandstone_stairs, Sandstone Stairs
minecraft:emerald_ore, Emerald Ore
minecraft:ender_chest, Ender Chest
minecraft:tripwire_hook, Tripwire Hook
minecraft:emerald_block, Block of Emerald
minecraft:spruce_stairs, Spruce Wood Stairs
minecraft:birch_stairs, Birch Wood Stairs
minecraft:jungle_stairs, Jungle Wood Stairs
minecraft:command_block, Command Block
minecraft:beacon, Beacon
minecraft:cobblestone_wall:0, Cobblestone Wall
minecraft:cobblestone_wall:1, Mossy Cobblestone Wall
minecraft:wooden_button, Oak Button
minecraft:anvil:0, Anvil
minecraft:anvil:1, Slightly Damaged Anvil
minecraft:anvil:2, Very Damaged Anvil
minecraft:trapped_chest, Oak Trapped Chest
minecraft:light_weighted_pressure_plate, Weighted Pressure Plate (Light)
minecraft:heavy_weighted_pressure_plate, Weighted Pressure Plate (Heavy)
minecraft:daylight_detector, Daylight Sensor
minecraft:redstone_block, Block of Redstone
minecraft:quartz_ore, Nether Quartz Ore
minecraft:hopper, Hopper
minecraft:quartz_block:0, Block of Quartz
minecraft:quartz_block:1, Chiseled Quartz Block
minecraft:quartz_block:2, Pillar Quartz Block
minecraft:quartz_stairs, Quartz Stairs
minecraft:activator_rail, Activator Track
minecraft:dropper, Dropper
minecraft:stained_hardened_clay:0, White Terracotta
minecraft:stained_hardened_clay:1, Orange Terracotta
minecraft:stained_hardened_clay:2, Magenta Terracotta
minecraft:stained_hardened_clay:3, Light Blue Terracotta
minecraft:stained_hardened_clay:4, Yellow Terracotta
minecraft:stained_hardened_clay:5, Lime Terracotta
minecraft:stained_hardened_clay:6, Pink Terracotta
minecraft:stained_hardened_clay:7, Gray Terracotta
minecraft:stained_hardened_clay:8, Light Gray Terracotta
minecraft:stained_hardened_clay:9, Cyan Terracotta
minecraft:stained_hardened_clay:10, Purple Terracotta
minecraft:stained_hardened_clay:11, Blue Terracotta
minecraft:stained_hardened_clay:12, Brown Terracotta
minecraft:stained_hardened_clay:13, Green Terracotta
minecraft:stained_hardened_clay:14, Red Terracotta
minecraft:stained_hardened_clay:15, Black Terracotta
minecraft:stained_glass_pane:0, White Stained Glass Pane
minecraft:stained_glass_pane:1, Orange Stained Glass Pane
minecraft:stained_glass_pane:2, Magenta Stained Glass Pane
minecraft:stained_glass_pane:3, Light Blue Stained Glass Pane
minecraft:stained_glass_pane:4, Yellow Stained Glass Pane
minecraft:stained_glass_pane:5, Lime Stained Glass Pane
minecraft:stained_glass_pane:6, Pink Stained Glass Pane
minecraft:stained_glass_pane:7, Gray Stained Glass Pane
minecraft:stained_glass_pane:8, Light Gray Stained Glass Pane
minecraft:stained_glass_pane:9, Cyan Stained Glass Pane
minecraft:stained_glass_pane:10, Purple Stained Glass Pane
minecraft:stained_glass_pane:11, Blue Stained Glass Pane
minecraft:stained_glass_pane:12, Brown Stained Glass Pane
minecraft:stained_glass_pane:13, Green Stained Glass Pane
minecraft:stained_glass_pane:14, Red Stained Glass Pane
minecraft:stained_glass_pane:15, Black Stained Glass Pane
minecraft:leaves2:0, Acacia Leaves
minecraft:leaves2:1, Dark Oak Leaves
minecraft:log2:0, Acacia Wood
minecraft:log2:1, Dark Oak Wood
minecraft:acacia_stairs, Acacia Wood Stairs
minecraft:dark_oak_stairs, Dark Oak Wood Stairs
minecraft:slime, Slime Block
minecraft:barrier, Barrier
minecraft:iron_trapdoor, Iron Trapdoor
minecraft:prismarine:0, Prismarine
minecraft:prismarine:1, Prismarine Bricks
minecraft:prismarine:2, Dark Prismarine
minecraft:sea_lantern, Sea Lantern
minecraft:hay_block, Hay Bale
minecraft:carpet:0, White Carpet
minecraft:carpet:1, Orange Carpet
minecraft:carpet:2, Magenta Carpet
minecraft:carpet:3, Light Blue Carpet
minecraft:carpet:4, Yellow Carpet
minecraft:carpet:5, Lime Carpet
minecraft:carpet:6, Pink Carpet
minecraft:carpet:7, Gray Carpet
minecraft:carpet:8, Light Gray Carpet
minecraft:carpet:9, Cyan Carpet
minecraft:carpet:10, Purple Carpet
minecraft:carpet:11, Blue Carpet
minecraft:carpet:12, Brown Carpet
minecraft:carpet:13, Green Carpet
minecraft:carpet:14, Red Carpet
minecraft:carpet:15, Black Carpet
minecraft:hardened_clay, Terracotta
minecraft:coal_block, Block of Coal
minecraft:packed_ice, Packed Ice
minecraft:double_plant:0, Sunflower
minecraft:double_plant:1, Lilac
minecraft:double_plant:2, Double Tallgrass
minecraft:double_plant:3, Large Fern
minecraft:double_plant:4, Rose Bush
minecraft:double_plant:5, Peony
minecraft:red_sandstone:0, Red Sandstone
minecraft:red_sandstone:1, Chiseled Red Sandstone
minecraft:red_sandstone:2, Smooth Red Sandstone
minecraft:red_sandstone_stairs, Red Sandstone Stairs
minecraft:stone_slab2:0, Red Sandstone Slab
minecraft:spruce_fence_gate, Spruce Fence Gate
minecraft:birch_fence_gate, Birch Fence Gate
minecraft:jungle_fence_gate, Jungle Fence Gate
minecraft:dark_oak_fence_gate, Dark Oak Fence Gate
minecraft:acacia_fence_gate, Acacia Fence Gate
minecraft:spruce_fence, Spruce Fence
minecraft:birch_fence, Birch Fence
minecraft:jungle_fence, Jungle Fence
minecraft:dark_oak_fence, Dark Oak Fence
minecraft:acacia_fence, Acacia Fence
minecraft:end_rod, End Rod
minecraft:chorus_plant, Chorus Plant
minecraft:chorus_flower, Chorus Flower
minecraft:purpur_block, Purpur Block
minecraft:purpur_pillar, Purpur Pillar
minecraft:purpur_stairs, Purpur Stairs
minecraft:purpur_slab:0, Purpur Slab
minecraft:end_bricks, End Stone Bricks
minecraft:grass_path, Grass Path
minecraft:repeating_command_block, Repeating Command Block
minecraft:chain_command_block, Chain Command Block
minecraft:magma, Magma Block
minecraft:nether_wart_block, Nether Wart Block
minecraft:red_nether_brick, Red Nether Brick
minecraft:bone_block, Bone Block
minecraft:structure_void, Structure Void
minecraft:observer, Observer
minecraft:white_shulker_box, White Shulker Box
minecraft:orange_shulker_box, Orange Shulker Box
minecraft:magenta_shulker_box, Magenta Shulker Box
minecraft:light_blue_shulker_box, Light Blue Shulker Box
minecraft:yellow_shulker_box, Yellow Shulker Box
minecraft:lime_shulker_box, Lime Shulker Box
minecraft:pink_shulker_box, Pink Shulker Box
minecraft:gray_shulker_box, Gray Shulker Box
minecraft:silver_shulker_box, Light Gray Shulker Box
minecraft:cyan_shulker_box, Cyan Shulker Box
minecraft:purple_shulker_box, Purple Shulker Box
minecraft:blue_shulker_box, Blue Shulker Box
minecraft:brown_shulker_box, Brown Shulker Box
minecraft:green_shulker_box, Green Shulker Box
minecraft:red_shulker_box, Red Shulker Box
minecraft:black_shulker_box, Black Shulker Box
minecraft:white_glazed_terracotta, White Glazed Terracotta
minecraft:orange_glazed_terracotta, Orange Glazed Terracotta
minecraft:magenta_glazed_terracotta, Magenta Glazed Terracotta
minecraft:light_blue_glazed_terracotta, Light Blue Glazed Terracotta
minecraft:yellow_glazed_terracotta, Yellow Glazed Terracotta
minecraft:lime_glazed_terracotta, Lime Glazed Terracotta
minecraft:pink_glazed_terracotta, Pink Glazed Terracotta
minecraft:gray_glazed_terracotta, Gray Glazed Terracotta
minecraft:silver_glazed_terracotta, Light Gray Glazed Terracotta
minecraft:cyan_glazed_terracotta, Cyan Glazed Terracotta
minecraft:purple_glazed_terracotta, Purple Glazed Terracotta
minecraft:blue_glazed_terracotta, Blue Glazed Terracotta
minecraft:brown_glazed_terracotta, Brown Glazed Terracotta
minecraft:green_glazed_terracotta, Green Glazed Terracotta
minecraft:red_glazed_terracotta, Red Glazed Terracotta
minecraft:black_glazed_terracotta, Black Glazed Terracotta
minecraft:concrete:0, White Concrete
minecraft:concrete:1, Orange Concrete
minecraft:concrete:2, Magenta Concrete
minecraft:concrete:3, Light Blue Concrete
minecraft:concrete:4, Yellow Concrete
minecraft:concrete:5, Lime Concrete
minecraft:concrete:6, Pink Concrete
minecraft:concrete:7, Gray Concrete
minecraft:concrete:8, Light Gray Concrete
minecraft:concrete:9, Cyan Concrete
minecraft:concrete:10, Purple Concrete
minecraft:concrete:11, Blue Concrete
minecraft:concrete:12, Brown Concrete
minecraft:concrete:13, Green Concrete
minecraft:concrete:14, Red Concrete
minecraft:concrete:15, Black Concrete
minecraft:concrete_powder:0, White Concrete Powder
minecraft:concrete_powder:1, Orange Concrete Powder
minecraft:concrete_powder:2, Magenta Concrete Powder
minecraft:concrete_powder:3, Light Blue Concrete Powder
minecraft:concrete_powder:4, Yellow Concrete Powder
minecraft:concrete_powder:5, Lime Concrete Powder
minecraft:concrete_powder:6, Pink Concrete Powder
minecraft:concrete_powder:7, Gray Concrete Powder
minecraft:concrete_powder:8, Light Gray Concrete Powder
minecraft:concrete_powder:9, Cyan Concrete Powder
minecraft:concrete_powder:10, Purple Concrete Powder
minecraft:concrete_powder:11, Blue Concrete Powder
minecraft:concrete_powder:12, Brown Concrete Powder
minecraft:concrete_powder:13, Green Concrete Powder
minecraft:concrete_powder:14, Red Concrete Powder
minecraft:concrete_powder:15, Black Concrete Powder
minecraft:structure_block, Structure Block
minecraft:iron_shovel, Iron Shovel
minecraft:iron_pickaxe, Iron Pickaxe
minecraft:iron_axe, Iron Axe
minecraft:flint_and_steel, Flint and Steel
minecraft:apple, Apple
minecraft:bow, Bow
minecraft:arrow, Arrow
minecraft:coal:0, Coal
minecraft:coal:1, Charcoal
minecraft:diamond, Diamond
minecraft:iron_ingot, Iron Ingot
minecraft:gold_ingot, Gold Ingot
minecraft:iron_sword, Iron Sword
minecraft:wooden_sword, Wooden Sword
minecraft:wooden_shovel, Wooden Shovel
minecraft:wooden_pickaxe, Wooden Pickaxe
minecraft:wooden_axe, Wooden Axe
minecraft:stone_sword, Stone Sword
minecraft:stone_shovel, Stone Shovel
minecraft:stone_pickaxe, Stone Pickaxe
minecraft:stone_axe, Stone Axe
minecraft:diamond_sword, Diamond Sword
minecraft:diamond_shovel, Diamond Shovel
minecraft:diamond_pickaxe, Diamond Pickaxe
minecraft:diamond_axe, Diamond Axe
minecraft:stick, Stick
minecraft:bowl, Bowl
minecraft:mushroom_stew, Mushroom Stew
minecraft:golden_sword, Golden Sword
minecraft:golden_shovel, Golden Shovel
minecraft:golden_pickaxe, Golden Pickaxe
minecraft:golden_axe, Golden Axe
minecraft:string, String
minecraft:feather, Feather
minecraft:gunpowder, Gunpowder
minecraft:wooden_hoe, Wooden Hoe
minecraft:stone_hoe, Stone Hoe
minecraft:iron_hoe, Iron Hoe
minecraft:diamond_hoe, Diamond Hoe
minecraft:golden_hoe, Golden Hoe
minecraft:wheat_seeds, Seeds
minecraft:wheat, Wheat
minecraft:bread, Bread
minecraft:leather_helmet, Leather Cap
minecraft:leather_chestplate, Leather Tunic
minecraft:leather_leggings, Leather Pants
minecraft:leather_boots, Leather Boots
minecraft:chainmail_helmet, Chain Helmet
minecraft:chainmail_chestplate, Chain Chestplate
minecraft:chainmail_leggings, Chain Leggings
minecraft:chainmail_boots, Chain Boots
minecraft:iron_helmet, Iron Helmet
minecraft:iron_chestplate, Iron Chestplate
minecraft:iron_leggings, Iron Leggings
minecraft:iron_boots, Iron Boots
minecraft:diamond_helmet, Diamond Helmet
minecraft:diamond_chestplate, Diamond Chestplate
minecraft:diamond_leggings, Diamond Leggings
minecraft:diamond_boots, Diamond Boots
minecraft:golden_helmet, Golden Helmet
minecraft:golden_chestplate, Golden Chestplate
minecraft:golden_leggings, Golden Leggings
minecraft:golden_boots, Golden Boots
minecraft:flint, Flint
minecraft:porkchop, Raw Porkchop
minecraft:cooked_porkchop, Cooked Porkchop
minecraft:painting, Painting
minecraft:golden_apple:0, Golden Apple
minecraft:golden_apple:1, Golden Apple
minecraft:sign, Sign
minecraft:wooden_door, Oak Door
minecraft:bucket, Bucket
minecraft:water_bucket, Water Bucket
minecraft:lava_bucket, Lava Bucket
minecraft:minecart, Minecart
minecraft:saddle, Saddle
minecraft:iron_door, Iron Door
minecraft:redstone, Redstone
minecraft:snowball, Snowball
minecraft:boat, Oak Boat
minecraft:leather, Leather
minecraft:milk_bucket, Milk
minecraft:brick, Brick
minecraft:clay_ball, Clay
minecraft:reeds, Sugar Canes
minecraft:paper, Paper
minecraft:book, Book
minecraft:slime_ball, Slimeball
minecraft:chest_minecart, Chest Cart
minecraft:furnace_minecart, Furnace Cart
minecraft:egg, Egg
minecraft:compass, Compass
minecraft:fishing_rod, Fishing Rod
minecraft:clock, Clock
minecraft:glowstone_dust, Glowstone Dust
minecraft:fish:0, Raw Fish
minecraft:fish:1, Raw Salmon
minecraft:fish:2, Clownfish
minecraft:fish:3, Pufferfish
minecraft:cooked_fish:0, Cooked Fish
minecraft:cooked_fish:1, Cooked Salmon
minecraft:dye:0, Ink Sac
minecraft:dye:1, Rose Red
minecraft:dye:2, Cactus Green
minecraft:dye:3, Cocoa Beans
minecraft:dye:4, Lapis Lazuli
minecraft:dye:5, Purple Dye
minecraft:dye:6, Cyan Dye
minecraft:dye:7, Light Gray Dye
minecraft:dye:8, Gray Dye
minecraft:dye:9, Pink Dye
minecraft:dye:10, Lime Dye
minecraft:dye:11, Dandelion Yellow
minecraft:dye:12, Light Blue Dye
minecraft:dye:13, Magenta Dye
minecraft:dye:14, Orange Dye
minecraft:dye:15, Bone Meal
minecraft:bone, Bone
minecraft:sugar, Sugar
minecraft:cake, Cake
minecraft:bed:0, White Bed
minecraft:bed:1, Orange Bed
minecraft:bed:2, Magenta Bed
minecraft:bed:3, Light Blue Bed
minecraft:bed:4, Yellow Bed
minecraft:bed:5, Lime Bed
minecraft:bed:6, Pink Bed
minecraft:bed:7, Gray Bed
minecraft:bed:8, Light Gray Bed
minecraft:bed:9, Cyan Bed
minecraft:bed:10, Purple Bed
minecraft:bed:11, Blue Bed
minecraft:bed:12, Brown Bed
minecraft:bed:13, Green Bed
minecraft:bed:14, Red Bed
minecraft:bed:15, Black Bed
minecraft:repeater, Redstone Repeater
minecraft:cookie, Cookie
minecraft:filled_map:0, Map
minecraft:shears, Shears
minecraft:melon, Melon
minecraft:pumpkin_seeds, Pumpkin Seeds
minecraft:melon_seeds, Melon Seeds
minecraft:beef, Raw Beef
minecraft:cooked_beef, Steak
minecraft:chicken, Raw Chicken
minecraft:cooked_chicken, Cooked Chicken
minecraft:rotten_flesh, Rotten Flesh
minecraft:ender_pearl, Ender Pearl
minecraft:blaze_rod, Blaze Rod
minecraft:ghast_tear, Ghast Tear
minecraft:gold_nugget, Gold Nugget
minecraft:nether_wart, Nether Wart
minecraft:potion, Potion
minecraft:glass_bottle, Glass Bottle
minecraft:spider_eye, Spider Eye
minecraft:fermented_spider_eye, Fermented Spider Eye
minecraft:blaze_powder, Blaze Powder
minecraft:magma_cream, Magma Cream
minecraft:brewing_stand, Brewing Stand
minecraft:cauldron, Cauldron
minecraft:ender_eye, Eye of Ender
minecraft:speckled_melon, Glistering Melon
minecraft:spawn_egg, Spawn
minecraft:experience_bottle, Bottle o' Enchanting
minecraft:fire_charge, Fire Charge
minecraft:writable_book, Book and Quill
minecraft:written_book, Written Book
minecraft:emerald, Emerald
minecraft:item_frame, Item Frame
minecraft:flower_pot, Flower Pot
minecraft:carrot, Carrot
minecraft:potato, Potato
minecraft:baked_potato, Baked Potato
minecraft:poisonous_potato, Poisonous Potato
minecraft:map, Empty Map
minecraft:golden_carrot, Golden Carrot
minecraft:skull:0, Skeleton Skull
minecraft:skull:1, Wither Skeleton Skull
minecraft:skull:2, Zombie Head
minecraft:skull:3, Head
minecraft:skull:4, Creeper Head
minecraft:skull:5, Dragon Head
minecraft:carrot_on_a_stick, Carrot on a Stick
minecraft:nether_star, Nether Star
minecraft:pumpkin_pie, Pumpkin Pie
minecraft:fireworks, Firework Rocket
minecraft:firework_charge, Firework Star
minecraft:enchanted_book, Enchanted Book
minecraft:comparator, Redstone Comparator
minecraft:netherbrick, Nether Brick
minecraft:quartz, Nether Quartz
minecraft:tnt_minecart, TNT Cart
minecraft:hopper_minecart, Hopper Cart
minecraft:prismarine_shard, Prismarine Shard
minecraft:prismarine_crystals, Prismarine Crystals
minecraft:rabbit, Raw Rabbit
minecraft:cooked_rabbit, Cooked Rabbit
minecraft:rabbit_stew, Rabbit Stew
minecraft:rabbit_foot, Rabbit's Foot
minecraft:rabbit_hide, Rabbit Hide
minecraft:armor_stand, Armor Stand
minecraft:iron_horse_armor, Iron Horse Armor
minecraft:golden_horse_armor, Gold Horse Armor
minecraft:diamond_horse_armor, Diamond Horse Armor
minecraft:lead, Lead
minecraft:name_tag, Name Tag
minecraft:command_block_minecart, Minecart with Command Block
minecraft:mutton, Raw Mutton
minecraft:cooked_mutton, Cooked Mutton
minecraft:banner:15, White Banner
minecraft:banner:14, Orange Banner
minecraft:banner:13, Magenta Banner
minecraft:banner:12, Light Blue Banner
minecraft:banner:11, Yellow Banner
minecraft:banner:10, Lime Banner
minecraft:banner:9, Pink Banner
minecraft:banner:8, Gray Banner
minecraft:banner:7, Light Gray Banner
minecraft:banner:6, Cyan Banner
minecraft:banner:5, Purple Banner
minecraft:banner:4, Blue Banner
minecraft:banner:3, Brown Banner
minecraft:banner:2, Green Banner
minecraft:banner:1, Red Banner
minecraft:banner:0, Black Banner
minecraft:end_crystal, End Crystal
minecraft:spruce_door, Spruce Door
minecraft:birch_door, Birch Door
minecraft:jungle_door, Jungle Door
minecraft:acacia_door, Acacia Door
minecraft:dark_oak_door, Dark Oak Door
minecraft:chorus_fruit, Chorus Fruit
minecraft:chorus_fruit_popped, Popped Chorus Fruit
minecraft:beetroot, Beetroot
minecraft:beetroot_seeds, Beetroot Seeds
minecraft:beetroot_soup, Beetroot Soup
minecraft:dragon_breath, Dragon's Breath
minecraft:splash_potion, Splash Potion
minecraft:spectral_arrow, Spectral Arrow
minecraft:tipped_arrow, Tipped Arrow
minecraft:lingering_potion, Lingering Potion
minecraft:shield, Shield
minecraft:elytra, Elytra
minecraft:spruce_boat, Spruce Boat
minecraft:birch_boat, Birch Boat
minecraft:jungle_boat, Jungle Boat
minecraft:acacia_boat, Acacia Boat
minecraft:dark_oak_boat, Dark Oak Boat
minecraft:totem_of_undying, Totem of Undying
minecraft:shulker_shell, Shulker Shell
minecraft:iron_nugget, Iron Nugget
minecraft:knowledge_book, Knowledge Book
minecraft:record_13, Music Disc
minecraft:record_cat, Music Disc
minecraft:record_blocks, Music Disc
minecraft:record_chirp, Music Disc
minecraft:record_far, Music Disc
minecraft:record_mall, Music Disc
minecraft:record_mellohi, Music Disc
minecraft:record_stal, Music Disc
minecraft:record_strad, Music Disc
minecraft:record_ward, Music Disc
minecraft:record_11, Music Disc
minecraft:record_wait, Music Disc
biomesoplenty:grass:0, Spectral Moss
biomesoplenty:grass:1, Overgrown Stone
biomesoplenty:grass:2, Loamy Grass Block
biomesoplenty:grass:3, Sandy Grass Block
biomesoplenty:grass:4, Silty Grass Block
biomesoplenty:grass:5, Origin Grass Block
biomesoplenty:grass:6, Overgrown Netherrack
biomesoplenty:grass:7, Flowering Grass Block
biomesoplenty:grass:8, Mycelial Netherrack
biomesoplenty:dirt:8, Coarse Loamy Dirt
biomesoplenty:dirt:0, Loamy Dirt
biomesoplenty:dirt:9, Coarse Sandy Dirt
biomesoplenty:dirt:1, Sandy Dirt
biomesoplenty:dirt:10, Coarse Silty Dirt
biomesoplenty:dirt:2, Silty Dirt
biomesoplenty:grass_path:0, Loamy Grass Path
biomesoplenty:grass_path:1, Sandy Grass Path
biomesoplenty:grass_path:2, Silty Grass Path
biomesoplenty:farmland_0:0, Loamy Farmland
biomesoplenty:farmland_0:1, Sandy Farmland
biomesoplenty:farmland_1:0, Silty Farmland
biomesoplenty:white_sand:0, White Sand
biomesoplenty:white_sandstone:0, White Sandstone
biomesoplenty:white_sandstone:1, Chiseled White Sandstone
biomesoplenty:white_sandstone:2, Smooth White Sandstone
biomesoplenty:white_sandstone_stairs:0, White Sandstone Stairs
biomesoplenty:dried_sand:0, Dried Sand
biomesoplenty:hard_ice:0, Hardened Ice
biomesoplenty:ash_block:0, Ash Block
biomesoplenty:mud:0, Mud
biomesoplenty:flesh:0, Flesh
biomesoplenty:crystal:0, Celestial Crystal
biomesoplenty:biome_block:0, Biome Essence Ore
biomesoplenty:gem_ore:0, Ender Amethyst Ore
biomesoplenty:gem_ore:1, Ruby Ore
biomesoplenty:gem_ore:2, Peridot Ore
biomesoplenty:gem_ore:3, Topaz Ore
biomesoplenty:gem_ore:4, Tanzanite Ore
biomesoplenty:gem_ore:5, Malachite Ore
biomesoplenty:gem_ore:6, Sapphire Ore
biomesoplenty:gem_ore:7, Amber Ore
biomesoplenty:gem_block:0, Block of Amethyst
biomesoplenty:gem_block:1, Block of Ruby
biomesoplenty:gem_block:2, Block of Peridot
biomesoplenty:gem_block:3, Block of Topaz
biomesoplenty:gem_block:4, Block of Tanzanite
biomesoplenty:gem_block:5, Block of Malachite
biomesoplenty:gem_block:6, Block of Sapphire
biomesoplenty:gem_block:7, Block of Amber
biomesoplenty:hive:0, Hive Block
biomesoplenty:hive:1, Honeycomb Block
biomesoplenty:hive:2, Empty Honeycomb Block
biomesoplenty:hive:3, Filled Honeycomb Block
biomesoplenty:honey_block:0, Honey Block
biomesoplenty:blue_fire:0, Blue Fire
biomesoplenty:bamboo_thatching:0, Bamboo Thatching
biomesoplenty:mud_brick_block:0, Mud Bricks
biomesoplenty:mud_brick_stairs:0, Mud Bricks Stairs
biomesoplenty:other_slab:0, Mud Bricks Slab
biomesoplenty:other_slab:1, White Sandstone Slab
biomesoplenty:log_0:4, Sacred Oak Wood
biomesoplenty:log_0:5, Cherry Wood
biomesoplenty:log_0:6, Umbran Wood
biomesoplenty:log_0:7, Fir Wood
biomesoplenty:log_1:4, Ethereal Wood
biomesoplenty:log_1:5, Magic Wood
biomesoplenty:log_1:6, Mangrove Wood
biomesoplenty:log_1:7, Palm Wood
biomesoplenty:log_2:4, Redwood Wood
biomesoplenty:log_2:5, Willow Wood
biomesoplenty:log_2:6, Pine Wood
biomesoplenty:log_2:7, Hellbark Wood
biomesoplenty:log_3:4, Jacaranda Wood
biomesoplenty:log_3:5, Mahogany Wood
biomesoplenty:log_3:6, Ebony Wood
biomesoplenty:log_3:7, Eucalyptus Wood
biomesoplenty:log_4:4, Giant Flower Stem
biomesoplenty:log_4:5, Dead Wood
biomesoplenty:leaves_0:8, Yellow Autumn Leaves
biomesoplenty:leaves_0:9, Orange Autumn Leaves
biomesoplenty:leaves_0:10, Bamboo Leaves
biomesoplenty:leaves_0:11, Magic Leaves
biomesoplenty:leaves_1:8, Umbran Leaves
biomesoplenty:leaves_1:9, Dead Leaves
biomesoplenty:leaves_1:10, Fir Leaves
biomesoplenty:leaves_1:11, Ethereal Leaves
biomesoplenty:leaves_2:8, Origin Leaves
biomesoplenty:leaves_2:9, Pink Cherry Leaves
biomesoplenty:leaves_2:10, White Cherry Leaves
biomesoplenty:leaves_2:11, Maple Leaves
biomesoplenty:leaves_3:8, Hellbark Leaves
biomesoplenty:leaves_3:9, Flowering Oak Leaves
biomesoplenty:leaves_3:10, Jacaranda Leaves
biomesoplenty:leaves_3:11, Sacred Oak Leaves
biomesoplenty:leaves_4:8, Mangrove Leaves
biomesoplenty:leaves_4:9, Palm Leaves
biomesoplenty:leaves_4:10, Redwood Leaves
biomesoplenty:leaves_4:11, Willow Leaves
biomesoplenty:leaves_5:8, Pine Leaves
biomesoplenty:leaves_5:9, Mahogany Leaves
biomesoplenty:leaves_5:10, Ebony Leaves
biomesoplenty:leaves_5:11, Eucalyptus Leaves
biomesoplenty:leaves_6:8, Giant Red Flower Petal
biomesoplenty:leaves_6:9, Giant Yellow Flower Petal
biomesoplenty:planks_0:0, Sacred Oak Wood Planks
biomesoplenty:planks_0:1, Cherry Wood Planks
biomesoplenty:planks_0:2, Umbran Wood Planks
biomesoplenty:planks_0:3, Fir Wood Planks
biomesoplenty:planks_0:4, Ethereal Wood Planks
biomesoplenty:planks_0:5, Magic Wood Planks
biomesoplenty:planks_0:6, Mangrove Wood Planks
biomesoplenty:planks_0:7, Palm Wood Planks
biomesoplenty:planks_0:8, Redwood Wood Planks
biomesoplenty:planks_0:9, Willow Wood Planks
biomesoplenty:planks_0:10, Pine Wood Planks
biomesoplenty:planks_0:11, Hellbark Wood Planks
biomesoplenty:planks_0:12, Jacaranda Wood Planks
biomesoplenty:planks_0:13, Mahogany Wood Planks
biomesoplenty:planks_0:14, Ebony Wood Planks
biomesoplenty:planks_0:15, Eucalyptus Wood Planks
biomesoplenty:sacred_oak_stairs:0, Sacred Oak Wood Stairs
biomesoplenty:cherry_stairs:0, Cherry Wood Stairs
biomesoplenty:umbran_stairs:0, Umbran Wood Stairs
biomesoplenty:fir_stairs:0, Fir Wood Stairs
biomesoplenty:ethereal_stairs:0, Ethereal Wood Stairs
biomesoplenty:magic_stairs:0, Magic Wood Stairs
biomesoplenty:mangrove_stairs:0, Mangrove Wood Stairs
biomesoplenty:palm_stairs:0, Palm Wood Stairs
biomesoplenty:redwood_stairs:0, Redwood Wood Stairs
biomesoplenty:willow_stairs:0, Willow Wood Stairs
biomesoplenty:pine_stairs:0, Pine Wood Stairs
biomesoplenty:hellbark_stairs:0, Hellbark Wood Stairs
biomesoplenty:jacaranda_stairs:0, Jacaranda Wood Stairs
biomesoplenty:mahogany_stairs:0, Mahogany Wood Stairs
biomesoplenty:ebony_stairs:0, Ebony Wood Stairs
biomesoplenty:eucalyptus_stairs:0, Eucalyptus Wood Stairs
biomesoplenty:wood_slab_0:0, Sacred Oak Wood Slab
biomesoplenty:wood_slab_0:1, Cherry Wood Slab
biomesoplenty:wood_slab_0:2, Umbran Wood Slab
biomesoplenty:wood_slab_0:3, Fir Wood Slab
biomesoplenty:wood_slab_0:4, Ethereal Wood Slab
biomesoplenty:wood_slab_0:5, Magic Wood Slab
biomesoplenty:wood_slab_0:6, Mangrove Wood Slab
biomesoplenty:wood_slab_0:7, Palm Wood Slab
biomesoplenty:wood_slab_1:0, Redwood Wood Slab
biomesoplenty:wood_slab_1:1, Willow Wood Slab
biomesoplenty:wood_slab_1:2, Pine Wood Slab
biomesoplenty:wood_slab_1:3, Hellbark Wood Slab
biomesoplenty:wood_slab_1:4, Jacaranda Wood Slab
biomesoplenty:wood_slab_1:5, Mahogany Wood Slab
biomesoplenty:wood_slab_1:6, Ebony Wood Slab
biomesoplenty:wood_slab_1:7, Eucalyptus Wood Slab
biomesoplenty:sacred_oak_fence:0, Sacred Oak Fence
biomesoplenty:cherry_fence:0, Cherry Fence
biomesoplenty:umbran_fence:0, Umbran Fence
biomesoplenty:fir_fence:0, Fir Fence
biomesoplenty:ethereal_fence:0, Ethereal Fence
biomesoplenty:magic_fence:0, Magic Fence
biomesoplenty:mangrove_fence:0, Mangrove Fence
biomesoplenty:palm_fence:0, Palm Fence
biomesoplenty:redwood_fence:0, Redwood Fence
biomesoplenty:willow_fence:0, Willow Fence
biomesoplenty:pine_fence:0, Pine Fence
biomesoplenty:hellbark_fence:0, Hellbark Fence
biomesoplenty:jacaranda_fence:0, Jacaranda Fence
biomesoplenty:mahogany_fence:0, Mahogany Fence
biomesoplenty:ebony_fence:0, Ebony Fence
biomesoplenty:eucalyptus_fence:0, Eucalyptus Fence
biomesoplenty:sacred_oak_fence_gate:0, Sacred Oak Fence Gate
biomesoplenty:cherry_fence_gate:0, Cherry Fence Gate
biomesoplenty:umbran_fence_gate:0, Umbran Fence Gate
biomesoplenty:fir_fence_gate:0, Fir Fence Gate
biomesoplenty:ethereal_fence_gate:0, Ethereal Fence Gate
biomesoplenty:magic_fence_gate:0, Magic Fence Gate
biomesoplenty:mangrove_fence_gate:0, Mangrove Fence Gate
biomesoplenty:palm_fence_gate:0, Palm Fence Gate
biomesoplenty:redwood_fence_gate:0, Redwood Fence Gate
biomesoplenty:willow_fence_gate:0, Willow Fence Gate
biomesoplenty:pine_fence_gate:0, Pine Fence Gate
biomesoplenty:hellbark_fence_gate:0, Hellbark Fence Gate
biomesoplenty:jacaranda_fence_gate:0, Jacaranda Fence Gate
biomesoplenty:mahogany_fence_gate:0, Mahogany Fence Gate
biomesoplenty:ebony_fence_gate:0, Ebony Fence Gate
biomesoplenty:eucalyptus_fence_gate:0, Eucalyptus Fence Gate
biomesoplenty:sacred_oak_door, Sacred Oak Door
biomesoplenty:cherry_door, Cherry Door
biomesoplenty:umbran_door, Umbran Door
biomesoplenty:fir_door, Fir Door
biomesoplenty:ethereal_door, Ethereal Door
biomesoplenty:magic_door, Magic Door
biomesoplenty:mangrove_door, Mangrove Door
biomesoplenty:palm_door, Palm Door
biomesoplenty:redwood_door, Redwood Door
biomesoplenty:willow_door, Willow Door
biomesoplenty:pine_door, Pine Door
biomesoplenty:hellbark_door, Hellbark Door
biomesoplenty:jacaranda_door, Jacaranda Door
biomesoplenty:mahogany_door, Mahogany Door
biomesoplenty:ebony_door, Ebony Door
biomesoplenty:eucalyptus_door, Eucalyptus Door
biomesoplenty:coral:0, Pink Coral
biomesoplenty:coral:1, Orange Coral
biomesoplenty:coral:2, Blue Coral
biomesoplenty:coral:3, Glowing Coral
biomesoplenty:coral:4, Algae
biomesoplenty:seaweed:0, Kelp
biomesoplenty:waterlily:0, Medium Lily Pad
biomesoplenty:waterlily:1, Small Lily Pad
biomesoplenty:waterlily:2, Tiny Lily Pad
biomesoplenty:waterlily:3, Flowered Lily
biomesoplenty:bamboo:0, Bamboo
biomesoplenty:sapling_0:0, Yellow Autumn Sapling
biomesoplenty:sapling_0:1, Orange Autumn Sapling
biomesoplenty:sapling_0:2, Bamboo Sapling
biomesoplenty:sapling_0:3, Magic Sapling
biomesoplenty:sapling_0:4, Umbran Sapling
biomesoplenty:sapling_0:5, Dead Sapling
biomesoplenty:sapling_0:6, Fir Sapling
biomesoplenty:sapling_0:7, Ethereal Sapling
biomesoplenty:sapling_1:0, Origin Sapling
biomesoplenty:sapling_1:1, Pink Cherry Sapling
biomesoplenty:sapling_1:2, White Cherry Sapling
biomesoplenty:sapling_1:3, Maple Sapling
biomesoplenty:sapling_1:4, Hellbark Sapling
biomesoplenty:sapling_1:5, Flowering Oak Sapling
biomesoplenty:sapling_1:6, Jacaranda Sapling
biomesoplenty:sapling_1:7, Sacred Oak Sapling
biomesoplenty:sapling_2:0, Mangrove Sapling
biomesoplenty:sapling_2:1, Palm Sapling
biomesoplenty:sapling_2:2, Redwood Sapling
biomesoplenty:sapling_2:3, Willow Sapling
biomesoplenty:sapling_2:4, Pine Sapling
biomesoplenty:sapling_2:5, Mahogany Sapling
biomesoplenty:sapling_2:6, Ebony Sapling
biomesoplenty:sapling_2:7, Eucalyptus Sapling
biomesoplenty:plant_0:0, Short Grass
biomesoplenty:plant_0:1, Medium Grass
biomesoplenty:plant_0:2, Bush
biomesoplenty:plant_0:3, Sprout
biomesoplenty:plant_0:4, Poison Ivy
biomesoplenty:plant_0:5, Berry Bush
biomesoplenty:plant_0:6, Shrub
biomesoplenty:plant_0:7, Wheat Grass
biomesoplenty:plant_0:8, Damp Grass
biomesoplenty:plant_0:9, Koru
biomesoplenty:plant_0:10, Clover Patch
biomesoplenty:plant_0:11, Leaf Pile
biomesoplenty:plant_0:12, Dead Leaf Pile
biomesoplenty:plant_0:13, Dead Grass
biomesoplenty:plant_0:14, Desert Grass
biomesoplenty:plant_0:15, Desert Sprouts
biomesoplenty:plant_1:0, Dune Grass
biomesoplenty:plant_1:1, Spectral Fern
biomesoplenty:plant_1:2, Thorns
biomesoplenty:plant_1:3, Wild Rice
biomesoplenty:plant_1:4, Cattail
biomesoplenty:plant_1:5, River Cane
biomesoplenty:plant_1:6, Tiny Cactus
biomesoplenty:plant_1:7, Devilweed
biomesoplenty:plant_1:8, Reed
biomesoplenty:plant_1:9, Root
biomesoplenty:plant_1:10, Rafflesia
biomesoplenty:plant_1:11, Barley
biomesoplenty:double_plant:0, Flax
biomesoplenty:double_plant:1, Tall Cattail
biomesoplenty:double_plant:2, Eyebulb
biomesoplenty:double_plant:3, Sea Oats
biomesoplenty:mushroom:0, Toadstool
biomesoplenty:mushroom:1, Portobello
biomesoplenty:mushroom:2, Blue Milk Cap
biomesoplenty:mushroom:3, Glowshroom
biomesoplenty:mushroom:4, Flat Mushroom
biomesoplenty:mushroom:5, Shadow Shroom
biomesoplenty:bramble_plant:0, Bramble
biomesoplenty:flower_0:0, Clover
biomesoplenty:flower_0:1, Swampflower
biomesoplenty:flower_0:2, Deathbloom
biomesoplenty:flower_0:3, Glowflower
biomesoplenty:flower_0:4, Blue Hydrangea
biomesoplenty:flower_0:5, Orange Cosmos
biomesoplenty:flower_0:6, Pink Dafodil
biomesoplenty:flower_0:7, Wildflower
biomesoplenty:flower_0:8, Violet
biomesoplenty:flower_0:9, White Anemone
biomesoplenty:flower_0:10, Enderlotus
biomesoplenty:flower_0:11, Bromeliad
biomesoplenty:flower_0:12, Wilted Lily
biomesoplenty:flower_0:13, Pink Hibiscus
biomesoplenty:flower_0:14, Lily of the Valley
biomesoplenty:flower_0:15, Burning Blossom
biomesoplenty:flower_1:0, Lavender
biomesoplenty:flower_1:1, Goldenrod
biomesoplenty:flower_1:2, Bluebells
biomesoplenty:flower_1:3, Miner's Delight
biomesoplenty:flower_1:4, Icy Iris
biomesoplenty:flower_1:5, Rose
biomesoplenty:ivy:0, Ivy
biomesoplenty:willow_vine:0, Willow Vine
biomesoplenty:terrarium:0, Fern Terrarium
biomesoplenty:terrarium:1, Mushroom Terrarium
biomesoplenty:terrarium:2, Cactus Terrarium
biomesoplenty:terrarium:3, Flax Terrarium
biomesoplenty:terrarium:4, Flower Terrarium
biomesoplenty:terrarium:5, Koru Terrarium
biomesoplenty:terrarium:6, Bamboo Terrarium
biomesoplenty:terrarium:7, Beach Terrarium
biomesoplenty:terrarium:8, Glowshroom Terrarium
biomesoplenty:terrarium:9, Dead Terrarium
biomesoplenty:terrarium:10, Mystic Terrarium
biomesoplenty:terrarium:11, Ominous Terrarium
biomesoplenty:terrarium:12, Wasteland Terrarium
biomesoplenty:terrarium:13, Origin Terrarium
biomesoplenty:terrarium:14, Nether Terrarium
biomesoplenty:terrarium:15, Ender Terrarium
biomesoplenty:jar_filled:0, Honey Jar
biomesoplenty:jar_filled:1, Blue Fire Jar
biomesoplenty:jar_empty, Empty Jar
biomesoplenty:boat_sacred_oak, Sacred Oak Boat
biomesoplenty:boat_cherry, Cherry Boat
biomesoplenty:boat_umbran, Umbran Boat
biomesoplenty:boat_fir, Fir Boat
biomesoplenty:boat_ethereal, Ethereal Boat
biomesoplenty:boat_magic, Magic Boat
biomesoplenty:boat_mangrove, Mangrove Boat
biomesoplenty:boat_palm, Palm Boat
biomesoplenty:boat_redwood, Redwood Boat
biomesoplenty:boat_willow, Willow Boat
biomesoplenty:boat_pine, Pine Boat
biomesoplenty:boat_hellbark, Hellbark Boat
biomesoplenty:boat_jacaranda, Jacaranda Boat
biomesoplenty:boat_mahogany, Mahogany Boat
biomesoplenty:boat_ebony, Ebony Boat
biomesoplenty:boat_eucalyptus, Eucalyptus Boat
biomesoplenty:biome_finder, Biome Finder
biomesoplenty:record_wanderer, Music Disc
biomesoplenty:mudball, Mud Ball
biomesoplenty:mud_brick, Mud Brick
biomesoplenty:ash, Pile of Ashes
biomesoplenty:fleshchunk, Chunk of Flesh
biomesoplenty:gem:0, Ender Amethyst
biomesoplenty:gem:1, Ruby
biomesoplenty:gem:2, Peridot
biomesoplenty:gem:3, Topaz
biomesoplenty:gem:4, Tanzanite
biomesoplenty:gem:5, Malachite
biomesoplenty:gem:6, Sapphire
biomesoplenty:gem:7, Amber
biomesoplenty:terrestrial_artifact, Terrestrial Artifact
biomesoplenty:crystal_shard, Celestial Crystal Shard
biomesoplenty:biome_essence, Biome Essence
biomesoplenty:berries, Berry
biomesoplenty:pear, Pear
biomesoplenty:peach, Peach
biomesoplenty:persimmon, Persimmon
biomesoplenty:honeycomb, Empty Honeycomb
biomesoplenty:filled_honeycomb, Filled Honeycomb
biomesoplenty:shroompowder, Shroom Powder
biomesoplenty:ricebowl, Bowl of Rice
biomesoplenty:blue_dye, Blue Dye
biomesoplenty:brown_dye, Brown Dye
biomesoplenty:green_dye, Green Dye
biomesoplenty:white_dye, White Dye
biomesoplenty:black_dye, Black Dye
biomesoplenty:earth, Earth
carryon:tile_item, item.tile_item.name
carryon:entity_item, item.entity_item.name
thermalfoundation:ore:0, Copper Ore
thermalfoundation:ore:1, Tin Ore
thermalfoundation:ore:2, Silver Ore
thermalfoundation:ore:3, Lead Ore
thermalfoundation:ore:4, Aluminum Ore
thermalfoundation:ore:5, Nickel Ore
thermalfoundation:ore:6, Platinum Ore
thermalfoundation:ore:7, Iridium Ore
thermalfoundation:ore:8, Mana Infused Ore
thermalfoundation:ore_fluid:0, Oil Sand
thermalfoundation:ore_fluid:1, Oil Shale
thermalfoundation:ore_fluid:2, Destabilized Redstone Ore
thermalfoundation:ore_fluid:3, Energized Netherrack
thermalfoundation:ore_fluid:4, Resonant End Stone
thermalfoundation:ore_fluid:5, Oil Sand
thermalfoundation:storage:0, Block of Copper
thermalfoundation:storage:1, Block of Tin
thermalfoundation:storage:2, Block of Silver
thermalfoundation:storage:3, Block of Lead
thermalfoundation:storage:4, Block of Aluminum
thermalfoundation:storage:5, Block of Nickel
thermalfoundation:storage:6, Block of Platinum
thermalfoundation:storage:7, Block of Iridium
thermalfoundation:storage:8, Block of Mana Infused Metal
thermalfoundation:storage_alloy:0, Block of Steel
thermalfoundation:storage_alloy:1, Block of Electrum
thermalfoundation:storage_alloy:2, Block of Invar
thermalfoundation:storage_alloy:3, Block of Bronze
thermalfoundation:storage_alloy:4, Block of Constantan
thermalfoundation:storage_alloy:5, Block of Signalum
thermalfoundation:storage_alloy:6, Block of Lumium
thermalfoundation:storage_alloy:7, Block of Enderium
thermalfoundation:storage_resource:0, Block of Charcoal
thermalfoundation:storage_resource:1, Block of Coal Coke
thermalfoundation:glass:0, Hardened Copper Glass
thermalfoundation:glass:1, Hardened Tin Glass
thermalfoundation:glass:2, Hardened Silver Glass
thermalfoundation:glass:3, Hardened Glass
thermalfoundation:glass:4, Hardened Aluminum Glass
thermalfoundation:glass:5, Hardened Nickel Glass
thermalfoundation:glass:6, Hardened Platinum Glass
thermalfoundation:glass:7, Hardened Iridium Glass
thermalfoundation:glass:8, Hardened Mana Infused Glass
thermalfoundation:glass_alloy:0, Hardened Steel Glass
thermalfoundation:glass_alloy:1, Hardened Electrum Glass
thermalfoundation:glass_alloy:2, Hardened Invar Glass
thermalfoundation:glass_alloy:3, Hardened Bronze Glass
thermalfoundation:glass_alloy:4, Hardened Constantan Glass
thermalfoundation:glass_alloy:5, Hardened Signalum Glass
thermalfoundation:glass_alloy:6, Hardened Lumium Glass
thermalfoundation:glass_alloy:7, Hardened Enderium Glass
thermalfoundation:rockwool:0, Black Rockwool
thermalfoundation:rockwool:1, Red Rockwool
thermalfoundation:rockwool:2, Green Rockwool
thermalfoundation:rockwool:3, Brown Rockwool
thermalfoundation:rockwool:4, Blue Rockwool
thermalfoundation:rockwool:5, Purple Rockwool
thermalfoundation:rockwool:6, Cyan Rockwool
thermalfoundation:rockwool:7, Light Gray Rockwool
thermalfoundation:rockwool:8, Gray Rockwool
thermalfoundation:rockwool:9, Pink Rockwool
thermalfoundation:rockwool:10, Lime Rockwool
thermalfoundation:rockwool:11, Yellow Rockwool
thermalfoundation:rockwool:12, Light Blue Rockwool
thermalfoundation:rockwool:13, Magenta Rockwool
thermalfoundation:rockwool:14, Orange Rockwool
thermalfoundation:rockwool:15, White Rockwool
thermalfoundation:wrench:0, Crescent Hammer
thermalfoundation:meter:0, Multimeter
thermalfoundation:upgrade:0, Hardened Upgrade Kit
thermalfoundation:upgrade:1, Reinforced Upgrade Kit
thermalfoundation:upgrade:2, Signalum Upgrade Kit
thermalfoundation:upgrade:3, Resonant Upgrade Kit
thermalfoundation:upgrade:33, Reinforced Conversion Kit
thermalfoundation:upgrade:34, Signalum Conversion Kit
thermalfoundation:upgrade:35, Resonant Conversion Kit
thermalfoundation:upgrade:256, Creative Conversion Kit
thermalfoundation:security:0, Signalum Security Lock
thermalfoundation:diagram_redprint, Redprint
thermalfoundation:tome_lexicon, Forge Lexicon
thermalfoundation:tome_experience, Tome of Knowledge
thermalfoundation:coin:0, Iron Coin
thermalfoundation:coin:1, Gold Coin
thermalfoundation:coin:64, Copper Coin
thermalfoundation:coin:65, Tin Coin
thermalfoundation:coin:66, Silver Coin
thermalfoundation:coin:67, Lead Coin
thermalfoundation:coin:68, Aluminum Coin
thermalfoundation:coin:69, Nickel Coin
thermalfoundation:coin:70, Platinum Coin
thermalfoundation:coin:71, Iridium Coin
thermalfoundation:coin:72, Mana Infused Coin
thermalfoundation:coin:96, Steel Coin
thermalfoundation:coin:97, Electrum Coin
thermalfoundation:coin:98, Invar Coin
thermalfoundation:coin:99, Bronze Coin
thermalfoundation:coin:100, Constantan Coin
thermalfoundation:coin:101, Signalum Coin
thermalfoundation:coin:102, Lumium Coin
thermalfoundation:coin:103, Enderium Coin
thermalfoundation:fertilizer:0, Phyto-Gro
thermalfoundation:fertilizer:1, Rich Phyto-Gro
thermalfoundation:fertilizer:2, Fluxed Phyto-Gro
thermalfoundation:bait:0, Aqua-Chow
thermalfoundation:bait:1, Rich Aqua-Chow
thermalfoundation:bait:2, Fluxed Aqua-Chow
thermalfoundation:dye:0, Black Pigment
thermalfoundation:dye:1, Red Pigment
thermalfoundation:dye:2, Green Pigment
thermalfoundation:dye:3, Brown Pigment
thermalfoundation:dye:4, Blue Pigment
thermalfoundation:dye:5, Purple Pigment
thermalfoundation:dye:6, Cyan Pigment
thermalfoundation:dye:7, Light Gray Pigment
thermalfoundation:dye:8, Gray Pigment
thermalfoundation:dye:9, Pink Pigment
thermalfoundation:dye:10, Lime Pigment
thermalfoundation:dye:11, Yellow Pigment
thermalfoundation:dye:12, Light Blue Pigment
thermalfoundation:dye:13, Magenta Pigment
thermalfoundation:dye:14, Orange Pigment
thermalfoundation:dye:15, White Pigment
thermalfoundation:material:0, Pulverized Iron
thermalfoundation:material:1, Pulverized Gold
thermalfoundation:material:16, Diamond Nugget
thermalfoundation:material:17, Emerald Nugget
thermalfoundation:material:22, Wooden Gear
thermalfoundation:material:23, Stone Gear
thermalfoundation:material:24, Iron Gear
thermalfoundation:material:25, Gold Gear
thermalfoundation:material:26, Diamond Gear
thermalfoundation:material:27, Emerald Gear
thermalfoundation:material:32, Iron Plate
thermalfoundation:material:33, Gold Plate
thermalfoundation:material:64, Pulverized Copper
thermalfoundation:material:65, Pulverized Tin
thermalfoundation:material:66, Pulverized Silver
thermalfoundation:material:67, Pulverized Lead
thermalfoundation:material:68, Pulverized Aluminum
thermalfoundation:material:69, Pulverized Nickel
thermalfoundation:material:70, Pulverized Platinum
thermalfoundation:material:71, Pulverized Iridium
thermalfoundation:material:72, Pulverized Mana Infused Metal
thermalfoundation:material:96, Steel Blend
thermalfoundation:material:97, Electrum Blend
thermalfoundation:material:98, Invar Blend
thermalfoundation:material:99, Bronze Blend
thermalfoundation:material:100, Constantan Blend
thermalfoundation:material:101, Signalum Blend
thermalfoundation:material:102, Lumium Blend
thermalfoundation:material:103, Enderium Blend
thermalfoundation:material:128, Copper Ingot
thermalfoundation:material:129, Tin Ingot
thermalfoundation:material:130, Silver Ingot
thermalfoundation:material:131, Lead Ingot
thermalfoundation:material:132, Aluminum Ingot
thermalfoundation:material:133, Nickel Ingot
thermalfoundation:material:134, Platinum Ingot
thermalfoundation:material:135, Iridium Ingot
thermalfoundation:material:136, Mana Infused Ingot
thermalfoundation:material:160, Steel Ingot
thermalfoundation:material:161, Electrum Ingot
thermalfoundation:material:162, Invar Ingot
thermalfoundation:material:163, Bronze Ingot
thermalfoundation:material:164, Constantan Ingot
thermalfoundation:material:165, Signalum Ingot
thermalfoundation:material:166, Lumium Ingot
thermalfoundation:material:167, Enderium Ingot
thermalfoundation:material:192, Copper Nugget
thermalfoundation:material:193, Tin Nugget
thermalfoundation:material:194, Silver Nugget
thermalfoundation:material:195, Lead Nugget
thermalfoundation:material:196, Aluminum Nugget
thermalfoundation:material:197, Nickel Nugget
thermalfoundation:material:198, Platinum Nugget
thermalfoundation:material:199, Iridium Nugget
thermalfoundation:material:200, Mana Infused Nugget
thermalfoundation:material:224, Steel Nugget
thermalfoundation:material:225, Electrum Nugget
thermalfoundation:material:226, Invar Nugget
thermalfoundation:material:227, Bronze Nugget
thermalfoundation:material:228, Constantan Nugget
thermalfoundation:material:229, Signalum Nugget
thermalfoundation:material:230, Lumium Nugget
thermalfoundation:material:231, Enderium Nugget
thermalfoundation:material:256, Copper Gear
thermalfoundation:material:257, Tin Gear
thermalfoundation:material:258, Silver Gear
thermalfoundation:material:259, Lead Gear
thermalfoundation:material:260, Aluminum Gear
thermalfoundation:material:261, Nickel Gear
thermalfoundation:material:262, Platinum Gear
thermalfoundation:material:263, Iridium Gear
thermalfoundation:material:264, Mana Infused Gear
thermalfoundation:material:288, Steel Gear
thermalfoundation:material:289, Electrum Gear
thermalfoundation:material:290, Invar Gear
thermalfoundation:material:291, Bronze Gear
thermalfoundation:material:292, Constantan Gear
thermalfoundation:material:293, Signalum Gear
thermalfoundation:material:294, Lumium Gear
thermalfoundation:material:295, Enderium Gear
thermalfoundation:material:320, Copper Plate
thermalfoundation:material:321, Tin Plate
thermalfoundation:material:322, Silver Plate
thermalfoundation:material:323, Lead Plate
thermalfoundation:material:324, Aluminum Plate
thermalfoundation:material:325, Nickel Plate
thermalfoundation:material:326, Platinum Plate
thermalfoundation:material:327, Iridium Plate
thermalfoundation:material:328, Mana Infused Plate
thermalfoundation:material:352, Steel Plate
thermalfoundation:material:353, Electrum Plate
thermalfoundation:material:354, Invar Plate
thermalfoundation:material:355, Bronze Plate
thermalfoundation:material:356, Constantan Plate
thermalfoundation:material:357, Signalum Plate
thermalfoundation:material:358, Lumium Plate
thermalfoundation:material:359, Enderium Plate
thermalfoundation:material:512, Redstone Servo
thermalfoundation:material:513, Redstone Reception Coil
thermalfoundation:material:514, Redstone Transmission Coil
thermalfoundation:material:515, Redstone Conductance Coil
thermalfoundation:material:640, Tool Casing
thermalfoundation:material:656, Drill Head
thermalfoundation:material:657, Saw Blade
thermalfoundation:material:768, Pulverized Coal
thermalfoundation:material:769, Pulverized Charcoal
thermalfoundation:material:770, Pulverized Obsidian
thermalfoundation:material:771, Sulfur
thermalfoundation:material:772, Niter
thermalfoundation:material:800, Sawdust
thermalfoundation:material:801, Compressed Sawdust
thermalfoundation:material:802, Coal Coke
thermalfoundation:material:816, Pulped Biomass
thermalfoundation:material:817, Rich Biomass
thermalfoundation:material:818, Pulped Bioblend
thermalfoundation:material:819, Rich Bioblend
thermalfoundation:material:832, Rosin
thermalfoundation:material:833, Tar
thermalfoundation:material:864, Slag
thermalfoundation:material:865, Rich Slag
thermalfoundation:material:866, Cinnabar
thermalfoundation:material:892, Bitumen
thermalfoundation:material:893, Destabilized Clathrate
thermalfoundation:material:894, Energized Clathrate
thermalfoundation:material:895, Resonant Clathrate
thermalfoundation:material:1024, Pyrotheum Dust
thermalfoundation:material:1025, Cryotheum Dust
thermalfoundation:material:1026, Aerotheum Dust
thermalfoundation:material:1027, Petrotheum Dust
thermalfoundation:material:1028, Mana Dust
thermalfoundation:material:2048, Blizz Rod
thermalfoundation:material:2049, Blizz Powder
thermalfoundation:material:2050, Blitz Rod
thermalfoundation:material:2051, Blitz Powder
thermalfoundation:material:2052, Basalz Rod
thermalfoundation:material:2053, Basalz Powder
thermalfoundation:geode:0, Geode
thermalfoundation:armor.helmet_copper, Copper Helmet
thermalfoundation:armor.plate_copper, Copper Chestplate
thermalfoundation:armor.legs_copper, Copper Leggings
thermalfoundation:armor.boots_copper, Copper Boots
thermalfoundation:armor.helmet_tin, Tin Helmet
thermalfoundation:armor.plate_tin, Tin Chestplate
thermalfoundation:armor.legs_tin, Tin Leggings
thermalfoundation:armor.boots_tin, Tin Boots
thermalfoundation:armor.helmet_silver, Silver Helmet
thermalfoundation:armor.plate_silver, Silver Chestplate
thermalfoundation:armor.legs_silver, Silver Leggings
thermalfoundation:armor.boots_silver, Silver Boots
thermalfoundation:armor.helmet_lead, Lead Helmet
thermalfoundation:armor.plate_lead, Lead Chestplate
thermalfoundation:armor.legs_lead, Lead Leggings
thermalfoundation:armor.boots_lead, Lead Boots
thermalfoundation:armor.helmet_aluminum, Aluminum Helmet
thermalfoundation:armor.plate_aluminum, Aluminum Chestplate
thermalfoundation:armor.legs_aluminum, Aluminum Leggings
thermalfoundation:armor.boots_aluminum, Aluminum Boots
thermalfoundation:armor.helmet_nickel, Nickel Helmet
thermalfoundation:armor.plate_nickel, Nickel Chestplate
thermalfoundation:armor.legs_nickel, Nickel Leggings
thermalfoundation:armor.boots_nickel, Nickel Boots
thermalfoundation:armor.helmet_platinum, Platinum Helmet
thermalfoundation:armor.plate_platinum, Platinum Chestplate
thermalfoundation:armor.legs_platinum, Platinum Leggings
thermalfoundation:armor.boots_platinum, Platinum Boots
thermalfoundation:armor.helmet_steel, Steel Helmet
thermalfoundation:armor.plate_steel, Steel Chestplate
thermalfoundation:armor.legs_steel, Steel Leggings
thermalfoundation:armor.boots_steel, Steel Boots
thermalfoundation:armor.helmet_electrum, Electrum Helmet
thermalfoundation:armor.plate_electrum, Electrum Chestplate
thermalfoundation:armor.legs_electrum, Electrum Leggings
thermalfoundation:armor.boots_electrum, Electrum Boots
thermalfoundation:armor.helmet_invar, Invar Helmet
thermalfoundation:armor.plate_invar, Invar Chestplate
thermalfoundation:armor.legs_invar, Invar Leggings
thermalfoundation:armor.boots_invar, Invar Boots
thermalfoundation:armor.helmet_bronze, Bronze Helmet
thermalfoundation:armor.plate_bronze, Bronze Chestplate
thermalfoundation:armor.legs_bronze, Bronze Leggings
thermalfoundation:armor.boots_bronze, Bronze Boots
thermalfoundation:armor.helmet_constantan, Constantan Helmet
thermalfoundation:armor.plate_constantan, Constantan Chestplate
thermalfoundation:armor.legs_constantan, Constantan Leggings
thermalfoundation:armor.boots_constantan, Constantan Boots
thermalfoundation:tool.sword_copper, Copper Sword
thermalfoundation:tool.shovel_copper, Copper Shovel
thermalfoundation:tool.pickaxe_copper, Copper Pickaxe
thermalfoundation:tool.axe_copper, Copper Axe
thermalfoundation:tool.hoe_copper, Copper Hoe
thermalfoundation:tool.bow_copper, Copper Reinforced Bow
thermalfoundation:tool.fishing_rod_copper, Copper Fishing Rod
thermalfoundation:tool.shears_copper, Copper Shears
thermalfoundation:tool.sickle_copper, Copper Sickle
thermalfoundation:tool.hammer_copper, Copper Hammer
thermalfoundation:tool.excavator_copper, Copper Excavator
thermalfoundation:tool.shield_copper, Copper Shield
thermalfoundation:tool.sword_tin, Tin Sword
thermalfoundation:tool.shovel_tin, Tin Shovel
thermalfoundation:tool.pickaxe_tin, Tin Pickaxe
thermalfoundation:tool.axe_tin, Tin Axe
thermalfoundation:tool.hoe_tin, Tin Hoe
thermalfoundation:tool.bow_tin, Tin Reinforced Bow
thermalfoundation:tool.fishing_rod_tin, Tin Fishing Rod
thermalfoundation:tool.shears_tin, Tin Shears
thermalfoundation:tool.sickle_tin, Tin Sickle
thermalfoundation:tool.hammer_tin, Tin Hammer
thermalfoundation:tool.excavator_tin, Tin Excavator
thermalfoundation:tool.shield_tin, Tin Shield
thermalfoundation:tool.sword_silver, Silver Sword
thermalfoundation:tool.shovel_silver, Silver Shovel
thermalfoundation:tool.pickaxe_silver, Silver Pickaxe
thermalfoundation:tool.axe_silver, Silver Axe
thermalfoundation:tool.hoe_silver, Silver Hoe
thermalfoundation:tool.bow_silver, Silver Reinforced Bow
thermalfoundation:tool.fishing_rod_silver, Silver Fishing Rod
thermalfoundation:tool.shears_silver, Silver Shears
thermalfoundation:tool.sickle_silver, Silver Sickle
thermalfoundation:tool.hammer_silver, Silver Hammer
thermalfoundation:tool.excavator_silver, Silver Excavator
thermalfoundation:tool.shield_silver, Silver Shield
thermalfoundation:tool.sword_lead, Lead Sword
thermalfoundation:tool.shovel_lead, Lead Shovel
thermalfoundation:tool.pickaxe_lead, Lead Pickaxe
thermalfoundation:tool.axe_lead, Lead Axe
thermalfoundation:tool.hoe_lead, Lead Hoe
thermalfoundation:tool.bow_lead, Lead Reinforced Bow
thermalfoundation:tool.fishing_rod_lead, Lead Fishing Rod
thermalfoundation:tool.shears_lead, Lead Shears
thermalfoundation:tool.sickle_lead, Lead Sickle
thermalfoundation:tool.hammer_lead, Lead Hammer
thermalfoundation:tool.excavator_lead, Lead Excavator
thermalfoundation:tool.shield_lead, Lead Shield
thermalfoundation:tool.sword_aluminum, Aluminum Sword
thermalfoundation:tool.shovel_aluminum, Aluminum Shovel
thermalfoundation:tool.pickaxe_aluminum, Aluminum Pickaxe
thermalfoundation:tool.axe_aluminum, Aluminum Axe
thermalfoundation:tool.hoe_aluminum, Aluminum Hoe
thermalfoundation:tool.bow_aluminum, Aluminum Reinforced Bow
thermalfoundation:tool.fishing_rod_aluminum, Aluminum Fishing Rod
thermalfoundation:tool.shears_aluminum, Aluminum Shears
thermalfoundation:tool.sickle_aluminum, Aluminum Sickle
thermalfoundation:tool.hammer_aluminum, Aluminum Hammer
thermalfoundation:tool.excavator_aluminum, Aluminum Excavator
thermalfoundation:tool.shield_aluminum, Aluminum Shield
thermalfoundation:tool.sword_nickel, Nickel Sword
thermalfoundation:tool.shovel_nickel, Nickel Shovel
thermalfoundation:tool.pickaxe_nickel, Nickel Pickaxe
thermalfoundation:tool.axe_nickel, Nickel Axe
thermalfoundation:tool.hoe_nickel, Nickel Hoe
thermalfoundation:tool.bow_nickel, Nickel Reinforced Bow
thermalfoundation:tool.fishing_rod_nickel, Nickel Fishing Rod
thermalfoundation:tool.shears_nickel, Nickel Shears
thermalfoundation:tool.sickle_nickel, Nickel Sickle
thermalfoundation:tool.hammer_nickel, Nickel Hammer
thermalfoundation:tool.excavator_nickel, Nickel Excavator
thermalfoundation:tool.shield_nickel, Nickel Shield
thermalfoundation:tool.sword_platinum, Platinum Sword
thermalfoundation:tool.shovel_platinum, Platinum Shovel
thermalfoundation:tool.pickaxe_platinum, Platinum Pickaxe
thermalfoundation:tool.axe_platinum, Platinum Axe
thermalfoundation:tool.hoe_platinum, Platinum Hoe
thermalfoundation:tool.bow_platinum, Platinum Reinforced Bow
thermalfoundation:tool.fishing_rod_platinum, Platinum Fishing Rod
thermalfoundation:tool.shears_platinum, Platinum Shears
thermalfoundation:tool.sickle_platinum, Platinum Sickle
thermalfoundation:tool.hammer_platinum, Platinum Hammer
thermalfoundation:tool.excavator_platinum, Platinum Excavator
thermalfoundation:tool.shield_platinum, Platinum Shield
thermalfoundation:tool.sword_steel, Steel Sword
thermalfoundation:tool.shovel_steel, Steel Shovel
thermalfoundation:tool.pickaxe_steel, Steel Pickaxe
thermalfoundation:tool.axe_steel, Steel Axe
thermalfoundation:tool.hoe_steel, Steel Hoe
thermalfoundation:tool.bow_steel, Steel Reinforced Bow
thermalfoundation:tool.fishing_rod_steel, Steel Fishing Rod
thermalfoundation:tool.shears_steel, Steel Shears
thermalfoundation:tool.sickle_steel, Steel Sickle
thermalfoundation:tool.hammer_steel, Steel Hammer
thermalfoundation:tool.excavator_steel, Steel Excavator
thermalfoundation:tool.shield_steel, Steel Shield
thermalfoundation:tool.sword_electrum, Electrum Sword
thermalfoundation:tool.shovel_electrum, Electrum Shovel
thermalfoundation:tool.pickaxe_electrum, Electrum Pickaxe
thermalfoundation:tool.axe_electrum, Electrum Axe
thermalfoundation:tool.hoe_electrum, Electrum Hoe
thermalfoundation:tool.bow_electrum, Electrum Reinforced Bow
thermalfoundation:tool.fishing_rod_electrum, Electrum Fishing Rod
thermalfoundation:tool.shears_electrum, Electrum Shears
thermalfoundation:tool.sickle_electrum, Electrum Sickle
thermalfoundation:tool.hammer_electrum, Electrum Hammer
thermalfoundation:tool.excavator_electrum, Electrum Excavator
thermalfoundation:tool.shield_electrum, Electrum Shield
thermalfoundation:tool.sword_invar, Invar Sword
thermalfoundation:tool.shovel_invar, Invar Shovel
thermalfoundation:tool.pickaxe_invar, Invar Pickaxe
thermalfoundation:tool.axe_invar, Invar Axe
thermalfoundation:tool.hoe_invar, Invar Hoe
thermalfoundation:tool.bow_invar, Invar Reinforced Bow
thermalfoundation:tool.fishing_rod_invar, Invar Fishing Rod
thermalfoundation:tool.shears_invar, Invar Shears
thermalfoundation:tool.sickle_invar, Invar Sickle
thermalfoundation:tool.hammer_invar, Invar Hammer
thermalfoundation:tool.excavator_invar, Invar Excavator
thermalfoundation:tool.shield_invar, Invar Shield
thermalfoundation:tool.sword_bronze, Bronze Sword
thermalfoundation:tool.shovel_bronze, Bronze Shovel
thermalfoundation:tool.pickaxe_bronze, Bronze Pickaxe
thermalfoundation:tool.axe_bronze, Bronze Axe
thermalfoundation:tool.hoe_bronze, Bronze Hoe
thermalfoundation:tool.bow_bronze, Bronze Reinforced Bow
thermalfoundation:tool.fishing_rod_bronze, Bronze Fishing Rod
thermalfoundation:tool.shears_bronze, Bronze Shears
thermalfoundation:tool.sickle_bronze, Bronze Sickle
thermalfoundation:tool.hammer_bronze, Bronze Hammer
thermalfoundation:tool.excavator_bronze, Bronze Excavator
thermalfoundation:tool.shield_bronze, Bronze Shield
thermalfoundation:tool.sword_constantan, Constantan Sword
thermalfoundation:tool.shovel_constantan, Constantan Shovel
thermalfoundation:tool.pickaxe_constantan, Constantan Pickaxe
thermalfoundation:tool.axe_constantan, Constantan Axe
thermalfoundation:tool.hoe_constantan, Constantan Hoe
thermalfoundation:tool.bow_constantan, Constantan Reinforced Bow
thermalfoundation:tool.fishing_rod_constantan, Constantan Fishing Rod
thermalfoundation:tool.shears_constantan, Constantan Shears
thermalfoundation:tool.sickle_constantan, Constantan Sickle
thermalfoundation:tool.hammer_constantan, Constantan Hammer
thermalfoundation:tool.excavator_constantan, Constantan Excavator
thermalfoundation:tool.shield_constantan, Constantan Shield
thermalfoundation:tool.shears_wood, Wooden Shears
thermalfoundation:tool.sickle_wood, Wooden Sickle
thermalfoundation:tool.hammer_wood, Wooden Hammer
thermalfoundation:tool.excavator_wood, Wooden Excavator
thermalfoundation:tool.bow_stone, Stone Reinforced Bow
thermalfoundation:tool.fishing_rod_stone, Stone Fishing Rod
thermalfoundation:tool.shears_stone, Stone Shears
thermalfoundation:tool.sickle_stone, Stone Sickle
thermalfoundation:tool.hammer_stone, Stone Hammer
thermalfoundation:tool.excavator_stone, Stone Excavator
thermalfoundation:tool.shield_stone, Stone Shield
thermalfoundation:tool.bow_iron, Iron Reinforced Bow
thermalfoundation:tool.fishing_rod_iron, Iron Fishing Rod
thermalfoundation:tool.sickle_iron, Iron Sickle
thermalfoundation:tool.hammer_iron, Iron Hammer
thermalfoundation:tool.excavator_iron, Iron Excavator
thermalfoundation:tool.shield_iron, Iron Shield
thermalfoundation:tool.bow_diamond, Diamond Reinforced Bow
thermalfoundation:tool.fishing_rod_diamond, Diamond Fishing Rod
thermalfoundation:tool.shears_diamond, Diamond Shears
thermalfoundation:tool.sickle_diamond, Diamond Sickle
thermalfoundation:tool.hammer_diamond, Diamond Hammer
thermalfoundation:tool.excavator_diamond, Diamond Excavator
thermalfoundation:tool.shield_diamond, Diamond Shield
thermalfoundation:tool.bow_gold, Gold Reinforced Bow
thermalfoundation:tool.fishing_rod_gold, Gold Fishing Rod
thermalfoundation:tool.shears_gold, Gold Shears
thermalfoundation:tool.sickle_gold, Gold Sickle
thermalfoundation:tool.hammer_gold, Gold Hammer
thermalfoundation:tool.excavator_gold, Gold Excavator
thermalfoundation:tool.shield_gold, Gold Shield
thermalfoundation:horse_armor_copper, Copper Horse Armor
thermalfoundation:horse_armor_tin, Tin Horse Armor
thermalfoundation:horse_armor_silver, Silver Horse Armor
thermalfoundation:horse_armor_lead, Lead Horse Armor
thermalfoundation:horse_armor_aluminum, Aluminum Horse Armor
thermalfoundation:horse_armor_nickel, Nickel Horse Armor
thermalfoundation:horse_armor_platinum, Platinum Horse Armor
thermalfoundation:horse_armor_steel, Steel Horse Armor
thermalfoundation:horse_armor_electrum, Electrum Horse Armor
thermalfoundation:horse_armor_invar, Invar Horse Armor
thermalfoundation:horse_armor_bronze, Bronze Horse Armor
thermalfoundation:horse_armor_constantan, Constantan Horse Armor
thermalfoundation:fluid_crude_oil, Crude Oil
thermalfoundation:fluid_redstone, Destabilized Redstone
thermalfoundation:fluid_glowstone, Energized Glowstone
thermalfoundation:fluid_ender, Resonant Ender
thermalfoundation:fluid_pyrotheum, Blazing Pyrotheum
thermalfoundation:fluid_cryotheum, Gelid Cryotheum
thermalfoundation:fluid_aerotheum, Zephyrean Aerotheum
thermalfoundation:fluid_petrotheum, Tectonic Petrotheum
thermalfoundation:fluid_mana, Primal Mana
thermalexpansion:machine:0, Redstone Furnace (Basic)
thermalexpansion:machine:1, Pulverizer (Basic)
thermalexpansion:machine:2, Sawmill (Basic)
thermalexpansion:machine:3, Induction Smelter (Basic)
thermalexpansion:machine:4, Phytogenic Insolator (Basic)
thermalexpansion:machine:5, Compactor (Basic)
thermalexpansion:machine:6, Magma Crucible (Basic)
thermalexpansion:machine:7, Fractionating Still (Basic)
thermalexpansion:machine:8, Fluid Transposer (Basic)
thermalexpansion:machine:9, Energetic Infuser (Basic)
thermalexpansion:machine:10, Centrifugal Separator (Basic)
thermalexpansion:machine:11, Sequential Fabricator (Basic)
thermalexpansion:machine:12, Alchemical Imbuer (Basic)
thermalexpansion:machine:13, Arcane Ensorcellator (Basic)
thermalexpansion:machine:14, Glacial Precipitator (Basic)
thermalexpansion:machine:15, Igneous Extruder (Basic)
thermalexpansion:device:0, Aqueous Accumulator
thermalexpansion:device:1, Nullifier
thermalexpansion:device:2, Thermal Mediator
thermalexpansion:device:3, Arboreal Extractor
thermalexpansion:device:4, Aquatic Entangler
thermalexpansion:device:5, Item Allocator
thermalexpansion:device:6, Fluid Allocator
thermalexpansion:device:7, Lexical Transmuter
thermalexpansion:device:8, Insightful Condenser
thermalexpansion:device:9, Decoctive Diffuser
thermalexpansion:device:10, Factorizer
thermalexpansion:device:11, Creature Encaptulator
thermalexpansion:device:12, Vacuumulator
thermalexpansion:dynamo:0, Steam Dynamo (Basic)
thermalexpansion:dynamo:1, Magmatic Dynamo (Basic)
thermalexpansion:dynamo:2, Compression Dynamo (Basic)
thermalexpansion:dynamo:3, Reactant Dynamo (Basic)
thermalexpansion:dynamo:4, Enervation Dynamo (Basic)
thermalexpansion:dynamo:5, Numismatic Dynamo (Basic)
thermalexpansion:cell:0, Energy Cell (Basic)
thermalexpansion:tank:0, Portable Tank (Basic)
thermalexpansion:cache:0, Cache (Basic)
thermalexpansion:strongbox:0, Strongbox (Basic)
thermalexpansion:capacitor:0, Flux Capacitor (Basic)
thermalexpansion:capacitor:1, Flux Capacitor (Hardened)
thermalexpansion:capacitor:2, Flux Capacitor (Reinforced)
thermalexpansion:capacitor:3, Flux Capacitor (Signalum)
thermalexpansion:capacitor:4, Flux Capacitor (Resonant)
thermalexpansion:capacitor:32000, Flux Capacitor (Creative)
thermalexpansion:reservoir:0, Reservoir (Basic)
thermalexpansion:reservoir:1, Reservoir (Hardened)
thermalexpansion:reservoir:2, Reservoir (Reinforced)
thermalexpansion:reservoir:3, Reservoir (Signalum)
thermalexpansion:reservoir:4, Reservoir (Resonant)
thermalexpansion:reservoir:32000, Reservoir (Creative)
thermalexpansion:satchel:0, Satchel (Basic)
thermalexpansion:satchel:1, Satchel (Hardened)
thermalexpansion:satchel:2, Satchel (Reinforced)
thermalexpansion:satchel:3, Satchel (Signalum)
thermalexpansion:satchel:4, Satchel (Resonant)
thermalexpansion:satchel:100, Satchel (Void)
thermalexpansion:satchel:32000, Satchel (Creative)
thermalexpansion:frame:0, Machine Frame
thermalexpansion:frame:64, Device Frame
thermalexpansion:frame:128, Energy Cell Frame
thermalexpansion:frame:129, Hardened Cell Frame
thermalexpansion:frame:130, Reinforced Cell Frame (Empty)
thermalexpansion:frame:131, Signalum Cell Frame (Empty)
thermalexpansion:frame:132, Resonant Cell Frame (Empty)
thermalexpansion:frame:146, Reinforced Cell Frame (Full)
thermalexpansion:frame:147, Signalum Cell Frame (Full)
thermalexpansion:frame:148, Resonant Cell Frame (Full)
thermalexpansion:augment:128, Augment: Auxiliary Reception Coil
thermalexpansion:augment:129, Augment: Auxiliary Sieve
thermalexpansion:augment:130, Augment: Nullification Chamber
thermalexpansion:augment:256, Augment: Trivection Chamber
thermalexpansion:augment:257, Augment: Flux Anodizers
thermalexpansion:augment:258, Augment: Pyrolytic Conversion
thermalexpansion:augment:273, Augment: Tectonic Initiator
thermalexpansion:augment:288, Augment: Resin Funnel
thermalexpansion:augment:303, Augment: Metallurgical Recovery
thermalexpansion:augment:304, Augment: Pyro-Concentrator
thermalexpansion:augment:320, Augment: Nutrient Recovery
thermalexpansion:augment:323, Augment: Sapling Infuser
thermalexpansion:augment:324, Augment: Monoculture Cycle
thermalexpansion:augment:336, Augment: Numismatic Press
thermalexpansion:augment:337, Augment: Gearworking Die
thermalexpansion:augment:352, Augment: Pyroconvective Loop
thermalexpansion:augment:368, Augment: Reflux Column
thermalexpansion:augment:369, Augment: Alchemical Retort
thermalexpansion:augment:400, Augment: Flux Linkage Concentrator
thermalexpansion:augment:401, Augment: Flux Reconstruction
thermalexpansion:augment:402, Augment: Parabolic Flux Coupling
thermalexpansion:augment:416, Augment: Enstabulation Apparatus
thermalexpansion:augment:432, Augment: Pattern Validation
thermalexpansion:augment:433, Augment: Fluidic Fabrication
thermalexpansion:augment:448, Augment: Reagent Recovery
thermalexpansion:augment:496, Augment: Pyroclastic Injection
thermalexpansion:augment:497, Augment: Clastic Deposition
thermalexpansion:augment:512, Augment: Auxiliary Transmission Coil
thermalexpansion:augment:513, Augment: Fuel Catalyzer
thermalexpansion:augment:514, Augment: Transmission Coil Ducting
thermalexpansion:augment:515, Augment: Excitation Field Limiter
thermalexpansion:augment:576, Augment: Boiler Conversion
thermalexpansion:augment:640, Augment: Turbine Conversion
thermalexpansion:augment:656, Augment: Isentropic Reservoir
thermalexpansion:augment:672, Augment: Closed-Loop Cooling
thermalexpansion:augment:673, Augment: Ignition Plugs
thermalexpansion:augment:674, Augment: Agitative Manifold
thermalexpansion:augment:688, Augment: Elemental Catalyzer
thermalexpansion:augment:704, Augment: Disjunctive Extraction
thermalexpansion:augment:720, Augment: Lapidary Calibration
thermalexpansion:florb:0, Florb (Empty§r)
thermalexpansion:florb:1, Magmatic Florb (Empty§r)
thermalexpansion:morb:0, Morb (Empty§r)
thermalexpansion:morb:1, Reusable Morb (Empty§r)
forestry:fertilizer_bio, Compost
forestry:fertilizer_compound, Fertilizer
forestry:apatite, Apatite
forestry:research_note, %s's Notes
forestry:portable_alyzer, Portable Analyzer
forestry:ingot_copper, Copper Ingot
forestry:ingot_tin, Tin Ingot
forestry:ingot_bronze, Bronze Ingot
forestry:wrench, Wrench
forestry:pipette, Pipette
forestry:sturdy_machine, Sturdy Casing
forestry:hardened_machine, Hardened Casing
forestry:impregnated_casing, Impregnated Casing
forestry:flexible_casing, Flexible Casing
forestry:crafting_material:0, Pulsating Dust
forestry:crafting_material:1, Pulsating Mesh
forestry:crafting_material:2, Silk Wisp
forestry:crafting_material:3, Woven Silk
forestry:crafting_material:4, Dissipation Charge
forestry:crafting_material:5, Ice Shard
forestry:crafting_material:6, Scented Paneling
forestry:crafting_material:7, Camouflaged Paneling
forestry:naturalist_helmet, Spectacles
forestry:peat, Peat
forestry:ash, Ash
forestry:bituminous_peat, Bituminous Peat
forestry:gear_bronze, Bronze Gear
forestry:gear_copper, Copper Gear
forestry:gear_tin, Tin Gear
forestry:chipsets:0, Basic Circuit Board
forestry:chipsets:1, Enhanced Circuit Board
forestry:chipsets:2, Refined Circuit Board
forestry:chipsets:3, Intricate Circuit Board
forestry:soldering_iron, Soldering Iron
forestry:carton, Carton
forestry:oak_stick, Impregnated Stick
forestry:wood_pulp, Wood Pulp
forestry:broken_bronze_pickaxe, Broken Pickaxe
forestry:broken_bronze_shovel, Broken Shovel
forestry:bronze_pickaxe, Survivalist's Pickaxe
forestry:bronze_shovel, Survivalist's Shovel
forestry:kit_shovel, Shovel Kit
forestry:kit_pickaxe, Pickaxe Kit
forestry:mouldy_wheat, Mouldy Wheat
forestry:decaying_wheat, Decaying Wheat
forestry:mulch, Mulch
forestry:iodine_capsule, Iodine Capsule
forestry:phosphor, Phosphor
forestry:beeswax, Beeswax
forestry:refractory_wax, Refractory Wax
forestry:fruits:0, Cherry
forestry:fruits:1, Walnut
forestry:fruits:2, Chestnut
forestry:fruits:3, Lemon
forestry:fruits:4, Plum
forestry:fruits:5, Date
forestry:fruits:6, Papaya
forestry:analyzer:0, Analyzer
forestry:escritoire:0, Escritoire
forestry:bog_earth:0, Bog Earth
forestry:humus:0, Humus
forestry:resources:0, Apatite Ore
forestry:resources:1, Copper Ore
forestry:resources:2, Tin Ore
forestry:resource_storage:0, Block of Apatite
forestry:resource_storage:1, Block of Copper
forestry:resource_storage:2, Block of Tin
forestry:resource_storage:3, Block of Bronze
forestry:ash_brick:0, Ash Bricks
forestry:ash_stairs:0, Ash Brick Stairs
forestry:worktable:0, Worktable
forestry:fluid.bio.ethanol, Ethanol
forestry:fluid.biomass, Biomass
forestry:fluid.glass, Liquid Glass
forestry:fluid.for.honey, Honey
forestry:fluid.ice, Crushed Ice
forestry:fluid.juice, Fruit Juice
forestry:fluid.milk, Milk
forestry:fluid.seed.oil, Seed Oil
forestry:fluid.short.mead, Short Mead
forestry:can, item.for.can.name
forestry:capsule, item.for.capsule.name
forestry:refractory, item.for.refractory.name
forestry:stamps:0, Stamp (1n)
forestry:stamps:1, Stamp (2n)
forestry:stamps:2, Stamp (5n)
forestry:stamps:3, Stamp (10n)
forestry:stamps:4, Stamp (20n)
forestry:stamps:5, Stamp (50n)
forestry:stamps:6, Stamp (100n)
forestry:letters, Letter
forestry:catalogue, Catalogue
forestry:mailbox:0, Mailbox
forestry:trade_station:0, Trade Station
forestry:stamp_collector:0, Stamp Collector
forestry:bottler:0, Bottler
forestry:carpenter:0, Carpenter
forestry:centrifuge:0, Centrifuge
forestry:fermenter:0, Fermenter
forestry:moistener:0, Moistener
forestry:squeezer:0, Squeezer
forestry:still:0, Still
forestry:rainmaker:0, Rainmaker
forestry:fabricator:0, Thermionic Fabricator
forestry:raintank:0, Rain Tank
forestry:grafter, Grafter
forestry:grafter_proven, Proven Grafter
forestry:logs.0:0, Larch Wood
forestry:logs.0:1, Teak Wood
forestry:logs.0:2, Desert Acacia Wood
forestry:logs.0:3, Lime Wood
forestry:logs.1:0, Chestnut Wood
forestry:logs.1:1, Wenge Wood
forestry:logs.1:2, Baobab Wood
forestry:logs.1:3, Sequoia Wood
forestry:logs.2:0, Kapok Wood
forestry:logs.2:1, Ebony Wood
forestry:logs.2:2, Mahogany Wood
forestry:logs.2:3, Balsa Wood
forestry:logs.3:0, Willow Wood
forestry:logs.3:1, Walnut Wood
forestry:logs.3:2, Greenheart Wood
forestry:logs.3:3, Cherry Wood
forestry:logs.4:0, Mahoe Wood
forestry:logs.4:1, Poplar Wood
forestry:logs.4:2, Palm Wood
forestry:logs.4:3, Papaya Wood
forestry:logs.5:0, Pine Wood
forestry:logs.5:1, Plum Wood
forestry:logs.5:2, Maple Wood
forestry:logs.5:3, Citrus Wood
forestry:logs.6:0, Giant Sequoia Wood
forestry:logs.6:1, Ipe Wood
forestry:logs.6:2, Padauk Wood
forestry:logs.6:3, Cocobolo Wood
forestry:logs.7:0, Zebrawood Wood
forestry:logs.fireproof.0:0, Larch Wood (Fireproof)
forestry:logs.fireproof.0:1, Teak Wood (Fireproof)
forestry:logs.fireproof.0:2, Desert Acacia Wood (Fireproof)
forestry:logs.fireproof.0:3, Lime Wood (Fireproof)
forestry:logs.fireproof.1:0, Chestnut Wood (Fireproof)
forestry:logs.fireproof.1:1, Wenge Wood (Fireproof)
forestry:logs.fireproof.1:2, Baobab Wood (Fireproof)
forestry:logs.fireproof.1:3, Sequoia Wood (Fireproof)
forestry:logs.fireproof.2:0, Kapok Wood (Fireproof)
forestry:logs.fireproof.2:1, Ebony Wood (Fireproof)
forestry:logs.fireproof.2:2, Mahogany Wood (Fireproof)
forestry:logs.fireproof.2:3, Balsa Wood (Fireproof)
forestry:logs.fireproof.3:0, Willow Wood (Fireproof)
forestry:logs.fireproof.3:1, Walnut Wood (Fireproof)
forestry:logs.fireproof.3:2, Greenheart Wood (Fireproof)
forestry:logs.fireproof.3:3, Cherry Wood (Fireproof)
forestry:logs.fireproof.4:0, Mahoe Wood (Fireproof)
forestry:logs.fireproof.4:1, Poplar Wood (Fireproof)
forestry:logs.fireproof.4:2, Palm Wood (Fireproof)
forestry:logs.fireproof.4:3, Papaya Wood (Fireproof)
forestry:logs.fireproof.5:0, Pine Wood (Fireproof)
forestry:logs.fireproof.5:1, Plum Wood (Fireproof)
forestry:logs.fireproof.5:2, Maple Wood (Fireproof)
forestry:logs.fireproof.5:3, Citrus Wood (Fireproof)
forestry:logs.fireproof.6:0, Giant Sequoia Wood (Fireproof)
forestry:logs.fireproof.6:1, Ipe Wood (Fireproof)
forestry:logs.fireproof.6:2, Padauk Wood (Fireproof)
forestry:logs.fireproof.6:3, Cocobolo Wood (Fireproof)
forestry:logs.fireproof.7:0, Zebrawood Wood (Fireproof)
forestry:logs.vanilla.fireproof.0:0, Oak Wood (Fireproof)
forestry:logs.vanilla.fireproof.0:1, Spruce Wood (Fireproof)
forestry:logs.vanilla.fireproof.0:2, Birch Wood (Fireproof)
forestry:logs.vanilla.fireproof.0:3, Jungle Wood (Fireproof)
forestry:logs.vanilla.fireproof.1:0, Acacia Wood (Fireproof)
forestry:logs.vanilla.fireproof.1:1, Dark Oak Wood (Fireproof)
forestry:planks.0:0, Larch Wood Planks
forestry:planks.0:1, Teak Wood Planks
forestry:planks.0:2, Desert Acacia Wood Planks
forestry:planks.0:3, Lime Wood Planks
forestry:planks.0:4, Chestnut Wood Planks
forestry:planks.0:5, Wenge Wood Planks
forestry:planks.0:6, Baobab Wood Planks
forestry:planks.0:7, Sequoia Wood Planks
forestry:planks.0:8, Kapok Wood Planks
forestry:planks.0:9, Ebony Wood Planks
forestry:planks.0:10, Mahogany Wood Planks
forestry:planks.0:11, Balsa Wood Planks
forestry:planks.0:12, Willow Wood Planks
forestry:planks.0:13, Walnut Wood Planks
forestry:planks.0:14, Greenheart Wood Planks
forestry:planks.0:15, Cherry Wood Planks
forestry:planks.1:0, Mahoe Wood Planks
forestry:planks.1:1, Poplar Wood Planks
forestry:planks.1:2, Palm Wood Planks
forestry:planks.1:3, Papaya Wood Planks
forestry:planks.1:4, Pine Wood Planks
forestry:planks.1:5, Plum Wood Planks
forestry:planks.1:6, Maple Wood Planks
forestry:planks.1:7, Citrus Wood Planks
forestry:planks.1:8, Giant Sequoia Wood Planks
forestry:planks.1:9, Ipe Wood Planks
forestry:planks.1:10, Padauk Wood Planks
forestry:planks.1:11, Cocobolo Wood Planks
forestry:planks.1:12, Zebrawood Wood Planks
forestry:planks.fireproof.0:0, Larch Wood Planks (Fireproof)
forestry:planks.fireproof.0:1, Teak Wood Planks (Fireproof)
forestry:planks.fireproof.0:2, Desert Acacia Wood Planks (Fireproof)
forestry:planks.fireproof.0:3, Lime Wood Planks (Fireproof)
forestry:planks.fireproof.0:4, Chestnut Wood Planks (Fireproof)
forestry:planks.fireproof.0:5, Wenge Wood Planks (Fireproof)
forestry:planks.fireproof.0:6, Baobab Wood Planks (Fireproof)
forestry:planks.fireproof.0:7, Sequoia Wood Planks (Fireproof)
forestry:planks.fireproof.0:8, Kapok Wood Planks (Fireproof)
forestry:planks.fireproof.0:9, Ebony Wood Planks (Fireproof)
forestry:planks.fireproof.0:10, Mahogany Wood Planks (Fireproof)
forestry:planks.fireproof.0:11, Balsa Wood Planks (Fireproof)
forestry:planks.fireproof.0:12, Willow Wood Planks (Fireproof)
forestry:planks.fireproof.0:13, Walnut Wood Planks (Fireproof)
forestry:planks.fireproof.0:14, Greenheart Wood Planks (Fireproof)
forestry:planks.fireproof.0:15, Cherry Wood Planks (Fireproof)
forestry:planks.fireproof.1:0, Mahoe Wood Planks (Fireproof)
forestry:planks.fireproof.1:1, Poplar Wood Planks (Fireproof)
forestry:planks.fireproof.1:2, Palm Wood Planks (Fireproof)
forestry:planks.fireproof.1:3, Papaya Wood Planks (Fireproof)
forestry:planks.fireproof.1:4, Pine Wood Planks (Fireproof)
forestry:planks.fireproof.1:5, Plum Wood Planks (Fireproof)
forestry:planks.fireproof.1:6, Maple Wood Planks (Fireproof)
forestry:planks.fireproof.1:7, Citrus Wood Planks (Fireproof)
forestry:planks.fireproof.1:8, Giant Sequoia Wood Planks (Fireproof)
forestry:planks.fireproof.1:9, Ipe Wood Planks (Fireproof)
forestry:planks.fireproof.1:10, Padauk Wood Planks (Fireproof)
forestry:planks.fireproof.1:11, Cocobolo Wood Planks (Fireproof)
forestry:planks.fireproof.1:12, Zebrawood Wood Planks (Fireproof)
forestry:planks.vanilla.fireproof.0:0, Oak Wood Planks (Fireproof)
forestry:planks.vanilla.fireproof.0:1, Spruce Wood Planks (Fireproof)
forestry:planks.vanilla.fireproof.0:2, Birch Wood Planks (Fireproof)
forestry:planks.vanilla.fireproof.0:3, Jungle Wood Planks (Fireproof)
forestry:planks.vanilla.fireproof.0:4, Acacia Wood Planks (Fireproof)
forestry:planks.vanilla.fireproof.0:5, Dark Oak Wood Planks (Fireproof)
forestry:slabs.0:0, Larch Wood Slab
forestry:slabs.0:1, Teak Wood Slab
forestry:slabs.0:2, Desert Acacia Wood Slab
forestry:slabs.0:3, Lime Wood Slab
forestry:slabs.0:4, Chestnut Wood Slab
forestry:slabs.0:5, Wenge Wood Slab
forestry:slabs.0:6, Baobab Wood Slab
forestry:slabs.0:7, Sequoia Wood Slab
forestry:slabs.1:0, Kapok Wood Slab
forestry:slabs.1:1, Ebony Wood Slab
forestry:slabs.1:2, Mahogany Wood Slab
forestry:slabs.1:3, Balsa Wood Slab
forestry:slabs.1:4, Willow Wood Slab
forestry:slabs.1:5, Walnut Wood Slab
forestry:slabs.1:6, Greenheart Wood Slab
forestry:slabs.1:7, Cherry Wood Slab
forestry:slabs.2:0, Mahoe Wood Slab
forestry:slabs.2:1, Poplar Wood Slab
forestry:slabs.2:2, Palm Wood Slab
forestry:slabs.2:3, Papaya Wood Slab
forestry:slabs.2:4, Pine Wood Slab
forestry:slabs.2:5, Plum Wood Slab
forestry:slabs.2:6, Maple Wood Slab
forestry:slabs.2:7, Citrus Wood Slab
forestry:slabs.3:0, Giant Sequoia Wood Slab
forestry:slabs.3:1, Ipe Wood Slab
forestry:slabs.3:2, Padauk Wood Slab
forestry:slabs.3:3, Cocobolo Wood Slab
forestry:slabs.3:4, Zebrawood Wood Slab
forestry:slabs.fireproof.0:0, Larch Wood Slab (Fireproof)
forestry:slabs.fireproof.0:1, Teak Wood Slab (Fireproof)
forestry:slabs.fireproof.0:2, Desert Acacia Wood Slab (Fireproof)
forestry:slabs.fireproof.0:3, Lime Wood Slab (Fireproof)
forestry:slabs.fireproof.0:4, Chestnut Wood Slab (Fireproof)
forestry:slabs.fireproof.0:5, Wenge Wood Slab (Fireproof)
forestry:slabs.fireproof.0:6, Baobab Wood Slab (Fireproof)
forestry:slabs.fireproof.0:7, Sequoia Wood Slab (Fireproof)
forestry:slabs.fireproof.1:0, Kapok Wood Slab (Fireproof)
forestry:slabs.fireproof.1:1, Ebony Wood Slab (Fireproof)
forestry:slabs.fireproof.1:2, Mahogany Wood Slab (Fireproof)
forestry:slabs.fireproof.1:3, Balsa Wood Slab (Fireproof)
forestry:slabs.fireproof.1:4, Willow Wood Slab (Fireproof)
forestry:slabs.fireproof.1:5, Walnut Wood Slab (Fireproof)
forestry:slabs.fireproof.1:6, Greenheart Wood Slab (Fireproof)
forestry:slabs.fireproof.1:7, Cherry Wood Slab (Fireproof)
forestry:slabs.fireproof.2:0, Mahoe Wood Slab (Fireproof)
forestry:slabs.fireproof.2:1, Poplar Wood Slab (Fireproof)
forestry:slabs.fireproof.2:2, Palm Wood Slab (Fireproof)
forestry:slabs.fireproof.2:3, Papaya Wood Slab (Fireproof)
forestry:slabs.fireproof.2:4, Pine Wood Slab (Fireproof)
forestry:slabs.fireproof.2:5, Plum Wood Slab (Fireproof)
forestry:slabs.fireproof.2:6, Maple Wood Slab (Fireproof)
forestry:slabs.fireproof.2:7, Citrus Wood Slab (Fireproof)
forestry:slabs.fireproof.3:0, Giant Sequoia Wood Slab (Fireproof)
forestry:slabs.fireproof.3:1, Ipe Wood Slab (Fireproof)
forestry:slabs.fireproof.3:2, Padauk Wood Slab (Fireproof)
forestry:slabs.fireproof.3:3, Cocobolo Wood Slab (Fireproof)
forestry:slabs.fireproof.3:4, Zebrawood Wood Slab (Fireproof)
forestry:slabs.vanilla.fireproof.0:0, Oak Wood Slab (Fireproof)
forestry:slabs.vanilla.fireproof.0:1, Spruce Wood Slab (Fireproof)
forestry:slabs.vanilla.fireproof.0:2, Birch Wood Slab (Fireproof)
forestry:slabs.vanilla.fireproof.0:3, Jungle Wood Slab (Fireproof)
forestry:slabs.vanilla.fireproof.0:4, Acacia Wood Slab (Fireproof)
forestry:slabs.vanilla.fireproof.0:5, Dark Oak Wood Slab (Fireproof)
forestry:fences.0:0, Larch Fence
forestry:fences.0:1, Teak Fence
forestry:fences.0:2, Desert Acacia Fence
forestry:fences.0:3, Lime Fence
forestry:fences.0:4, Chestnut Fence
forestry:fences.0:5, Wenge Fence
forestry:fences.0:6, Baobab Fence
forestry:fences.0:7, Sequoia Fence
forestry:fences.0:8, Kapok Fence
forestry:fences.0:9, Ebony Fence
forestry:fences.0:10, Mahogany Fence
forestry:fences.0:11, Balsa Fence
forestry:fences.0:12, Willow Fence
forestry:fences.0:13, Walnut Fence
forestry:fences.0:14, Greenheart Fence
forestry:fences.0:15, Cherry Fence
forestry:fences.1:0, Mahoe Fence
forestry:fences.1:1, Poplar Fence
forestry:fences.1:2, Palm Fence
forestry:fences.1:3, Papaya Fence
forestry:fences.1:4, Pine Fence
forestry:fences.1:5, Plum Fence
forestry:fences.1:6, Maple Fence
forestry:fences.1:7, Citrus Fence
forestry:fences.1:8, Giant Sequoia Fence
forestry:fences.1:9, Ipe Fence
forestry:fences.1:10, Padauk Fence
forestry:fences.1:11, Cocobolo Fence
forestry:fences.1:12, Zebrawood Fence
forestry:fences.fireproof.0:0, Larch Fence (Fireproof)
forestry:fences.fireproof.0:1, Teak Fence (Fireproof)
forestry:fences.fireproof.0:2, Desert Acacia Fence (Fireproof)
forestry:fences.fireproof.0:3, Lime Fence (Fireproof)
forestry:fences.fireproof.0:4, Chestnut Fence (Fireproof)
forestry:fences.fireproof.0:5, Wenge Fence (Fireproof)
forestry:fences.fireproof.0:6, Baobab Fence (Fireproof)
forestry:fences.fireproof.0:7, Sequoia Fence (Fireproof)
forestry:fences.fireproof.0:8, Kapok Fence (Fireproof)
forestry:fences.fireproof.0:9, Ebony Fence (Fireproof)
forestry:fences.fireproof.0:10, Mahogany Fence (Fireproof)
forestry:fences.fireproof.0:11, Balsa Fence (Fireproof)
forestry:fences.fireproof.0:12, Willow Fence (Fireproof)
forestry:fences.fireproof.0:13, Walnut Fence (Fireproof)
forestry:fences.fireproof.0:14, Greenheart Fence (Fireproof)
forestry:fences.fireproof.0:15, Cherry Fence (Fireproof)
forestry:fences.fireproof.1:0, Mahoe Fence (Fireproof)
forestry:fences.fireproof.1:1, Poplar Fence (Fireproof)
forestry:fences.fireproof.1:2, Palm Fence (Fireproof)
forestry:fences.fireproof.1:3, Papaya Fence (Fireproof)
forestry:fences.fireproof.1:4, Pine Fence (Fireproof)
forestry:fences.fireproof.1:5, Plum Fence (Fireproof)
forestry:fences.fireproof.1:6, Maple Fence (Fireproof)
forestry:fences.fireproof.1:7, Citrus Fence (Fireproof)
forestry:fences.fireproof.1:8, Giant Sequoia Fence (Fireproof)
forestry:fences.fireproof.1:9, Ipe Fence (Fireproof)
forestry:fences.fireproof.1:10, Padauk Fence (Fireproof)
forestry:fences.fireproof.1:11, Cocobolo Fence (Fireproof)
forestry:fences.fireproof.1:12, Zebrawood Fence (Fireproof)
forestry:fences.vanilla.fireproof.0:0, Oak Fence (Fireproof)
forestry:fences.vanilla.fireproof.0:1, Spruce Fence (Fireproof)
forestry:fences.vanilla.fireproof.0:2, Birch Fence (Fireproof)
forestry:fences.vanilla.fireproof.0:3, Jungle Fence (Fireproof)
forestry:fences.vanilla.fireproof.0:4, Acacia Fence (Fireproof)
forestry:fences.vanilla.fireproof.0:5, Dark Oak Fence (Fireproof)
forestry:fence.gates.larch:0, Larch Fence Gate
forestry:fence.gates.fireproof.larch:0, Larch Fence Gate (Fireproof)
forestry:fence.gates.teak:0, Teak Fence Gate
forestry:fence.gates.fireproof.teak:0, Teak Fence Gate (Fireproof)
forestry:fence.gates.acacia:0, Desert Acacia Fence Gate
forestry:fence.gates.fireproof.acacia:0, Desert Acacia Fence Gate (Fireproof)
forestry:fence.gates.lime:0, Lime Fence Gate
forestry:fence.gates.fireproof.lime:0, Lime Fence Gate (Fireproof)
forestry:fence.gates.chestnut:0, Chestnut Fence Gate
forestry:fence.gates.fireproof.chestnut:0, Chestnut Fence Gate (Fireproof)
forestry:fence.gates.wenge:0, Wenge Fence Gate
forestry:fence.gates.fireproof.wenge:0, Wenge Fence Gate (Fireproof)
forestry:fence.gates.baobab:0, Baobab Fence Gate
forestry:fence.gates.fireproof.baobab:0, Baobab Fence Gate (Fireproof)
forestry:fence.gates.sequoia:0, Sequoia Fence Gate
forestry:fence.gates.fireproof.sequoia:0, Sequoia Fence Gate (Fireproof)
forestry:fence.gates.kapok:0, Kapok Fence Gate
forestry:fence.gates.fireproof.kapok:0, Kapok Fence Gate (Fireproof)
forestry:fence.gates.ebony:0, Ebony Fence Gate
forestry:fence.gates.fireproof.ebony:0, Ebony Fence Gate (Fireproof)
forestry:fence.gates.mahogany:0, Mahogany Fence Gate
forestry:fence.gates.fireproof.mahogany:0, Mahogany Fence Gate (Fireproof)
forestry:fence.gates.balsa:0, Balsa Fence Gate
forestry:fence.gates.fireproof.balsa:0, Balsa Fence Gate (Fireproof)
forestry:fence.gates.willow:0, Willow Fence Gate
forestry:fence.gates.fireproof.willow:0, Willow Fence Gate (Fireproof)
forestry:fence.gates.walnut:0, Walnut Fence Gate
forestry:fence.gates.fireproof.walnut:0, Walnut Fence Gate (Fireproof)
forestry:fence.gates.greenheart:0, Greenheart Fence Gate
forestry:fence.gates.fireproof.greenheart:0, Greenheart Fence Gate (Fireproof)
forestry:fence.gates.cherry:0, Cherry Fence Gate
forestry:fence.gates.fireproof.cherry:0, Cherry Fence Gate (Fireproof)
forestry:fence.gates.mahoe:0, Mahoe Fence Gate
forestry:fence.gates.fireproof.mahoe:0, Mahoe Fence Gate (Fireproof)
forestry:fence.gates.poplar:0, Poplar Fence Gate
forestry:fence.gates.fireproof.poplar:0, Poplar Fence Gate (Fireproof)
forestry:fence.gates.palm:0, Palm Fence Gate
forestry:fence.gates.fireproof.palm:0, Palm Fence Gate (Fireproof)
forestry:fence.gates.papaya:0, Papaya Fence Gate
forestry:fence.gates.fireproof.papaya:0, Papaya Fence Gate (Fireproof)
forestry:fence.gates.pine:0, Pine Fence Gate
forestry:fence.gates.fireproof.pine:0, Pine Fence Gate (Fireproof)
forestry:fence.gates.plum:0, Plum Fence Gate
forestry:fence.gates.fireproof.plum:0, Plum Fence Gate (Fireproof)
forestry:fence.gates.maple:0, Maple Fence Gate
forestry:fence.gates.fireproof.maple:0, Maple Fence Gate (Fireproof)
forestry:fence.gates.citrus:0, Citrus Fence Gate
forestry:fence.gates.fireproof.citrus:0, Citrus Fence Gate (Fireproof)
forestry:fence.gates.giganteum:0, Giant Sequoia Fence Gate
forestry:fence.gates.fireproof.giganteum:0, Giant Sequoia Fence Gate (Fireproof)
forestry:fence.gates.ipe:0, Ipe Fence Gate
forestry:fence.gates.fireproof.ipe:0, Ipe Fence Gate (Fireproof)
forestry:fence.gates.padauk:0, Padauk Fence Gate
forestry:fence.gates.fireproof.padauk:0, Padauk Fence Gate (Fireproof)
forestry:fence.gates.cocobolo:0, Cocobolo Fence Gate
forestry:fence.gates.fireproof.cocobolo:0, Cocobolo Fence Gate (Fireproof)
forestry:fence.gates.zebrawood:0, Zebrawood Fence Gate
forestry:fence.gates.fireproof.zebrawood:0, Zebrawood Fence Gate (Fireproof)
forestry:fence.gates.vanilla.fireproof.oak:0, Oak Fence Gate (Fireproof)
forestry:fence.gates.vanilla.fireproof.spruce:0, Spruce Fence Gate (Fireproof)
forestry:fence.gates.vanilla.fireproof.birch:0, Birch Fence Gate (Fireproof)
forestry:fence.gates.vanilla.fireproof.jungle:0, Jungle Fence Gate (Fireproof)
forestry:fence.gates.vanilla.fireproof.acacia:0, Acacia Fence Gate (Fireproof)
forestry:fence.gates.vanilla.fireproof.dark_oak:0, Dark Oak Fence Gate (Fireproof)
forestry:stairs.larch:0, Larch Stairs
forestry:stairs.teak:0, Teak Stairs
forestry:stairs.acacia:0, Desert Acacia Stairs
forestry:stairs.lime:0, Lime Stairs
forestry:stairs.chestnut:0, Chestnut Stairs
forestry:stairs.wenge:0, Wenge Stairs
forestry:stairs.baobab:0, Baobab Stairs
forestry:stairs.sequoia:0, Sequoia Stairs
forestry:stairs.kapok:0, Kapok Stairs
forestry:stairs.ebony:0, Ebony Stairs
forestry:stairs.mahogany:0, Mahogany Stairs
forestry:stairs.balsa:0, Balsa Stairs
forestry:stairs.willow:0, Willow Stairs
forestry:stairs.walnut:0, Walnut Stairs
forestry:stairs.greenheart:0, Greenheart Stairs
forestry:stairs.cherry:0, Cherry Stairs
forestry:stairs.mahoe:0, Mahoe Stairs
forestry:stairs.poplar:0, Poplar Stairs
forestry:stairs.palm:0, Palm Stairs
forestry:stairs.papaya:0, Papaya Stairs
forestry:stairs.pine:0, Pine Stairs
forestry:stairs.plum:0, Plum Stairs
forestry:stairs.maple:0, Maple Stairs
forestry:stairs.citrus:0, Citrus Stairs
forestry:stairs.giganteum:0, Giant Sequoia Stairs
forestry:stairs.ipe:0, Ipe Stairs
forestry:stairs.padauk:0, Padauk Stairs
forestry:stairs.cocobolo:0, Cocobolo Stairs
forestry:stairs.zebrawood:0, Zebrawood Stairs
forestry:stairs.fireproof.larch:0, Larch Stairs (Fireproof)
forestry:stairs.fireproof.teak:0, Teak Stairs (Fireproof)
forestry:stairs.fireproof.acacia:0, Desert Acacia Stairs (Fireproof)
forestry:stairs.fireproof.lime:0, Lime Stairs (Fireproof)
forestry:stairs.fireproof.chestnut:0, Chestnut Stairs (Fireproof)
forestry:stairs.fireproof.wenge:0, Wenge Stairs (Fireproof)
forestry:stairs.fireproof.baobab:0, Baobab Stairs (Fireproof)
forestry:stairs.fireproof.sequoia:0, Sequoia Stairs (Fireproof)
forestry:stairs.fireproof.kapok:0, Kapok Stairs (Fireproof)
forestry:stairs.fireproof.ebony:0, Ebony Stairs (Fireproof)
forestry:stairs.fireproof.mahogany:0, Mahogany Stairs (Fireproof)
forestry:stairs.fireproof.balsa:0, Balsa Stairs (Fireproof)
forestry:stairs.fireproof.willow:0, Willow Stairs (Fireproof)
forestry:stairs.fireproof.walnut:0, Walnut Stairs (Fireproof)
forestry:stairs.fireproof.greenheart:0, Greenheart Stairs (Fireproof)
forestry:stairs.fireproof.cherry:0, Cherry Stairs (Fireproof)
forestry:stairs.fireproof.mahoe:0, Mahoe Stairs (Fireproof)
forestry:stairs.fireproof.poplar:0, Poplar Stairs (Fireproof)
forestry:stairs.fireproof.palm:0, Palm Stairs (Fireproof)
forestry:stairs.fireproof.papaya:0, Papaya Stairs (Fireproof)
forestry:stairs.fireproof.pine:0, Pine Stairs (Fireproof)
forestry:stairs.fireproof.plum:0, Plum Stairs (Fireproof)
forestry:stairs.fireproof.maple:0, Maple Stairs (Fireproof)
forestry:stairs.fireproof.citrus:0, Citrus Stairs (Fireproof)
forestry:stairs.fireproof.giganteum:0, Giant Sequoia Stairs (Fireproof)
forestry:stairs.fireproof.ipe:0, Ipe Stairs (Fireproof)
forestry:stairs.fireproof.padauk:0, Padauk Stairs (Fireproof)
forestry:stairs.fireproof.cocobolo:0, Cocobolo Stairs (Fireproof)
forestry:stairs.fireproof.zebrawood:0, Zebrawood Stairs (Fireproof)
forestry:stairs.vanilla.fireproof.oak:0, Oak Wood Stairs (Fireproof)
forestry:stairs.vanilla.fireproof.spruce:0, Spruce Wood Stairs (Fireproof)
forestry:stairs.vanilla.fireproof.birch:0, Birch Wood Stairs (Fireproof)
forestry:stairs.vanilla.fireproof.jungle:0, Jungle Wood Stairs (Fireproof)
forestry:stairs.vanilla.fireproof.acacia:0, Acacia Wood Stairs (Fireproof)
forestry:stairs.vanilla.fireproof.dark_oak:0, Dark Oak Wood Stairs (Fireproof)
forestry:doors.larch:0, Larch Door
forestry:doors.teak:0, Teak Door
forestry:doors.acacia:0, Desert Acacia Door
forestry:doors.lime:0, Lime Door
forestry:doors.chestnut:0, Chestnut Door
forestry:doors.wenge:0, Wenge Door
forestry:doors.baobab:0, Baobab Door
forestry:doors.sequoia:0, Sequoia Door
forestry:doors.kapok:0, Kapok Door
forestry:doors.ebony:0, Ebony Door
forestry:doors.mahogany:0, Mahogany Door
forestry:doors.balsa:0, Balsa Door
forestry:doors.willow:0, Willow Door
forestry:doors.walnut:0, Walnut Door
forestry:doors.greenheart:0, Greenheart Door
forestry:doors.cherry:0, Cherry Door
forestry:doors.mahoe:0, Mahoe Door
forestry:doors.poplar:0, Poplar Door
forestry:doors.palm:0, Palm Door
forestry:doors.papaya:0, Papaya Door
forestry:doors.pine:0, Pine Door
forestry:doors.plum:0, Plum Door
forestry:doors.maple:0, Maple Door
forestry:doors.citrus:0, Citrus Door
forestry:doors.giganteum:0, Giant Sequoia Door
forestry:doors.ipe:0, Ipe Door
forestry:doors.padauk:0, Padauk Door
forestry:doors.cocobolo:0, Cocobolo Door
forestry:doors.zebrawood:0, Zebrawood Door
forestry:sapling_ge:0, tile.for.sapling_ge.name
forestry:leaves.decorative.0:0, Apple Oak Leaves
forestry:leaves.decorative.0:1, Dark Oak Leaves
forestry:leaves.decorative.0:2, Silver Birch Leaves
forestry:leaves.decorative.0:3, Silver Lime Leaves
forestry:leaves.decorative.0:4, Common Walnut Leaves
forestry:leaves.decorative.0:5, Sweet Chestnut Leaves
forestry:leaves.decorative.0:6, Hill Cherry Leaves
forestry:leaves.decorative.0:7, Lemon Leaves
forestry:leaves.decorative.0:8, Plum Leaves
forestry:leaves.decorative.0:9, Sugar Maple Leaves
forestry:leaves.decorative.0:10, Red Spruce Leaves
forestry:leaves.decorative.0:11, Mundane Larch Leaves
forestry:leaves.decorative.0:12, Bull Pine Leaves
forestry:leaves.decorative.0:13, Coast Sequoia Leaves
forestry:leaves.decorative.0:14, Giant Sequoia Leaves
forestry:leaves.decorative.0:15, Jungle Leaves
forestry:leaves.decorative.1:0, Teak Leaves
forestry:leaves.decorative.1:1, Ipe Leaves
forestry:leaves.decorative.1:2, Kapok Leaves
forestry:leaves.decorative.1:3, Myrtle Ebony Leaves
forestry:leaves.decorative.1:4, Zebrawood Leaves
forestry:leaves.decorative.1:5, Yellow Meranti Leaves
forestry:leaves.decorative.1:6, Acacia Leaves
forestry:leaves.decorative.1:7, Desert Acacia Leaves
forestry:leaves.decorative.1:8, Padauk Leaves
forestry:leaves.decorative.1:9, Balsa Leaves
forestry:leaves.decorative.1:10, Cocobolo Leaves
forestry:leaves.decorative.1:11, Wenge Leaves
forestry:leaves.decorative.1:12, Grandidier's Baobab Leaves
forestry:leaves.decorative.1:13, Blue Mahoe Leaves
forestry:leaves.decorative.1:14, White Willow Leaves
forestry:leaves.decorative.1:15, Sipiri Leaves
forestry:leaves.decorative.2:0, Papaya Leaves
forestry:leaves.decorative.2:1, Date Palm Leaves
forestry:leaves.decorative.2:2, White Poplar Leaves
forestry:tree_chest:0, Arborist's Chest
forestry:honeyed_slice, Honeyed Slice
forestry:ambrosia, Ambrosia
forestry:honey_pot, Honey Pot
forestry:crate, Crate
forestry:database:0, Database
forestry:mushroom:0, tile.for.mushroom.name
forestry:mushroom:1, tile.for.mushroom.name
forestry:ffarm:0, Farm Block
forestry:ffarm:0, Farm Block
forestry:ffarm:0, Farm Block
forestry:ffarm:0, Farm Block
forestry:ffarm:0, Farm Block
forestry:ffarm:0, Farm Block
forestry:ffarm:0, Farm Block
forestry:ffarm:0, Farm Block
forestry:ffarm:0, Farm Block
forestry:ffarm:0, Farm Block
forestry:ffarm:0, Farm Block
forestry:ffarm:2, Farm Gearbox
forestry:ffarm:2, Farm Gearbox
forestry:ffarm:2, Farm Gearbox
forestry:ffarm:2, Farm Gearbox
forestry:ffarm:2, Farm Gearbox
forestry:ffarm:2, Farm Gearbox
forestry:ffarm:2, Farm Gearbox
forestry:ffarm:2, Farm Gearbox
forestry:ffarm:2, Farm Gearbox
forestry:ffarm:2, Farm Gearbox
forestry:ffarm:2, Farm Gearbox
forestry:ffarm:3, Farm Hatch
forestry:ffarm:3, Farm Hatch
forestry:ffarm:3, Farm Hatch
forestry:ffarm:3, Farm Hatch
forestry:ffarm:3, Farm Hatch
forestry:ffarm:3, Farm Hatch
forestry:ffarm:3, Farm Hatch
forestry:ffarm:3, Farm Hatch
forestry:ffarm:3, Farm Hatch
forestry:ffarm:3, Farm Hatch
forestry:ffarm:3, Farm Hatch
forestry:ffarm:4, Farm Valve
forestry:ffarm:4, Farm Valve
forestry:ffarm:4, Farm Valve
forestry:ffarm:4, Farm Valve
forestry:ffarm:4, Farm Valve
forestry:ffarm:4, Farm Valve
forestry:ffarm:4, Farm Valve
forestry:ffarm:4, Farm Valve
forestry:ffarm:4, Farm Valve
forestry:ffarm:4, Farm Valve
forestry:ffarm:4, Farm Valve
forestry:ffarm:5, Farm Control
forestry:ffarm:5, Farm Control
forestry:ffarm:5, Farm Control
forestry:ffarm:5, Farm Control
forestry:ffarm:5, Farm Control
forestry:ffarm:5, Farm Control
forestry:ffarm:5, Farm Control
forestry:ffarm:5, Farm Control
forestry:ffarm:5, Farm Control
forestry:ffarm:5, Farm Control
forestry:ffarm:5, Farm Control
forestry:habitat_former:0, Habitat Former
forestry:habitat_screen, Habitat Screen
forestry:genetic_filter:0, Genetic Filter
forestry:habitat_locator, Habitat Locator
forestry:imprinter, Imprinter
forestry:cart.beehouse:0, Minecart with Bee House
forestry:cart.beehouse:1, Minecart with Apiary
forestry:frame_untreated, Untreated Frame
forestry:frame_impregnated, Impregnated Frame
forestry:frame_proven, Proven Frame
forestry:honey_drop:0, Honey Drop
forestry:pollen:0, Pollen Cluster
forestry:pollen:1, Crystalline Pollen Cluster
forestry:propolis:0, Propolis
forestry:propolis:1, Sticky Propolis
forestry:propolis:3, Silky Propolis
forestry:honeydew, Honeydew
forestry:royal_jelly, Royal Jelly
forestry:wax_cast, Wax Cast
forestry:bee_combs:0, Honey Comb
forestry:bee_combs:2, Simmering Comb
forestry:bee_combs:3, Stringy Comb
forestry:bee_combs:4, Frozen Comb
forestry:bee_combs:5, Dripping Comb
forestry:bee_combs:6, Silky Comb
forestry:bee_combs:7, Parched Comb
forestry:bee_combs:15, Mossy Comb
forestry:bee_combs:16, Mellow Comb
forestry:apiarist_helmet, Apiarist's Hat
forestry:apiarist_chest, Apiarist's Shirt
forestry:apiarist_legs, Apiarist's Pants
forestry:apiarist_boots, Apiarist's Shoes
forestry:scoop, Scoop
forestry:smoker, Bee Smoker
forestry:apiary:0, Apiary
forestry:bee_house:0, Bee House
forestry:bee_chest:0, Apiarist's Chest
forestry:beehives:0, Forest Hive
forestry:beehives:1, Meadows Hive
forestry:beehives:2, Modest Hive
forestry:beehives:3, Tropical Hive
forestry:beehives:4, Ender Hive
forestry:beehives:5, Wintry Hive
forestry:beehives:6, Marshy Hive
forestry:candle:0, Unlit Candle
forestry:stump:0, Candle Stump
forestry:bee_combs_0:0, Honey Comb Block
forestry:bee_combs_0:2, Simmering Comb Block
forestry:bee_combs_0:3, Stringy Comb Block
forestry:bee_combs_0:4, Frozen Comb Block
forestry:bee_combs_0:5, Dripping Comb Block
forestry:bee_combs_0:6, Silky Comb Block
forestry:bee_combs_0:7, Parched Comb Block
forestry:bee_combs_0:15, Mossy Comb Block
forestry:bee_combs_1:0, Mellow Comb Block
forestry:alveary.plain:0, Alveary
forestry:alveary.swarmer:0, Alveary Swarmer
forestry:alveary.fan:0, Alveary Fan
forestry:alveary.heater:0, Alveary Heater
forestry:alveary.hygro:0, Alveary Hygroregulator
forestry:alveary.stabiliser:0, Alveary Stabiliser
forestry:alveary.sieve:0, Alveary Sieve
forestry:apiarist_bag, Apiarist's Backpack
forestry:lepidopterist_bag, Lepidopterist's Backpack
forestry:miner_bag, Mining Backpack
forestry:miner_bag_t2, Woven Mining Backpack
forestry:digger_bag, Digging Backpack
forestry:digger_bag_t2, Woven Digging Backpack
forestry:forester_bag, Foresting Backpack
forestry:forester_bag_t2, Woven Foresting Backpack
forestry:hunter_bag, Hunting Backpack
forestry:hunter_bag_t2, Woven Hunting Backpack
forestry:adventurer_bag, Adventuring Backpack
forestry:adventurer_bag_t2, Woven Adventuring Backpack
forestry:builder_bag, Building Backpack
forestry:builder_bag_t2, Woven Building Backpack
forestry:butterfly_chest:0, Lepidopterist's Chest
forestry:cocoon:0, tile.for.cocoon.name
forestry:cocoon.solid:0, tile.for.cocoon.solid.name
forestry:engine_peat:0, Peat-fired Engine
forestry:engine_biogas:0, Biogas Engine
forestry:engine_clockwork:0, Clockwork Engine
forestry:arboretum:0, Arboretum (Managed)
forestry:arboretum:1, Arboretum (Manual)
forestry:farm_crops:0, Farm (Managed)
forestry:farm_crops:1, Farm (Manual)
forestry:farm_mushroom:0, Mushroom Farm (Managed)
forestry:farm_mushroom:1, Mushroom Farm (Manual)
forestry:farm_gourd:0, Gourd Farm (Managed)
forestry:farm_gourd:1, Gourd Farm (Manual)
forestry:farm_nether:0, Infernal Farm (Managed)
forestry:farm_nether:1, Infernal Farm (Manual)
forestry:farm_ender:0, Ender Farm (Managed)
forestry:farm_ender:1, Ender Farm (Manual)
forestry:peat_bog:0, Peat Bog (Managed)
forestry:peat_bog:1, Peat Bog (Manual)
forestry:greenhouse:0, Greenhouse Block
forestry:greenhouse:3, Greenhouse Energy Distributor
forestry:greenhouse:4, Greenhouse Control
forestry:greenhouse:5, Greenhouse Screen
forestry:climatiser:0, Greenhouse Hygroregulator
forestry:climatiser:1, Greenhouse Heater
forestry:climatiser:2, Greenhouse Fan
forestry:climatiser:3, Greenhouse Humidifier
forestry:climatiser:4, Greenhouse Dehumidifier
forestry:greenhouse.window:0, Greenhouse Window
forestry:greenhouse.window_up:0, Greenhouse Roof Window
forestry:charcoal:0, Block of Charcoal
forestry:wood_pile:0, Wood Pile
forestry:wood_pile_decorative:0, Decorative Wood Pile
forestry:ash_block_0:0, Ash Block
forestry:ash_block_1:0, Ash Block
forestry:ash_block_2:0, Ash Block
forestry:ash_block_3:0, Ash Block
forestry:loam:0, Loam
forestry:book_forester, Forester's Manual
railcraft:tool_crowbar_iron, Iron Crowbar
railcraft:tool_crowbar_steel, Steel Crowbar
railcraft:tool_axe_steel, Steel Axe
railcraft:tool_hoe_steel, Steel Hoe
railcraft:tool_pickaxe_steel, Steel Pickaxe
railcraft:tool_shears_steel, Steel Shears
railcraft:tool_shovel_steel, Steel Shovel
railcraft:tool_sword_steel, Steel Sword
railcraft:armor_helmet_steel, Steel Helmet
railcraft:armor_chestplate_steel, Steel Chestplate
railcraft:armor_leggings_steel, Steel Leggings
railcraft:armor_boots_steel, Steel Boots
railcraft:tool_magnifying_glass, Magnifying Glass
railcraft:armor_goggles, Trackman's Goggles
railcraft:armor_overalls, Engineer's Overalls
railcraft:tool_notepad, Trackman's Notepad
railcraft:rail:0, Standard Rail
railcraft:rail:1, Advanced Rail
railcraft:rail:2, Wooden Rail
railcraft:rail:3, H.S. Rail
railcraft:rail:4, Reinforced Rail
railcraft:rail:5, Electric Rail
railcraft:tie:0, Wooden Tie
railcraft:tie:1, Stone Tie
railcraft:rebar, Rebar
railcraft:cart_spawner:0, Spawner Cart
railcraft:creosote, Creosote
railcraft:steam, Steam
railcraft:detector:0, Cart Detector - Item
railcraft:detector:1, Cart Detector - Any
railcraft:detector:2, Cart Detector - Empty
railcraft:detector:3, Cart Detector - Mob
railcraft:detector:4, Cart Detector - Player
railcraft:detector:5, Cart Detector - Animal
railcraft:detector:6, Cart Detector - Tank
railcraft:detector:7, Cart Detector - Advanced
railcraft:detector:8, Cart Detector - Age
railcraft:detector:9, Cart Detector - Train
railcraft:detector:10, Cart Detector - Sheep
railcraft:detector:11, Cart Detector - Villager
railcraft:detector:12, Cart Detector - Locomotive
railcraft:detector:13, Cart Detector - Routing
railcraft:manipulator:0, Item Loader
railcraft:manipulator:1, Item Unloader
railcraft:manipulator:2, Adv. Item Loader
railcraft:manipulator:3, Adv. Item Unloader
railcraft:manipulator:4, Fluid Loader
railcraft:manipulator:5, Fluid Unloader
railcraft:manipulator:10, Redstone Flux Loader
railcraft:manipulator:11, Redstone Flux Unloader
railcraft:manipulator:8, Cart Dispenser
railcraft:manipulator:9, Train Dispenser
railcraft:equipment:0, Manual Rolling Machine
railcraft:equipment:1, Powered Rolling Machine
railcraft:equipment:2, Feed Station
railcraft:equipment:3, Smoker
railcraft:trade_station, Trade Station
railcraft:force_track_emitter, Force Track Emitter
railcraft:track_force, tile.railcraft.track.force.name
railcraft:filter_blank, Blank Filter
railcraft:filter_type, Item Type Filter
railcraft:filter_ore_dict, Ore Dictionary Filter
railcraft:bore:0, Tunnel Bore
railcraft:borehead_bronze, Bronze Bore Head
railcraft:borehead_iron, Iron Bore Head
railcraft:borehead_steel, Steel Bore Head
railcraft:borehead_diamond, Diamond Bore Head
railcraft:mow_track_layer:0, Track Layer Cart
railcraft:mow_track_relayer:0, Track Relayer Cart
railcraft:mow_track_remover:0, Track Remover Cart
railcraft:mow_undercutter:0, Undercutter Cart
railcraft:cart_trade_station:0, Trade Station Cart
railcraft:cart_work:0, Work Cart
railcraft:cart_jukebox:0, Jukebox Cart
railcraft:cart_bed:0, Bed Cart
railcraft:battery_nickel_iron, Nickel-Iron Battery
railcraft:battery_nickel_zinc, Nickel-Zinc Battery
railcraft:battery_zinc_carbon, Zinc-Carbon Battery
railcraft:battery_zinc_carbon_empty, Expended Zinc-Carbon Battery
railcraft:battery_zinc_silver, Zinc-Silver Battery
railcraft:battery_zinc_silver_empty, Expended Zinc-Silver Battery
railcraft:charge_feeder:1, Admin Charge Feeder Unit
railcraft:charge_trap, Charge Trap
railcraft:frame, Wire Support Frame
railcraft:steam_turbine, Steam Turbine Housing
railcraft:wire, Charge Shunting Wire
railcraft:charge:0, Charge Coil
railcraft:charge:1, Charge Terminal
railcraft:charge:2, Small Charge Wire Spool
railcraft:charge:3, Medium Charge Wire Spool
railcraft:charge:4, Large Charge Wire Spool
railcraft:charge:5, Charge Motor
railcraft:charge:6, Nickel Electrode
railcraft:charge:7, Iron Electrode
railcraft:charge:8, Zinc Electrode
railcraft:charge:9, Carbon Electrode
railcraft:charge:10, Silver Electrode
railcraft:tool_charge_meter, Charge Meter
railcraft:turbine_blade, Turbine Blade
railcraft:turbine_disk, Turbine Disk
railcraft:turbine_rotor, Turbine Rotor
railcraft:emblem, Emblem
railcraft:anvil:0, Steel Anvil
railcraft:anvil:1, Slightly Damaged Steel Anvil
railcraft:anvil:2, Very Damaged Steel Anvil
railcraft:fuel_coke, Coal Coke
railcraft:coke_block, Block of Coal Coke
railcraft:coke_oven, Coke Oven Brick
railcraft:coke_oven_red, Red Coke Oven Brick
railcraft:blast_furnace, Blast Furnace Brick
railcraft:rock_crusher, Rock Crusher
railcraft:steam_oven, Steam Oven
railcraft:chest_metals, Metals Chest
railcraft:cart_chest_metals:0, Metals Chest Cart
railcraft:filter_bee, Bee Filter
railcraft:filter_bee_genome, Bee Genome Filter
railcraft:backpack_apothecary_t1, Apothecary's Backpack
railcraft:backpack_apothecary_t2, Woven Apothecary's Backpack
railcraft:backpack_iceman_t1, Iceman's Backpack
railcraft:backpack_iceman_t2, Woven Iceman's Backpack
railcraft:backpack_trackman_t1, Trackman's Backpack
railcraft:backpack_trackman_t2, Woven Trackman's Backpack
railcraft:backpack_signalman_t1, item.railcraft.backpack.signalman.t1.name
railcraft:backpack_signalman_t2, item.railcraft.backpack.signalman.t2.name
railcraft:firestone_cracked, Cracked Firestone
railcraft:firestone_cut, Cut Firestone
railcraft:firestone_raw, Raw Firestone
railcraft:firestone_refined, Refined Firestone
railcraft:cart_redstone_flux:0, Redstone Flux Cart
railcraft:flux_transformer, Flux Transformer
railcraft:metal:0, Block of Copper
railcraft:metal:1, Block of Tin
railcraft:metal:2, Block of Lead
railcraft:metal:4, Block of Silver
railcraft:metal:3, Block of Steel
railcraft:metal:5, Block of Bronze
railcraft:metal:6, Block of Nickel
railcraft:metal:7, Block of Invar
railcraft:metal:8, Block of Zinc
railcraft:metal:9, Block of Brass
railcraft:fluid_bottle_creosote, Creosote Bottle
railcraft:fluid_bottle_steam, Steam Bottle
railcraft:nugget:0, Steel Nugget
railcraft:nugget:1, Copper Nugget
railcraft:nugget:2, Tin Nugget
railcraft:nugget:3, Lead Nugget
railcraft:nugget:4, Silver Nugget
railcraft:nugget:5, Bronze Nugget
railcraft:nugget:6, Nickel Nugget
railcraft:nugget:7, Invar Nugget
railcraft:nugget:8, Zinc Nugget
railcraft:nugget:9, Brass Nugget
railcraft:ingot:0, Steel Ingot
railcraft:ingot:1, Copper Ingot
railcraft:ingot:2, Tin Ingot
railcraft:ingot:3, Lead Ingot
railcraft:ingot:4, Silver Ingot
railcraft:ingot:5, Bronze Ingot
railcraft:ingot:6, Nickel Ingot
railcraft:ingot:7, Invar Ingot
railcraft:ingot:8, Zinc Ingot
railcraft:ingot:9, Brass Ingot
railcraft:gear:0, Brass Gear
railcraft:gear:1, Iron Gear
railcraft:gear:2, Steel Gear
railcraft:gear:3, Gear Bushing
railcraft:gear:4, Bronze Gear
railcraft:gear:5, Invar Gear
railcraft:plate:0, Iron Plate
railcraft:plate:1, Steel Plate
railcraft:plate:2, Tin Plate
railcraft:plate:3, Copper Plate
railcraft:plate:4, Lead Plate
railcraft:plate:5, Silver Plate
railcraft:plate:6, Bronze Plate
railcraft:plate:7, Gold Plate
railcraft:plate:8, Nickel Plate
railcraft:plate:9, Invar Plate
railcraft:plate:10, Zinc Plate
railcraft:plate:11, Brass Plate
railcraft:dust:0, Obsidian Dust
railcraft:dust:1, Sulfur
railcraft:dust:2, Saltpeter
railcraft:dust:3, Charcoal Dust
railcraft:dust:4, Granulated Slag
railcraft:dust:5, Coal Dust
railcraft:dust:6, Ender Powder
railcraft:dust:7, Void Powder
railcraft:tool_crowbar_seasons, Crowbar of Seasons
railcraft:cart_pumpkin:0, Pumpkin Cart
railcraft:cart_gift:0, Gift Cart
railcraft:signal:0, Block Signal
railcraft:signal:1, Distant Signal
railcraft:signal:2, Token Signal
railcraft:signal_dual:0, Dual-Head Block Signal
railcraft:signal_dual:1, Dual-Head Distant Signal
railcraft:signal_dual:2, Dual-Head Token Signal
railcraft:signal_box:2, Signal Controller Box
railcraft:signal_box:4, Signal Receiver Box
railcraft:signal_box:0, Analog Signal Controller Box
railcraft:signal_box:1, Signal Capacitor Box
railcraft:signal_box:3, Signal Interlock Box
railcraft:signal_box:6, Signal Sequencer Box
railcraft:signal_box:5, Signal Block Relay Box
railcraft:tool_signal_surveyor:0, Signal Surveyor
railcraft:tool_signal_tuner:0, Signal Tuner
railcraft:signal_lamp, Signal Lamp
railcraft:tool_signal_label, Signal Label
railcraft:circuit:0, Controller Circuit
railcraft:circuit:1, Receiver Circuit
railcraft:circuit:2, Signal Circuit
railcraft:circuit:3, Radio Circuit
railcraft:engine_steam_hobby, Hobbyist's Steam Engine
railcraft:engine_steam_low, Commercial Steam Engine
railcraft:engine_steam_high, Industrial Steam Engine
railcraft:admin_steam_producer, Admin Steam Producer
railcraft:boiler_firebox_fluid, Fluid Fueled Boiler Firebox
railcraft:boiler_firebox_solid, Solid Fueled Boiler Firebox
railcraft:boiler_tank_pressure_high, High Pressure Boiler Tank
railcraft:boiler_tank_pressure_low, Low Pressure Boiler Tank
railcraft:track_kit:1, Activator Track Kit§r
railcraft:track_kit:2, Booster Track Kit§r
railcraft:track_kit:3, Buffer Stop Track Kit§r
railcraft:track_kit:4, Control Track Kit§r
railcraft:track_kit:5, Detector Track Kit§r
railcraft:track_kit:6, Disembarking Track Kit§r
railcraft:track_kit:7, Dumping Track Kit§r
railcraft:track_kit:8, Embarking Track Kit§r
railcraft:track_kit:9, Gated Track Kit§r
railcraft:track_kit:10, Locking Track Kit§r
railcraft:track_kit:11, One-Way Track Kit§r
railcraft:track_kit:15, Messenger Track Kit§r
railcraft:track_kit:16, Delayed Locking Track Kit§r
railcraft:track_kit:17, Priming Track Kit§r
railcraft:track_kit:18, Launcher Track Kit§r
railcraft:track_kit:19, Whistle Track Kit§r
railcraft:track_kit:20, Locomotive Track Kit§r
railcraft:track_kit:21, Throttle Track Kit§r
railcraft:track_kit:22, Routing Track Kit§r
railcraft:track_kit:23, Transition Track Kit§r
railcraft:track_kit:24, Coupler Track Kit§r
railcraft:tool_spike_maul_iron, Iron Spike Maul
railcraft:tool_spike_maul_steel, Steel Spike Maul
railcraft:railbed:0, Wooden Railbed
railcraft:railbed:1, Stone Railbed
railcraft:track_parts, Track Parts
railcraft:actuator:0, Switch Actuator Lever
railcraft:actuator:1, Switch Actuator Motor
railcraft:actuator:2, Routing Switch Actuator Motor
railcraft:cart_tnt_wood:0, Wooden TNT Cart
railcraft:track_elevator, Elevator Track
railcraft:logbook, Logbook
railcraft:tool_whistle_tuner, Whistle Tuner
railcraft:routing_table, Routing Table
railcraft:routing_ticket, Railway Ticket
railcraft:routing_ticket_gold, Golden Railway Ticket
railcraft:track_flex_abandoned, Abandoned Track
railcraft:track_flex_electric, Electric Track
railcraft:track_flex_high_speed, High Speed Track
railcraft:track_flex_hs_electric, High Speed Electric Track
railcraft:track_flex_reinforced, Reinforced Track
railcraft:track_flex_strap_iron, Strap Iron Track
railcraft:cart_cargo:0, Cargo Cart
railcraft:cart_tank:0, Tank Cart
railcraft:tank_iron_valve:0, Iron Tank Valve
railcraft:tank_iron_valve:1, Iron Tank Valve
railcraft:tank_iron_valve:2, Iron Tank Valve
railcraft:tank_iron_valve:3, Iron Tank Valve
railcraft:tank_iron_valve:4, Iron Tank Valve
railcraft:tank_iron_valve:5, Iron Tank Valve
railcraft:tank_iron_valve:6, Iron Tank Valve
railcraft:tank_iron_valve:7, Iron Tank Valve
railcraft:tank_iron_valve:8, Iron Tank Valve
railcraft:tank_iron_valve:9, Iron Tank Valve
railcraft:tank_iron_valve:10, Iron Tank Valve
railcraft:tank_iron_valve:11, Iron Tank Valve
railcraft:tank_iron_valve:12, Iron Tank Valve
railcraft:tank_iron_valve:13, Iron Tank Valve
railcraft:tank_iron_valve:14, Iron Tank Valve
railcraft:tank_iron_valve:15, Iron Tank Valve
railcraft:tank_iron_wall:0, Iron Tank Wall
railcraft:tank_iron_wall:1, Iron Tank Wall
railcraft:tank_iron_wall:2, Iron Tank Wall
railcraft:tank_iron_wall:3, Iron Tank Wall
railcraft:tank_iron_wall:4, Iron Tank Wall
railcraft:tank_iron_wall:5, Iron Tank Wall
railcraft:tank_iron_wall:6, Iron Tank Wall
railcraft:tank_iron_wall:7, Iron Tank Wall
railcraft:tank_iron_wall:8, Iron Tank Wall
railcraft:tank_iron_wall:9, Iron Tank Wall
railcraft:tank_iron_wall:10, Iron Tank Wall
railcraft:tank_iron_wall:11, Iron Tank Wall
railcraft:tank_iron_wall:12, Iron Tank Wall
railcraft:tank_iron_wall:13, Iron Tank Wall
railcraft:tank_iron_wall:14, Iron Tank Wall
railcraft:tank_iron_wall:15, Iron Tank Wall
railcraft:tank_steel_valve:0, Steel Tank Valve
railcraft:tank_steel_valve:1, Steel Tank Valve
railcraft:tank_steel_valve:2, Steel Tank Valve
railcraft:tank_steel_valve:3, Steel Tank Valve
railcraft:tank_steel_valve:4, Steel Tank Valve
railcraft:tank_steel_valve:5, Steel Tank Valve
railcraft:tank_steel_valve:6, Steel Tank Valve
railcraft:tank_steel_valve:7, Steel Tank Valve
railcraft:tank_steel_valve:8, Steel Tank Valve
railcraft:tank_steel_valve:9, Steel Tank Valve
railcraft:tank_steel_valve:10, Steel Tank Valve
railcraft:tank_steel_valve:11, Steel Tank Valve
railcraft:tank_steel_valve:12, Steel Tank Valve
railcraft:tank_steel_valve:13, Steel Tank Valve
railcraft:tank_steel_valve:14, Steel Tank Valve
railcraft:tank_steel_valve:15, Steel Tank Valve
railcraft:tank_steel_wall:0, Steel Tank Wall
railcraft:tank_steel_wall:1, Steel Tank Wall
railcraft:tank_steel_wall:2, Steel Tank Wall
railcraft:tank_steel_wall:3, Steel Tank Wall
railcraft:tank_steel_wall:4, Steel Tank Wall
railcraft:tank_steel_wall:5, Steel Tank Wall
railcraft:tank_steel_wall:6, Steel Tank Wall
railcraft:tank_steel_wall:7, Steel Tank Wall
railcraft:tank_steel_wall:8, Steel Tank Wall
railcraft:tank_steel_wall:9, Steel Tank Wall
railcraft:tank_steel_wall:10, Steel Tank Wall
railcraft:tank_steel_wall:11, Steel Tank Wall
railcraft:tank_steel_wall:12, Steel Tank Wall
railcraft:tank_steel_wall:13, Steel Tank Wall
railcraft:tank_steel_wall:14, Steel Tank Wall
railcraft:tank_steel_wall:15, Steel Tank Wall
railcraft:tank_water, Water Tank Siding
railcraft:chest_void, Void Chest
railcraft:cart_chest_void:0, Void Chest Cart
railcraft:abyssal_stone, Abyssal Stone
railcraft:jaded_stone, Jaded Stone
railcraft:quarried_stone, Quarried Stone
railcraft:generic:7, Crushed Obsidian
railcraft:ore:0, Sulfur Ore
railcraft:ore:1, Saltpeter Ore
railcraft:ore:2, Dark Diamond Ore
railcraft:ore:3, Dark Emerald Ore
railcraft:ore:4, Dark Lapis Lazuli Ore
railcraft:ore_metal:0, Copper Ore
railcraft:ore_metal:1, Tin Ore
railcraft:ore_metal:2, Lead Ore
railcraft:ore_metal:3, Silver Ore
railcraft:ore_metal:4, Nickel Ore
railcraft:ore_metal:5, Zinc Ore
railcraft:ore_metal_poor:0, Poor Iron Ore
railcraft:ore_metal_poor:1, Poor Gold Ore
railcraft:ore_metal_poor:2, Poor Copper Ore
railcraft:ore_metal_poor:3, Poor Tin Ore
railcraft:ore_metal_poor:4, Poor Lead Ore
railcraft:ore_metal_poor:5, Poor Silver Ore
railcraft:ore_metal_poor:6, Poor Nickel Ore
railcraft:ore_metal_poor:7, Poor Zinc Ore
railcraft:ore_magic:0, tile.railcraft.ore.magic.name
railcraft:worldlogic, Saltpeter Ore Spawner
railcraft:abyssal:0, Abyssal Stone Paver
railcraft:abyssal:1, Abyssal Stone Brick
railcraft:abyssal:2, Polished Abyssal Stone
railcraft:abyssal:3, Chiseled Abyssal Stone
railcraft:abyssal:4, Etched Abyssal Stone
railcraft:abyssal:5, Abyssal Cobblestone
railcraft:bleachedbone:0, Bleached Bone Stone Paver
railcraft:bleachedbone:1, Bleached Bone Stone Brick
railcraft:bleachedbone:2, Polished Bleached Bone Stone
railcraft:bleachedbone:3, Chiseled Bleached Bone Stone
railcraft:bleachedbone:4, Etched Bleached Bone Stone
railcraft:bleachedbone:5, Bleached Bone Cobblestone
railcraft:bloodstained:0, Blood Stained Stone Paver
railcraft:bloodstained:1, Blood Stained Stone Brick
railcraft:bloodstained:2, Polished Blood Stained Stone
railcraft:bloodstained:3, Chiseled Blood Stained Stone
railcraft:bloodstained:4, Etched Blood Stained Stone
railcraft:bloodstained:5, Blood Stained Cobblestone
railcraft:frostbound:0, Frost Bound Stone Paver
railcraft:frostbound:1, Frost Bound Stone Brick
railcraft:frostbound:2, Polished Frost Bound Stone
railcraft:frostbound:3, Chiseled Frost Bound Stone
railcraft:frostbound:4, Etched Frost Bound Stone
railcraft:frostbound:5, Frost Bound Cobblestone
railcraft:infernal:0, Infernal Stone Paver
railcraft:infernal:1, Infernal Stone Brick
railcraft:infernal:2, Polished Infernal Stone
railcraft:infernal:3, Chiseled Infernal Stone
railcraft:infernal:4, Etched Infernal Stone
railcraft:infernal:5, Infernal Cobblestone
railcraft:jaded:0, Jaded Stone Paver
railcraft:jaded:1, Jaded Stone Brick
railcraft:jaded:2, Polished Jaded Stone
railcraft:jaded:3, Chiseled Jaded Stone
railcraft:jaded:4, Etched Jaded Stone
railcraft:jaded:5, Jaded Cobblestone
railcraft:quarried:0, Quarried Paver
railcraft:quarried:1, Quarried Brick
railcraft:quarried:2, Polished Quarried Stone
railcraft:quarried:3, Chiseled Quarried Stone
railcraft:quarried:4, Etched Quarried Stone
railcraft:quarried:5, Quarried Cobblestone
railcraft:sandy:0, Sandy Stone Paver
railcraft:sandy:1, Sandy Stone Brick
railcraft:sandy:2, Polished Sandy Stone
railcraft:sandy:3, Chiseled Sandy Stone
railcraft:sandy:4, Etched Sandy Stone
railcraft:sandy:5, Sandy Cobblestone
railcraft:badlands:0, Badlands Stone Paver
railcraft:badlands:1, Badlands Stone Brick
railcraft:badlands:2, Polished Badlands Stone
railcraft:badlands:3, Chiseled Badlands Stone
railcraft:badlands:4, Etched Badlands Stone
railcraft:badlands:5, Badlands Cobblestone
railcraft:nether:0, Nether Brick
railcraft:nether:1, Fitted Nether Brick
railcraft:nether:2, Polished Nether Stone
railcraft:nether:3, Chiseled Nether Stone
railcraft:nether:4, Etched Nether Stone
railcraft:nether:5, Nether Cobblestone
railcraft:red_nether:0, Red Nether Brick
railcraft:red_nether:1, Red Nether Brick
railcraft:red_nether:2, Polished Red Nether Stone
railcraft:red_nether:3, Chiseled Red Nether Stone
railcraft:red_nether:4, Etched Red Nether Stone
railcraft:red_nether:5, Red Nether Cobblestone
railcraft:andesite:0, Andesite Paver
railcraft:andesite:1, Andesite Brick
railcraft:andesite:6, Polished Andesite
railcraft:andesite:3, Chiseled Andesite
railcraft:andesite:4, Etched Andesite
railcraft:andesite:5, Andesite Cobblestone
railcraft:diorite:0, Diorite Paver
railcraft:diorite:1, Diorite Brick
railcraft:diorite:4, Polished Diorite
railcraft:diorite:3, Chiseled Diorite
railcraft:diorite:4, Etched Diorite
railcraft:diorite:5, Diorite Cobblestone
railcraft:granite:0, Granite Paver
railcraft:granite:1, Granite Brick
railcraft:granite:2, Polished Granite
railcraft:granite:3, Chiseled Granite
railcraft:granite:4, Etched Granite
railcraft:granite:5, Granite Cobblestone
railcraft:pearlized:0, Pearlized Paver
railcraft:pearlized:1, Pearlized Stone Brick
railcraft:pearlized:2, Polished Pearlized Stone
railcraft:pearlized:3, Chiseled Pearlized Stone
railcraft:pearlized:4, Etched Pearlized Stone
railcraft:pearlized:5, Pearlized Cobblestone
railcraft:concrete, Bag of Cement
railcraft:glass:0, Strengthened Glass
railcraft:glass:1, Orange Strengthened Glass
railcraft:glass:2, Magenta Strengthened Glass
railcraft:glass:3, Light Blue Strengthened Glass
railcraft:glass:4, Yellow Strengthened Glass
railcraft:glass:5, Lime Strengthened Glass
railcraft:glass:6, Pink Strengthened Glass
railcraft:glass:7, Gray Strengthened Glass
railcraft:glass:8, Light Gray Strengthened Glass
railcraft:glass:9, Cyan Strengthened Glass
railcraft:glass:10, Purple Strengthened Glass
railcraft:glass:11, Blue Strengthened Glass
railcraft:glass:12, Brown Strengthened Glass
railcraft:glass:13, Green Strengthened Glass
railcraft:glass:14, Red Strengthened Glass
railcraft:glass:15, Black Strengthened Glass
railcraft:creosote_block, Creosote Wood Block
railcraft:creosote_stairs, Creosote Wood Stairs
railcraft:creosote_slab:0, Creosote Wood Slab
railcraft:reinforced_concrete:0, White Reinforced Concrete
railcraft:reinforced_concrete:1, Orange Reinforced Concrete
railcraft:reinforced_concrete:2, Magenta Reinforced Concrete
railcraft:reinforced_concrete:3, Light Blue Reinforced Concrete
railcraft:reinforced_concrete:4, Yellow Reinforced Concrete
railcraft:reinforced_concrete:5, Lime Reinforced Concrete
railcraft:reinforced_concrete:6, Pink Reinforced Concrete
railcraft:reinforced_concrete:7, Gray Reinforced Concrete
railcraft:reinforced_concrete:8, Reinforced Concrete
railcraft:reinforced_concrete:9, Cyan Reinforced Concrete
railcraft:reinforced_concrete:10, Purple Reinforced Concrete
railcraft:reinforced_concrete:11, Blue Reinforced Concrete
railcraft:reinforced_concrete:12, Brown Reinforced Concrete
railcraft:reinforced_concrete:13, Green Reinforced Concrete
railcraft:reinforced_concrete:14, Red Reinforced Concrete
railcraft:reinforced_concrete:15, Black Reinforced Concrete
railcraft:post_metal:0, White Metal Post
railcraft:post_metal:1, Orange Metal Post
railcraft:post_metal:2, Magenta Metal Post
railcraft:post_metal:3, Light Blue Metal Post
railcraft:post_metal:4, Yellow Metal Post
railcraft:post_metal:5, Lime Metal Post
railcraft:post_metal:6, Pink Metal Post
railcraft:post_metal:7, Gray Metal Post
railcraft:post_metal:8, Light Gray Metal Post
railcraft:post_metal:9, Cyan Metal Post
railcraft:post_metal:10, Purple Metal Post
railcraft:post_metal:11, Blue Metal Post
railcraft:post_metal:12, Brown Metal Post
railcraft:post_metal:13, Green Metal Post
railcraft:post_metal:14, Red Metal Post
railcraft:post_metal:15, Black Metal Post
railcraft:post_metal_platform:0, White Metal Post Platform
railcraft:post_metal_platform:1, Orange Metal Post Platform
railcraft:post_metal_platform:2, Magenta Metal Post Platform
railcraft:post_metal_platform:3, Light Blue Metal Post Platform
railcraft:post_metal_platform:4, Yellow Metal Post Platform
railcraft:post_metal_platform:5, Lime Metal Post Platform
railcraft:post_metal_platform:6, Pink Metal Post Platform
railcraft:post_metal_platform:7, Gray Metal Post Platform
railcraft:post_metal_platform:8, Light Gray Metal Post Platform
railcraft:post_metal_platform:9, Cyan Metal Post Platform
railcraft:post_metal_platform:10, Purple Metal Post Platform
railcraft:post_metal_platform:11, Blue Metal Post Platform
railcraft:post_metal_platform:12, Brown Metal Post Platform
railcraft:post_metal_platform:13, Green Metal Post Platform
railcraft:post_metal_platform:14, Red Metal Post Platform
railcraft:post_metal_platform:15, Black Metal Post Platform
railcraft:abyssal_brick_stairs, Abyssal Brick Stairs
railcraft:bleachedbone_brick_stairs, Bleached Bone Brick Stairs
railcraft:bloodstained_brick_stairs, Bloodstained Brick Stairs
railcraft:frostbound_brick_stairs, Frost Bound Brick Stairs
railcraft:infernal_brick_stairs, Infernal Brick Stairs
railcraft:jaded_brick_stairs, Jaded Brick Stairs
railcraft:pearlized_brick_stairs, Pearlized Brick Stairs
railcraft:quarried_brick_stairs, Quarried Brick Stairs
railcraft:badlands_brick_stairs, Badlands Brick Stairs
railcraft:sandy_brick_stairs, Sandy Brick Stairs
railcraft:abyssal_paver_stairs, Abyssal Paver Stairs
railcraft:bleachedbone_paver_stairs, Bleached Bone Paver Stairs
railcraft:bloodstained_paver_stairs, Bloodstained Paver Stairs
railcraft:frostbound_paver_stairs, Frost Bound Paver Stairs
railcraft:infernal_paver_stairs, Infernal Paver Stairs
railcraft:jaded_paver_stairs, Jaded Paver Stairs
railcraft:pearlized_paver_stairs, Pearlized Paver Stairs
railcraft:quarried_paver_stairs, Quarried Paver Stairs
railcraft:badlands_paver_stairs, Badlands Paver Stairs
railcraft:sandy_paver_stairs, Sandy Paver Stairs
railcraft:abyssal_slab:0, Abyssal Brick Slab
railcraft:abyssal_slab:1, Abyssal Paver Slab
railcraft:badlands_slab:0, Badlands Brick Slab
railcraft:badlands_slab:1, Badlands Paver Slab
railcraft:bleachedbone_slab:0, Bleached Bone Brick Slab
railcraft:bleachedbone_slab:1, Bleached Bone Paver Slab
railcraft:bloodstained_slab:0, Blood Stained Brick Slab
railcraft:bloodstained_slab:1, Blood Stained Paver Slab
railcraft:frostbound_slab:0, Frost Bound Brick Slab
railcraft:frostbound_slab:1, Frost Bound Paver Slab
railcraft:infernal_slab:0, Infernal Brick Slab
railcraft:infernal_slab:1, Infernal Paver Slab
railcraft:jaded_slab:0, Jaded Brick Slab
railcraft:jaded_slab:1, Jaded Paver Slab
railcraft:pearlized_slab:0, Pearlized Brick Slab
railcraft:pearlized_slab:1, Pearlized Paver Slab
railcraft:quarried_slab:0, Quarried Brick Slab
railcraft:quarried_slab:1, Quarried Paver Slab
railcraft:sandy_slab:0, Sandy Brick Slab
railcraft:sandy_slab:1, Sandy Paver Slab
railcraft:worldspike:0, Admin Worldspike
railcraft:worldspike:1, Passive Worldspike
railcraft:worldspike:2, Personal Worldspike
railcraft:worldspike:3, Standard Worldspike
railcraft:worldspike_point, Worldspike Point
railcraft:cart_worldspike_standard:0, Standard Worldspike Cart
railcraft:cart_worldspike_admin:0, Admin Worldspike Cart
railcraft:cart_worldspike_personal:0, Personal Worldspike Cart
nuclearcraft:ore:0, Copper Ore
nuclearcraft:ore:1, Tin Ore
nuclearcraft:ore:2, Lead Ore
nuclearcraft:ore:3, Thorium Ore
nuclearcraft:ore:4, Uranium Ore
nuclearcraft:ore:5, Boron Ore
nuclearcraft:ore:6, Lithium Ore
nuclearcraft:ore:7, Magnesium Ore
nuclearcraft:ingot_block:0, Copper Block
nuclearcraft:ingot_block:1, Tin Block
nuclearcraft:ingot_block:2, Lead Block
nuclearcraft:ingot_block:3, Thorium Block
nuclearcraft:ingot_block:4, Uranium Block
nuclearcraft:ingot_block:5, Boron Block
nuclearcraft:ingot_block:6, Lithium Block
nuclearcraft:ingot_block:7, Magnesium Block
nuclearcraft:ingot_block:8, Graphite Block
nuclearcraft:ingot_block:9, Beryllium Block
nuclearcraft:ingot_block:10, Zirconium Block
nuclearcraft:ingot_block:11, Manganese Block
nuclearcraft:ingot_block:12, Aluminum Block
nuclearcraft:ingot_block:13, Silver Block
nuclearcraft:ingot_block:14, Manganese Oxide Block
nuclearcraft:ingot_block:15, Manganese Dioxide Block
nuclearcraft:ingot_block2:0, Zirconia Block
nuclearcraft:ingot_block2:1, Palladium Block
nuclearcraft:ingot_block2:2, Tin Oxide Block
nuclearcraft:ingot_block2:3, Nickel Oxide Block
nuclearcraft:ingot_block2:4, Cobalt Oxide Block
nuclearcraft:ingot_block2:5, Ruthenium Oxide Block
nuclearcraft:ingot_block2:6, Iridium Oxide Block
nuclearcraft:material_block:0, Molybdenum Block
nuclearcraft:material_block:1, Copper Oxide Block
nuclearcraft:material_block:2, Cobalt Block
nuclearcraft:material_block:3, Nickel Block
nuclearcraft:material_block:4, Platinum Block
nuclearcraft:fertile_isotope:0, Uranium-238 Block
nuclearcraft:fertile_isotope:1, Neptunium-237 Block
nuclearcraft:fertile_isotope:2, Plutonium-242 Block
nuclearcraft:fertile_isotope:3, Americium-243 Block
nuclearcraft:fertile_isotope:4, Curium-246 Block
nuclearcraft:fertile_isotope:5, Berkelium-247 Block
nuclearcraft:fertile_isotope:6, Californium-252 Block
nuclearcraft:supercold_ice, Supercold Ice
nuclearcraft:heavy_water_moderator, Heavy Water Moderator
nuclearcraft:nuclear_furnace, Nuclear Furnace
nuclearcraft:manufactory, Manufactory
nuclearcraft:separator, Separator
nuclearcraft:decay_hastener, Decay Hastener
nuclearcraft:fuel_reprocessor, Fuel Reprocessor
nuclearcraft:alloy_furnace, Alloy Furnace
nuclearcraft:infuser, Fluid Infuser
nuclearcraft:melter, Melter
nuclearcraft:supercooler, Supercooler
nuclearcraft:electrolyzer, Electrolyzer
nuclearcraft:assembler, Assembler
nuclearcraft:ingot_former, Ingot Former
nuclearcraft:pressurizer, Pressurizer
nuclearcraft:chemical_reactor, Chemical Reactor
nuclearcraft:salt_mixer, Fluid Mixer
nuclearcraft:crystallizer, Crystallizer
nuclearcraft:enricher, Fluid Enricher
nuclearcraft:extractor, Fluid Extractor
nuclearcraft:centrifuge, Centrifuge
nuclearcraft:rock_crusher, Rock Crusher
nuclearcraft:electric_furnace, Electric Furnace
nuclearcraft:machine_interface, Machine Interface
nuclearcraft:machine_frame, Large Machine Casing
nuclearcraft:machine_glass, Large Machine Glass
nuclearcraft:machine_power_port, Large Machine Power Port
nuclearcraft:machine_process_port, Large Machine Process Port
nuclearcraft:machine_reservoir_port, Large Machine Reservoir Port
nuclearcraft:machine_redstone_port, Large Machine Redstone Port
nuclearcraft:machine_computer_port, Large Machine Computer Port
nuclearcraft:machine_diaphragm:0, Sintered Steel Diaphragm
nuclearcraft:machine_diaphragm:1, Polyethersulfone Diaphragm
nuclearcraft:machine_diaphragm:2, Zirfon Diaphragm
nuclearcraft:machine_sieve_assembly:0, Steel Sieve Assembly
nuclearcraft:machine_sieve_assembly:1, Polytetrafluoroethene Sieve Assembly
nuclearcraft:machine_sieve_assembly:2, Hastelloy Sieve Assembly
nuclearcraft:electrolyzer_controller, Electrolyzer Controller
nuclearcraft:electrolyzer_cathode_terminal, Electrolyzer Cathode Terminal
nuclearcraft:electrolyzer_anode_terminal, Electrolyzer Anode Terminal
nuclearcraft:distiller_controller, Distiller Controller
nuclearcraft:distiller_sieve_tray, Distiller Sieve Tray
nuclearcraft:distiller_reflux_unit, Distiller Reflux Unit
nuclearcraft:distiller_reboiling_unit, Distiller Reboiling Unit
nuclearcraft:distiller_liquid_distributor, Distiller Liquid Distributor
nuclearcraft:infiltrator_controller, Infiltrator Controller
nuclearcraft:infiltrator_pressure_chamber, Infiltrator Pressure Chamber
nuclearcraft:infiltrator_heating_unit, Infiltrator Heating Unit
nuclearcraft:rtg_uranium, Uranium RTG
nuclearcraft:rtg_plutonium, Plutonium RTG
nuclearcraft:rtg_americium, Americium RTG
nuclearcraft:rtg_californium, Californium RTG
nuclearcraft:solar_panel_basic, Basic Solar Panel
nuclearcraft:solar_panel_advanced, Advanced Solar Panel
nuclearcraft:solar_panel_du, DU Solar Panel
nuclearcraft:solar_panel_elite, Elite Solar Panel
nuclearcraft:decay_generator, Decay Generator
nuclearcraft:voltaic_pile_basic, Basic Voltaic Pile
nuclearcraft:voltaic_pile_advanced, Advanced Voltaic Pile
nuclearcraft:voltaic_pile_du, DU Voltaic Pile
nuclearcraft:voltaic_pile_elite, Elite Voltaic Pile
nuclearcraft:lithium_ion_battery_basic, Basic Lithium Ion Battery
nuclearcraft:lithium_ion_battery_advanced, Advanced Lithium Ion Battery
nuclearcraft:lithium_ion_battery_du, DU Lithium Ion Battery
nuclearcraft:lithium_ion_battery_elite, Elite Lithium Ion Battery
nuclearcraft:bin, Universal Bin
nuclearcraft:fission_casing, Fission Reactor Casing
nuclearcraft:fission_glass, Fission Reactor Glass
nuclearcraft:fission_conductor, Fission Reactor Conductor
nuclearcraft:fission_monitor, Fission Reactor Monitor
nuclearcraft:fission_reflector:0, Beryllium-Carbon Neutron Reflector
nuclearcraft:fission_reflector:1, Lead-Steel Neutron Reflector
nuclearcraft:fission_power_port, Fission Reactor Power Port
nuclearcraft:fission_vent, Fission Reactor Vent
nuclearcraft:fission_irradiator, Fission Irradiator
nuclearcraft:fission_cooler, tile.nuclearcraft.fission_cooler.name
nuclearcraft:fission_source:0, Ra-Be Fission Neutron Source
nuclearcraft:fission_source:1, Po-Be Fission Neutron Source
nuclearcraft:fission_source:2, Cf-252 Fission Neutron Source
nuclearcraft:fission_shield:0, Boron-Silver Fission Neutron Shield
nuclearcraft:fission_computer_port, Fission Computer Port
nuclearcraft:fission_irradiator_port, Fission Irradiator Port
nuclearcraft:fission_cooler_port, tile.nuclearcraft.fission_cooler_port.name
nuclearcraft:fission_cell_port, Fission Fuel Cell Port
nuclearcraft:fission_vessel_port, Fission Fuel Vessel Port
nuclearcraft:fission_heater_port:0, Standard Fission Coolant Heater Port
nuclearcraft:fission_heater_port:1, Iron Fission Coolant Heater Port
nuclearcraft:fission_heater_port:2, Redstone Fission Coolant Heater Port
nuclearcraft:fission_heater_port:3, Quartz Fission Coolant Heater Port
nuclearcraft:fission_heater_port:4, Obsidian Fission Coolant Heater Port
nuclearcraft:fission_heater_port:5, Nether Brick Fission Coolant Heater Port
nuclearcraft:fission_heater_port:6, Glowstone Fission Coolant Heater Port
nuclearcraft:fission_heater_port:7, Lapis Fission Coolant Heater Port
nuclearcraft:fission_heater_port:8, Gold Fission Coolant Heater Port
nuclearcraft:fission_heater_port:9, Prismarine Fission Coolant Heater Port
nuclearcraft:fission_heater_port:10, Slime Fission Coolant Heater Port
nuclearcraft:fission_heater_port:11, End Stone Fission Coolant Heater Port
nuclearcraft:fission_heater_port:12, Purpur Fission Coolant Heater Port
nuclearcraft:fission_heater_port:13, Diamond Fission Coolant Heater Port
nuclearcraft:fission_heater_port:14, Emerald Fission Coolant Heater Port
nuclearcraft:fission_heater_port:15, Copper Fission Coolant Heater Port
nuclearcraft:fission_heater_port2:0, Tin Fission Coolant Heater Port
nuclearcraft:fission_heater_port2:1, Lead Fission Coolant Heater Port
nuclearcraft:fission_heater_port2:2, Boron Fission Coolant Heater Port
nuclearcraft:fission_heater_port2:3, Lithium Fission Coolant Heater Port
nuclearcraft:fission_heater_port2:4, Magnesium Fission Coolant Heater Port
nuclearcraft:fission_heater_port2:5, Manganese Fission Coolant Heater Port
nuclearcraft:fission_heater_port2:6, Aluminum Fission Coolant Heater Port
nuclearcraft:fission_heater_port2:7, Silver Fission Coolant Heater Port
nuclearcraft:fission_heater_port2:8, Fluorite Fission Coolant Heater Port
nuclearcraft:fission_heater_port2:9, Villiaumite Fission Coolant Heater Port
nuclearcraft:fission_heater_port2:10, Carobbiite Fission Coolant Heater Port
nuclearcraft:fission_heater_port2:11, Arsenic Fission Coolant Heater Port
nuclearcraft:fission_heater_port2:12, Liquid Nitrogen Fission Coolant Heater Port
nuclearcraft:fission_heater_port2:13, Liquid Helium Fission Coolant Heater Port
nuclearcraft:fission_heater_port2:14, Enderium Fission Coolant Heater Port
nuclearcraft:fission_heater_port2:15, Cryotheum Fission Coolant Heater Port
nuclearcraft:fission_source_manager, Fission Neutron Source Manager
nuclearcraft:fission_shield_manager, Fission Neutron Shield Manager
nuclearcraft:solid_fission_controller, Solid Fuel Fission Controller
nuclearcraft:solid_fission_cell, Fission Fuel Cell
nuclearcraft:solid_fission_sink:0, Water Fission Heat Sink
nuclearcraft:solid_fission_sink:1, Iron Fission Heat Sink
nuclearcraft:solid_fission_sink:2, Redstone Fission Heat Sink
nuclearcraft:solid_fission_sink:3, Quartz Fission Heat Sink
nuclearcraft:solid_fission_sink:4, Obsidian Fission Heat Sink
nuclearcraft:solid_fission_sink:5, Nether Brick Fission Heat Sink
nuclearcraft:solid_fission_sink:6, Glowstone Fission Heat Sink
nuclearcraft:solid_fission_sink:7, Lapis Fission Heat Sink
nuclearcraft:solid_fission_sink:8, Gold Fission Heat Sink
nuclearcraft:solid_fission_sink:9, Prismarine Fission Heat Sink
nuclearcraft:solid_fission_sink:10, Slime Fission Heat Sink
nuclearcraft:solid_fission_sink:11, End Stone Fission Heat Sink
nuclearcraft:solid_fission_sink:12, Purpur Fission Heat Sink
nuclearcraft:solid_fission_sink:13, Diamond Fission Heat Sink
nuclearcraft:solid_fission_sink:14, Emerald Fission Heat Sink
nuclearcraft:solid_fission_sink:15, Copper Fission Heat Sink
nuclearcraft:solid_fission_sink2:0, Tin Fission Heat Sink
nuclearcraft:solid_fission_sink2:1, Lead Fission Heat Sink
nuclearcraft:solid_fission_sink2:2, Boron Fission Heat Sink
nuclearcraft:solid_fission_sink2:3, Lithium Fission Heat Sink
nuclearcraft:solid_fission_sink2:4, Magnesium Fission Heat Sink
nuclearcraft:solid_fission_sink2:5, Manganese Fission Heat Sink
nuclearcraft:solid_fission_sink2:6, Aluminum Fission Heat Sink
nuclearcraft:solid_fission_sink2:7, Silver Fission Heat Sink
nuclearcraft:solid_fission_sink2:8, Fluorite Fission Heat Sink
nuclearcraft:solid_fission_sink2:9, Villiaumite Fission Heat Sink
nuclearcraft:solid_fission_sink2:10, Carobbiite Fission Heat Sink
nuclearcraft:solid_fission_sink2:11, Arsenic Fission Heat Sink
nuclearcraft:solid_fission_sink2:12, Liquid Nitrogen Fission Heat Sink
nuclearcraft:solid_fission_sink2:13, Liquid Helium Fission Heat Sink
nuclearcraft:solid_fission_sink2:14, Enderium Fission Heat Sink
nuclearcraft:solid_fission_sink2:15, Cryotheum Fission Heat Sink
nuclearcraft:salt_fission_controller, Molten Salt Fission Controller
nuclearcraft:salt_fission_vessel, Fission Fuel Vessel
nuclearcraft:salt_fission_heater:0, Standard Fission Coolant Heater
nuclearcraft:salt_fission_heater:1, Iron Fission Coolant Heater
nuclearcraft:salt_fission_heater:2, Redstone Fission Coolant Heater
nuclearcraft:salt_fission_heater:3, Quartz Fission Coolant Heater
nuclearcraft:salt_fission_heater:4, Obsidian Fission Coolant Heater
nuclearcraft:salt_fission_heater:5, Nether Brick Fission Coolant Heater
nuclearcraft:salt_fission_heater:6, Glowstone Fission Coolant Heater
nuclearcraft:salt_fission_heater:7, Lapis Fission Coolant Heater
nuclearcraft:salt_fission_heater:8, Gold Fission Coolant Heater
nuclearcraft:salt_fission_heater:9, Prismarine Fission Coolant Heater
nuclearcraft:salt_fission_heater:10, Slime Fission Coolant Heater
nuclearcraft:salt_fission_heater:11, End Stone Fission Coolant Heater
nuclearcraft:salt_fission_heater:12, Purpur Fission Coolant Heater
nuclearcraft:salt_fission_heater:13, Diamond Fission Coolant Heater
nuclearcraft:salt_fission_heater:14, Emerald Fission Coolant Heater
nuclearcraft:salt_fission_heater:15, Copper Fission Coolant Heater
nuclearcraft:salt_fission_heater2:0, Tin Fission Coolant Heater
nuclearcraft:salt_fission_heater2:1, Lead Fission Coolant Heater
nuclearcraft:salt_fission_heater2:2, Boron Fission Coolant Heater
nuclearcraft:salt_fission_heater2:3, Lithium Fission Coolant Heater
nuclearcraft:salt_fission_heater2:4, Magnesium Fission Coolant Heater
nuclearcraft:salt_fission_heater2:5, Manganese Fission Coolant Heater
nuclearcraft:salt_fission_heater2:6, Aluminum Fission Coolant Heater
nuclearcraft:salt_fission_heater2:7, Silver Fission Coolant Heater
nuclearcraft:salt_fission_heater2:8, Fluorite Fission Coolant Heater
nuclearcraft:salt_fission_heater2:9, Villiaumite Fission Coolant Heater
nuclearcraft:salt_fission_heater2:10, Carobbiite Fission Coolant Heater
nuclearcraft:salt_fission_heater2:11, Arsenic Fission Coolant Heater
nuclearcraft:salt_fission_heater2:12, Liquid Nitrogen Fission Coolant Heater
nuclearcraft:salt_fission_heater2:13, Liquid Helium Fission Coolant Heater
nuclearcraft:salt_fission_heater2:14, Enderium Fission Coolant Heater
nuclearcraft:salt_fission_heater2:15, Cryotheum Fission Coolant Heater
nuclearcraft:heat_exchanger_controller, Heat Exchanger Controller
nuclearcraft:condenser_controller, Condenser Controller
nuclearcraft:heat_exchanger_casing, Heat Exchanger Casing
nuclearcraft:heat_exchanger_glass, Heat Exchanger Glass
nuclearcraft:heat_exchanger_inlet, Heat Exchanger Fluid Inlet
nuclearcraft:heat_exchanger_outlet, Heat Exchanger Fluid Outlet
nuclearcraft:heat_exchanger_tube_copper, Copper Heat Exchanger Tube
nuclearcraft:heat_exchanger_tube_hard_carbon, Hard Carbon Heat Exchanger Tube
nuclearcraft:heat_exchanger_tube_thermoconducting, Thermoconducting Alloy Heat Exchanger Tube
nuclearcraft:heat_exchanger_baffle, Heat Exchanger Shell Baffle
nuclearcraft:heat_exchanger_redstone_port, Heat Exchanger Redstone Port
nuclearcraft:heat_exchanger_computer_port, Heat Exchanger Computer Port
nuclearcraft:turbine_controller, Turbine Controller
nuclearcraft:turbine_casing, Turbine Casing
nuclearcraft:turbine_glass, Turbine Glass
nuclearcraft:turbine_rotor_shaft, Turbine Rotor Shaft
nuclearcraft:turbine_rotor_blade_steel, Steel Turbine Rotor Blade
nuclearcraft:turbine_rotor_blade_extreme, Extreme Alloy Turbine Rotor Blade
nuclearcraft:turbine_rotor_blade_sic_sic_cmc, SiC-SiC CMC Turbine Rotor Blade
nuclearcraft:turbine_rotor_stator, Standard Turbine Rotor Stator
nuclearcraft:turbine_rotor_bearing, Turbine Rotor Bearing
nuclearcraft:turbine_dynamo_coil:0, Magnesium Turbine Dynamo Coil
nuclearcraft:turbine_dynamo_coil:1, Beryllium Turbine Dynamo Coil
nuclearcraft:turbine_dynamo_coil:2, Aluminum Turbine Dynamo Coil
nuclearcraft:turbine_dynamo_coil:3, Gold Turbine Dynamo Coil
nuclearcraft:turbine_dynamo_coil:4, Copper Turbine Dynamo Coil
nuclearcraft:turbine_dynamo_coil:5, Silver Turbine Dynamo Coil
nuclearcraft:turbine_coil_connector, Turbine Dynamo Coil Connector
nuclearcraft:turbine_inlet, Turbine Fluid Inlet
nuclearcraft:turbine_outlet, Turbine Fluid Outlet
nuclearcraft:turbine_redstone_port, Turbine Redstone Port
nuclearcraft:turbine_computer_port, Turbine Computer Port
nuclearcraft:cobblestone_generator, Cobblestone Generator
nuclearcraft:cobblestone_generator_compact, Compact Cobblestone Generator
nuclearcraft:cobblestone_generator_dense, Dense Cobblestone Generator
nuclearcraft:water_source, Infinite Water Source
nuclearcraft:water_source_compact, Compact Infinite Water Source
nuclearcraft:water_source_dense, Dense Infinite Water Source
nuclearcraft:nitrogen_collector, Nitrogen Collector
nuclearcraft:nitrogen_collector_compact, Compact Nitrogen Collector
nuclearcraft:nitrogen_collector_dense, Dense Nitrogen Collector
nuclearcraft:radiation_scrubber, Radiation Scrubber
nuclearcraft:geiger_block, Geiger Counter Block
nuclearcraft:glowing_mushroom, Glowing Mushroom
nuclearcraft:glowing_mushroom_block, Glowing Mushroom Block
nuclearcraft:wasteland_earth, Wasteland Earth
nuclearcraft:wasteland_portal, Wasteland Portal
nuclearcraft:tritium_lamp, Tritium Lamp
nuclearcraft:solidified_corium, Solidified Corium
nuclearcraft:quantum_computer_controller, Quantum Computer Controller
nuclearcraft:quantum_computer_qubit, Quantum Computer Qubit
nuclearcraft:quantum_computer_gate_single:0, Quantum Computer Pauli-X Gate
nuclearcraft:quantum_computer_gate_single:1, Quantum Computer Pauli-Y Gate
nuclearcraft:quantum_computer_gate_single:2, Quantum Computer Pauli-Z Gate
nuclearcraft:quantum_computer_gate_single:3, Quantum Computer Hadamard Gate
nuclearcraft:quantum_computer_gate_single:4, Quantum Computer S Gate
nuclearcraft:quantum_computer_gate_single:5, Quantum Computer Inverse S Gate
nuclearcraft:quantum_computer_gate_single:6, Quantum Computer T Gate
nuclearcraft:quantum_computer_gate_single:7, Quantum Computer Inverse T Gate
nuclearcraft:quantum_computer_gate_single:8, Quantum Computer Phase Gate
nuclearcraft:quantum_computer_gate_single:9, Quantum Computer X-Rotation Gate
nuclearcraft:quantum_computer_gate_single:10, Quantum Computer Y-Rotation Gate
nuclearcraft:quantum_computer_gate_single:11, Quantum Computer Z-Rotation Gate
nuclearcraft:quantum_computer_gate_control:0, Quantum Computer Controlled Pauli-X Gate
nuclearcraft:quantum_computer_gate_control:1, Quantum Computer Controlled Pauli-Y Gate
nuclearcraft:quantum_computer_gate_control:2, Quantum Computer Controlled Pauli-Z Gate
nuclearcraft:quantum_computer_gate_control:3, Quantum Computer Controlled Hadamard Gate
nuclearcraft:quantum_computer_gate_control:4, Quantum Computer Controlled S Gate
nuclearcraft:quantum_computer_gate_control:5, Quantum Computer Controlled Inverse S Gate
nuclearcraft:quantum_computer_gate_control:6, Quantum Computer Controlled T Gate
nuclearcraft:quantum_computer_gate_control:7, Quantum Computer Controlled Inverse T Gate
nuclearcraft:quantum_computer_gate_control:8, Quantum Computer Controlled Phase Gate
nuclearcraft:quantum_computer_gate_control:9, Quantum Computer Controlled X-Rotation Gate
nuclearcraft:quantum_computer_gate_control:10, Quantum Computer Controlled Y-Rotation Gate
nuclearcraft:quantum_computer_gate_control:11, Quantum Computer Controlled Z-Rotation Gate
nuclearcraft:quantum_computer_gate_swap:0, Quantum Computer Swap Gate
nuclearcraft:quantum_computer_gate_swap:1, Quantum Computer Controlled Swap Gate
nuclearcraft:quantum_computer_connector, Quantum Computer Connector
nuclearcraft:quantum_computer_port, Quantum Computer Port
nuclearcraft:quantum_computer_code_generator:0, Quantum Computer QASM Code Generator
nuclearcraft:quantum_computer_code_generator:1, Quantum Computer Qiskit Code Generator
nuclearcraft:ingot:0, Copper Ingot
nuclearcraft:ingot:1, Tin Ingot
nuclearcraft:ingot:2, Lead Ingot
nuclearcraft:ingot:3, Thorium Ingot
nuclearcraft:ingot:4, Uranium Ingot
nuclearcraft:ingot:5, Boron Ingot
nuclearcraft:ingot:6, Lithium Ingot
nuclearcraft:ingot:7, Magnesium Ingot
nuclearcraft:ingot:8, Graphite Ingot
nuclearcraft:ingot:9, Beryllium Ingot
nuclearcraft:ingot:10, Zirconium Ingot
nuclearcraft:ingot:11, Manganese Ingot
nuclearcraft:ingot:12, Aluminum Ingot
nuclearcraft:ingot:13, Silver Ingot
nuclearcraft:ingot:14, Manganese Oxide Ingot
nuclearcraft:ingot:15, Manganese Dioxide Ingot
nuclearcraft:ingot2:0, Zirconia Ingot
nuclearcraft:ingot2:1, Palladium Ingot
nuclearcraft:ingot2:2, Tin Oxide Ingot
nuclearcraft:ingot2:3, Nickel Oxide Ingot
nuclearcraft:ingot2:4, Cobalt Oxide Ingot
nuclearcraft:ingot2:5, Ruthenium Oxide Ingot
nuclearcraft:ingot2:6, Iridium Oxide Ingot
nuclearcraft:dust:0, Copper Dust
nuclearcraft:dust:1, Tin Dust
nuclearcraft:dust:2, Lead Dust
nuclearcraft:dust:3, Thorium Dust
nuclearcraft:dust:4, Uranium Dust
nuclearcraft:dust:5, Boron Dust
nuclearcraft:dust:6, Lithium Dust
nuclearcraft:dust:7, Magnesium Dust
nuclearcraft:dust:8, Graphite Dust
nuclearcraft:dust:9, Beryllium Dust
nuclearcraft:dust:10, Zirconium Dust
nuclearcraft:dust:11, Manganese Dust
nuclearcraft:dust:12, Aluminum Dust
nuclearcraft:dust:13, Silver Dust
nuclearcraft:dust:14, Manganese Oxide Dust
nuclearcraft:dust:15, Manganese Dioxide Dust
nuclearcraft:dust2:0, Zirconia Dust
nuclearcraft:dust2:1, Palladium Dust
nuclearcraft:dust2:2, Tin Oxide Dust
nuclearcraft:dust2:3, Nickel Oxide Dust
nuclearcraft:dust2:4, Cobalt Oxide Dust
nuclearcraft:dust2:5, Ruthenium Oxide Dust
nuclearcraft:dust2:6, Iridium Oxide Dust
nuclearcraft:gem:0, Rhodochrosite
nuclearcraft:gem:1, Cubic Boron Nitride
nuclearcraft:gem:2, Fluorite
nuclearcraft:gem:3, Villiaumite
nuclearcraft:gem:4, Carobbiite
nuclearcraft:gem:5, Boron Arsenide
nuclearcraft:gem:6, Silicon
nuclearcraft:gem_dust:0, Crushed Diamond
nuclearcraft:gem_dust:1, Crushed Rhodochrosite
nuclearcraft:gem_dust:2, Crushed Quartz
nuclearcraft:gem_dust:3, Crushed Obsidian
nuclearcraft:gem_dust:4, Hexagonal Boron Nitride
nuclearcraft:gem_dust:5, Crushed Fluorite
nuclearcraft:gem_dust:6, Sulfur
nuclearcraft:gem_dust:7, Crushed Coal
nuclearcraft:gem_dust:8, Crushed Villiaumite
nuclearcraft:gem_dust:9, Crushed Carobbiite
nuclearcraft:gem_dust:10, Crushed Arsenic
nuclearcraft:gem_dust:11, Crushed End Stone
nuclearcraft:alloy:0, Bronze Ingot
nuclearcraft:alloy:1, Tough Alloy Ingot
nuclearcraft:alloy:2, Hard Carbon Alloy Ingot
nuclearcraft:alloy:3, Magnesium Diboride Alloy Ingot
nuclearcraft:alloy:4, Lithium Manganese Dioxide Alloy Ingot
nuclearcraft:alloy:5, Steel Ingot
nuclearcraft:alloy:6, Ferroboron Alloy Ingot
nuclearcraft:alloy:7, Shibuichi Alloy Ingot
nuclearcraft:alloy:8, Tin Silver Alloy Ingot
nuclearcraft:alloy:9, Lead Platinum Alloy Ingot
nuclearcraft:alloy:10, Extreme Alloy Ingot
nuclearcraft:alloy:11, Thermoconducting Alloy Ingot
nuclearcraft:alloy:12, Zircaloy Ingot
nuclearcraft:alloy:13, Silicon Carbide Ingot
nuclearcraft:alloy:14, SiC-SiC Ceramic Matrix Composite Ingot
nuclearcraft:alloy:15, HSLA Steel Ingot
nuclearcraft:alloy:16, Zirconium-Molybdenum Alloy Ingot
nuclearcraft:alloy:17, Hastelloy Ingot
nuclearcraft:compound:0, Calcium Sulfate
nuclearcraft:compound:1, Crystal Binder
nuclearcraft:compound:2, Energetic Blend
nuclearcraft:compound:3, Sodium Fluoride
nuclearcraft:compound:4, Potassium Fluoride
nuclearcraft:compound:5, Sodium Hydroxide
nuclearcraft:compound:6, Potassium Hydroxide
nuclearcraft:compound:7, Borax
nuclearcraft:compound:8, Irradiated Borax
nuclearcraft:compound:9, Dimensional Blend
nuclearcraft:compound:10, Carbon-Manganese Blend
nuclearcraft:compound:11, Alugentum Dust
nuclearcraft:compound:12, Ammonium Sulfate
nuclearcraft:compound:13, Ammonium Bisulfate
nuclearcraft:compound:14, Ammonium Persulfate
nuclearcraft:compound:15, Hydroquinone
nuclearcraft:compound:16, Sodium Hydroquinone
nuclearcraft:compound:17, Potassium Hydroquinone
nuclearcraft:part:0, Basic Plating
nuclearcraft:part:1, Advanced Plating
nuclearcraft:part:2, DU Plating
nuclearcraft:part:3, Elite Plating
nuclearcraft:part:4, Copper Solenoid
nuclearcraft:part:5, Magnesium Diboride Solenoid
nuclearcraft:part:6, Bioplastic
nuclearcraft:part:7, Servomechanism
nuclearcraft:part:8, Electric Motor
nuclearcraft:part:9, Linear Actuator
nuclearcraft:part:10, Machine Chassis
nuclearcraft:part:11, Empty Frame
nuclearcraft:part:12, Steel Chassis
nuclearcraft:part:13, Silicon Carbide Fiber
nuclearcraft:part:14, Empty Heat Sink
nuclearcraft:part:15, Pyrolytic Carbon
nuclearcraft:part:16, Sintered Steel
nuclearcraft:part:17, Sintered Zirconia
nuclearcraft:part:18, Polyethersulfone
nuclearcraft:part:19, Zirfon
nuclearcraft:part:20, Polytetrafluoroethene
nuclearcraft:part:21, Polydimethylsilylene
nuclearcraft:part:22, Polymethylsilylene-Methylene
nuclearcraft:upgrade:0, Speed Upgrade
nuclearcraft:upgrade:1, Energy Upgrade
nuclearcraft:fission_dust:0, Bismuth Dust
nuclearcraft:fission_dust:1, Radium Dust
nuclearcraft:fission_dust:2, Polonium Dust
nuclearcraft:fission_dust:3, Protactinium-Enriched Thorium Dust
nuclearcraft:fission_dust:4, Protactinium-233 Dust
nuclearcraft:fission_dust:5, Strontium-90 Dust
nuclearcraft:fission_dust:6, Molybdenum Dust
nuclearcraft:fission_dust:7, Ruthenium-106 Dust
nuclearcraft:fission_dust:8, Caesium-137 Dust
nuclearcraft:fission_dust:9, Promethium-147 Dust
nuclearcraft:fission_dust:10, Europium-155 Dust
nuclearcraft:uranium:0, Uranium-233
nuclearcraft:uranium:1, Uranium-233 Carbide
nuclearcraft:uranium:2, Uranium-233 Oxide
nuclearcraft:uranium:3, Uranium-233 Nitride
nuclearcraft:uranium:4, Uranium-233-Zirconium Alloy
nuclearcraft:uranium:5, Uranium-235
nuclearcraft:uranium:6, Uranium-235 Carbide
nuclearcraft:uranium:7, Uranium-235 Oxide
nuclearcraft:uranium:8, Uranium-235 Nitride
nuclearcraft:uranium:9, Uranium-235-Zirconium Alloy
nuclearcraft:uranium:10, Uranium-238
nuclearcraft:uranium:11, Uranium-238 Carbide
nuclearcraft:uranium:12, Uranium-238 Oxide
nuclearcraft:uranium:13, Uranium-238 Nitride
nuclearcraft:uranium:14, Uranium-238-Zirconium Alloy
nuclearcraft:neptunium:0, Neptunium-236
nuclearcraft:neptunium:1, Neptunium-236 Carbide
nuclearcraft:neptunium:2, Neptunium-236 Oxide
nuclearcraft:neptunium:3, Neptunium-236 Nitride
nuclearcraft:neptunium:4, Neptunium-236-Zirconium Alloy
nuclearcraft:neptunium:5, Neptunium-237
nuclearcraft:neptunium:6, Neptunium-237 Carbide
nuclearcraft:neptunium:7, Neptunium-237 Oxide
nuclearcraft:neptunium:8, Neptunium-237 Nitride
nuclearcraft:neptunium:9, Neptunium-237-Zirconium Alloy
nuclearcraft:plutonium:0, Plutonium-238
nuclearcraft:plutonium:1, Plutonium-238 Carbide
nuclearcraft:plutonium:2, Plutonium-238 Oxide
nuclearcraft:plutonium:3, Plutonium-238 Nitride
nuclearcraft:plutonium:4, Plutonium-238-Zirconium Alloy
nuclearcraft:plutonium:5, Plutonium-239
nuclearcraft:plutonium:6, Plutonium-239 Carbide
nuclearcraft:plutonium:7, Plutonium-239 Oxide
nuclearcraft:plutonium:8, Plutonium-239 Nitride
nuclearcraft:plutonium:9, Plutonium-239-Zirconium Alloy
nuclearcraft:plutonium:10, Plutonium-241
nuclearcraft:plutonium:11, Plutonium-241 Carbide
nuclearcraft:plutonium:12, Plutonium-241 Oxide
nuclearcraft:plutonium:13, Plutonium-241 Nitride
nuclearcraft:plutonium:14, Plutonium-241-Zirconium Alloy
nuclearcraft:plutonium:15, Plutonium-242
nuclearcraft:plutonium:16, Plutonium-242 Carbide
nuclearcraft:plutonium:17, Plutonium-242 Oxide
nuclearcraft:plutonium:18, Plutonium-242 Nitride
nuclearcraft:plutonium:19, Plutonium-242-Zirconium Alloy
nuclearcraft:americium:0, Americium-241
nuclearcraft:americium:1, Americium-241 Carbide
nuclearcraft:americium:2, Americium-241 Oxide
nuclearcraft:americium:3, Americium-241 Nitride
nuclearcraft:americium:4, Americium-241-Zirconium Alloy
nuclearcraft:americium:5, Americium-242
nuclearcraft:americium:6, Americium-242 Carbide
nuclearcraft:americium:7, Americium-242 Oxide
nuclearcraft:americium:8, Americium-242 Nitride
nuclearcraft:americium:9, Americium-242-Zirconium Alloy
nuclearcraft:americium:10, Americium-243
nuclearcraft:americium:11, Americium-243 Carbide
nuclearcraft:americium:12, Americium-243 Oxide
nuclearcraft:americium:13, Americium-243 Nitride
nuclearcraft:americium:14, Americium-243-Zirconium Alloy
nuclearcraft:curium:0, Curium-243
nuclearcraft:curium:1, Curium-243 Carbide
nuclearcraft:curium:2, Curium-243 Oxide
nuclearcraft:curium:3, Curium-243 Nitride
nuclearcraft:curium:4, Curium-243-Zirconium Alloy
nuclearcraft:curium:5, Curium-245
nuclearcraft:curium:6, Curium-245 Carbide
nuclearcraft:curium:7, Curium-245 Oxide
nuclearcraft:curium:8, Curium-245 Nitride
nuclearcraft:curium:9, Curium-245-Zirconium Alloy
nuclearcraft:curium:10, Curium-246
nuclearcraft:curium:11, Curium-246 Carbide
nuclearcraft:curium:12, Curium-246 Oxide
nuclearcraft:curium:13, Curium-246 Nitride
nuclearcraft:curium:14, Curium-246-Zirconium Alloy
nuclearcraft:curium:15, Curium-247
nuclearcraft:curium:16, Curium-247 Carbide
nuclearcraft:curium:17, Curium-247 Oxide
nuclearcraft:curium:18, Curium-247 Nitride
nuclearcraft:curium:19, Curium-247-Zirconium Alloy
nuclearcraft:berkelium:0, Berkelium-247
nuclearcraft:berkelium:1, Berkelium-247 Carbide
nuclearcraft:berkelium:2, Berkelium-247 Oxide
nuclearcraft:berkelium:3, Berkelium-247 Nitride
nuclearcraft:berkelium:4, Berkelium-247-Zirconium Alloy
nuclearcraft:berkelium:5, Berkelium-248
nuclearcraft:berkelium:6, Berkelium-248 Carbide
nuclearcraft:berkelium:7, Berkelium-248 Oxide
nuclearcraft:berkelium:8, Berkelium-248 Nitride
nuclearcraft:berkelium:9, Berkelium-248-Zirconium Alloy
nuclearcraft:californium:0, Californium-249
nuclearcraft:californium:1, Californium-249 Carbide
nuclearcraft:californium:2, Californium-249 Oxide
nuclearcraft:californium:3, Californium-249 Nitride
nuclearcraft:californium:4, Californium-249-Zirconium Alloy
nuclearcraft:californium:5, Californium-250
nuclearcraft:californium:6, Californium-250 Carbide
nuclearcraft:californium:7, Californium-250 Oxide
nuclearcraft:californium:8, Californium-250 Nitride
nuclearcraft:californium:9, Californium-250-Zirconium Alloy
nuclearcraft:californium:10, Californium-251
nuclearcraft:californium:11, Californium-251 Carbide
nuclearcraft:californium:12, Californium-251 Oxide
nuclearcraft:californium:13, Californium-251 Nitride
nuclearcraft:californium:14, Californium-251-Zirconium Alloy
nuclearcraft:californium:15, Californium-252
nuclearcraft:californium:16, Californium-252 Carbide
nuclearcraft:californium:17, Californium-252 Oxide
nuclearcraft:californium:18, Californium-252 Nitride
nuclearcraft:californium:19, Californium-252-Zirconium Alloy
nuclearcraft:pellet_thorium:0, TBU
nuclearcraft:pellet_thorium:1, TBU Carbide
nuclearcraft:pellet_uranium:0, LEU-233
nuclearcraft:pellet_uranium:1, LEU-233 Carbide
nuclearcraft:pellet_uranium:2, HEU-233
nuclearcraft:pellet_uranium:3, HEU-233 Carbide
nuclearcraft:pellet_uranium:4, LEU-235
nuclearcraft:pellet_uranium:5, LEU-235 Carbide
nuclearcraft:pellet_uranium:6, HEU-235
nuclearcraft:pellet_uranium:7, HEU-235 Carbide
nuclearcraft:pellet_neptunium:0, LEN-236
nuclearcraft:pellet_neptunium:1, LEN-236 Carbide
nuclearcraft:pellet_neptunium:2, HEN-236
nuclearcraft:pellet_neptunium:3, HEN-236 Carbide
nuclearcraft:pellet_plutonium:0, LEP-239
nuclearcraft:pellet_plutonium:1, LEP-239 Carbide
nuclearcraft:pellet_plutonium:2, HEP-239
nuclearcraft:pellet_plutonium:3, HEP-239 Carbide
nuclearcraft:pellet_plutonium:4, LEP-241
nuclearcraft:pellet_plutonium:5, LEP-241 Carbide
nuclearcraft:pellet_plutonium:6, HEP-241
nuclearcraft:pellet_plutonium:7, HEP-241 Carbide
nuclearcraft:pellet_mixed:0, MIX-239
nuclearcraft:pellet_mixed:1, MIX-239 Carbide
nuclearcraft:pellet_mixed:2, MIX-241
nuclearcraft:pellet_mixed:3, MIX-241 Carbide
nuclearcraft:pellet_americium:0, LEA-242
nuclearcraft:pellet_americium:1, LEA-242 Carbide
nuclearcraft:pellet_americium:2, HEA-242
nuclearcraft:pellet_americium:3, HEA-242 Carbide
nuclearcraft:pellet_curium:0, LECm-243
nuclearcraft:pellet_curium:1, LECm-243 Carbide
nuclearcraft:pellet_curium:2, HECm-243
nuclearcraft:pellet_curium:3, HECm-243 Carbide
nuclearcraft:pellet_curium:4, LECm-245
nuclearcraft:pellet_curium:5, LECm-245 Carbide
nuclearcraft:pellet_curium:6, HECm-245
nuclearcraft:pellet_curium:7, HECm-245 Carbide
nuclearcraft:pellet_curium:8, LECm-247
nuclearcraft:pellet_curium:9, LECm-247 Carbide
nuclearcraft:pellet_curium:10, HECm-247
nuclearcraft:pellet_curium:11, HECm-247 Carbide
nuclearcraft:pellet_berkelium:0, LEB-248
nuclearcraft:pellet_berkelium:1, LEB-248 Carbide
nuclearcraft:pellet_berkelium:2, HEB-248
nuclearcraft:pellet_berkelium:3, HEB-248 Carbide
nuclearcraft:pellet_californium:0, LECf-249
nuclearcraft:pellet_californium:1, LECf-249 Carbide
nuclearcraft:pellet_californium:2, HECf-249
nuclearcraft:pellet_californium:3, HECf-249 Carbide
nuclearcraft:pellet_californium:4, LECf-251
nuclearcraft:pellet_californium:5, LECf-251 Carbide
nuclearcraft:pellet_californium:6, HECf-251
nuclearcraft:pellet_californium:7, HECf-251 Carbide
nuclearcraft:fuel_thorium:0, TBU TRISO Fuel Pebble
nuclearcraft:fuel_thorium:1, TBU Oxide Fuel Pellet
nuclearcraft:fuel_thorium:2, TBU Nitride Fuel Pellet
nuclearcraft:fuel_thorium:3, TBU-Zirconium Alloy Fuel Pellet
nuclearcraft:fuel_uranium:0, LEU-233 TRISO Fuel Pebble
nuclearcraft:fuel_uranium:1, LEU-233 Oxide Fuel Pellet
nuclearcraft:fuel_uranium:2, LEU-233 Nitride Fuel Pellet
nuclearcraft:fuel_uranium:3, LEU-233-Zirconium Alloy Fuel Pellet
nuclearcraft:fuel_uranium:4, HEU-233 TRISO Fuel Pebble
nuclearcraft:fuel_uranium:5, HEU-233 Oxide Fuel Pellet
nuclearcraft:fuel_uranium:6, HEU-233 Nitride Fuel Pellet
nuclearcraft:fuel_uranium:7, HEU-233-Zirconium Alloy Fuel Pellet
nuclearcraft:fuel_uranium:8, LEU-235 TRISO Fuel Pebble
nuclearcraft:fuel_uranium:9, LEU-235 Oxide Fuel Pellet
nuclearcraft:fuel_uranium:10, LEU-235 Nitride Fuel Pellet
nuclearcraft:fuel_uranium:11, LEU-235-Zirconium Alloy Fuel Pellet
nuclearcraft:fuel_uranium:12, HEU-235 TRISO Fuel Pebble
nuclearcraft:fuel_uranium:13, HEU-235 Oxide Fuel Pellet
nuclearcraft:fuel_uranium:14, HEU-235 Nitride Fuel Pellet
nuclearcraft:fuel_uranium:15, HEU-235-Zirconium Alloy Fuel Pellet
nuclearcraft:fuel_neptunium:0, LEN-236 TRISO Fuel Pebble
nuclearcraft:fuel_neptunium:1, LEN-236 Oxide Fuel Pellet
nuclearcraft:fuel_neptunium:2, LEN-236 Nitride Fuel Pellet
nuclearcraft:fuel_neptunium:3, LEN-236-Zirconium Alloy Fuel Pellet
nuclearcraft:fuel_neptunium:4, HEN-236 TRISO Fuel Pebble
nuclearcraft:fuel_neptunium:5, HEN-236 Oxide Fuel Pellet
nuclearcraft:fuel_neptunium:6, HEN-236 Nitride Fuel Pellet
nuclearcraft:fuel_neptunium:7, HEN-236-Zirconium Alloy Fuel Pellet
nuclearcraft:fuel_plutonium:0, LEP-239 TRISO Fuel Pebble
nuclearcraft:fuel_plutonium:1, LEP-239 Oxide Fuel Pellet
nuclearcraft:fuel_plutonium:2, LEP-239 Nitride Fuel Pellet
nuclearcraft:fuel_plutonium:3, LEP-239-Zirconium Alloy Fuel Pellet
nuclearcraft:fuel_plutonium:4, HEP-239 TRISO Fuel Pebble
nuclearcraft:fuel_plutonium:5, HEP-239 Oxide Fuel Pellet
nuclearcraft:fuel_plutonium:6, HEP-239 Nitride Fuel Pellet
nuclearcraft:fuel_plutonium:7, HEP-239-Zirconium Alloy Fuel Pellet
nuclearcraft:fuel_plutonium:8, LEP-241 TRISO Fuel Pebble
nuclearcraft:fuel_plutonium:9, LEP-241 Oxide Fuel Pellet
nuclearcraft:fuel_plutonium:10, LEP-241 Nitride Fuel Pellet
nuclearcraft:fuel_plutonium:11, LEP-241-Zirconium Alloy Fuel Pellet
nuclearcraft:fuel_plutonium:12, HEP-241 TRISO Fuel Pebble
nuclearcraft:fuel_plutonium:13, HEP-241 Oxide Fuel Pellet
nuclearcraft:fuel_plutonium:14, HEP-241 Nitride Fuel Pellet
nuclearcraft:fuel_plutonium:15, HEP-241-Zirconium Alloy Fuel Pellet
nuclearcraft:fuel_mixed:0, MTRISO-239 Fuel Pebble
nuclearcraft:fuel_mixed:1, MOX-239 Fuel Pellet
nuclearcraft:fuel_mixed:2, MNI-239 Fuel Pellet
nuclearcraft:fuel_mixed:3, MZA-239 Fuel Pellet
nuclearcraft:fuel_mixed:4, MTRISO-241 Fuel Pebble
nuclearcraft:fuel_mixed:5, MOX-241 Fuel Pellet
nuclearcraft:fuel_mixed:6, MNI-241 Fuel Pellet
nuclearcraft:fuel_mixed:7, MZA-241 Fuel Pellet
nuclearcraft:fuel_americium:0, LEA-242 TRISO Fuel Pebble
nuclearcraft:fuel_americium:1, LEA-242 Oxide Fuel Pellet
nuclearcraft:fuel_americium:2, LEA-242 Nitride Fuel Pellet
nuclearcraft:fuel_americium:3, LEA-242-Zirconium Alloy Fuel Pellet
nuclearcraft:fuel_americium:4, HEA-242 TRISO Fuel Pebble
nuclearcraft:fuel_americium:5, HEA-242 Oxide Fuel Pellet
nuclearcraft:fuel_americium:6, HEA-242 Nitride Fuel Pellet
nuclearcraft:fuel_americium:7, HEA-242-Zirconium Alloy Fuel Pellet
nuclearcraft:fuel_curium:0, LECm-243 TRISO Fuel Pebble
nuclearcraft:fuel_curium:1, LECm-243 Oxide Fuel Pellet
nuclearcraft:fuel_curium:2, LECm-243 Nitride Fuel Pellet
nuclearcraft:fuel_curium:3, LECm-243-Zirconium Alloy Fuel Pellet
nuclearcraft:fuel_curium:4, HECm-243 TRISO Fuel Pebble
nuclearcraft:fuel_curium:5, HECm-243 Oxide Fuel Pellet
nuclearcraft:fuel_curium:6, HECm-243 Nitride Fuel Pellet
nuclearcraft:fuel_curium:7, HECm-243-Zirconium Alloy Fuel Pellet
nuclearcraft:fuel_curium:8, LECm-245 TRISO Fuel Pebble
nuclearcraft:fuel_curium:9, LECm-245 Oxide Fuel Pellet
nuclearcraft:fuel_curium:10, LECm-245 Nitride Fuel Pellet
nuclearcraft:fuel_curium:11, LECm-245-Zirconium Alloy Fuel Pellet
nuclearcraft:fuel_curium:12, HECm-245 TRISO Fuel Pebble
nuclearcraft:fuel_curium:13, HECm-245 Oxide Fuel Pellet
nuclearcraft:fuel_curium:14, HECm-245 Nitride Fuel Pellet
nuclearcraft:fuel_curium:15, HECm-245-Zirconium Alloy Fuel Pellet
nuclearcraft:fuel_curium:16, LECm-247 TRISO Fuel Pebble
nuclearcraft:fuel_curium:17, LECm-247 Oxide Fuel Pellet
nuclearcraft:fuel_curium:18, LECm-247 Nitride Fuel Pellet
nuclearcraft:fuel_curium:19, LECm-247-Zirconium Alloy Fuel Pellet
nuclearcraft:fuel_curium:20, HECm-247 TRISO Fuel Pebble
nuclearcraft:fuel_curium:21, HECm-247 Oxide Fuel Pellet
nuclearcraft:fuel_curium:22, HECm-247 Nitride Fuel Pellet
nuclearcraft:fuel_curium:23, HECm-247-Zirconium Alloy Fuel Pellet
nuclearcraft:fuel_berkelium:0, LEB-248 TRISO Fuel Pebble
nuclearcraft:fuel_berkelium:1, LEB-248 Oxide Fuel Pellet
nuclearcraft:fuel_berkelium:2, LEB-248 Nitride Fuel Pellet
nuclearcraft:fuel_berkelium:3, LEB-248-Zirconium Alloy Fuel Pellet
nuclearcraft:fuel_berkelium:4, HEB-248 TRISO Fuel Pebble
nuclearcraft:fuel_berkelium:5, HEB-248 Oxide Fuel Pellet
nuclearcraft:fuel_berkelium:6, HEB-248 Nitride Fuel Pellet
nuclearcraft:fuel_berkelium:7, HEB-248-Zirconium Alloy Fuel Pellet
nuclearcraft:fuel_californium:0, LECf-249 TRISO Fuel Pebble
nuclearcraft:fuel_californium:1, LECf-249 Oxide Fuel Pellet
nuclearcraft:fuel_californium:2, LECf-249 Nitride Fuel Pellet
nuclearcraft:fuel_californium:3, LECf-249-Zirconium Alloy Fuel Pellet
nuclearcraft:fuel_californium:4, HECf-249 TRISO Fuel Pebble
nuclearcraft:fuel_californium:5, HECf-249 Oxide Fuel Pellet
nuclearcraft:fuel_californium:6, HECf-249 Nitride Fuel Pellet
nuclearcraft:fuel_californium:7, HECf-249-Zirconium Alloy Fuel Pellet
nuclearcraft:fuel_californium:8, LECf-251 TRISO Fuel Pebble
nuclearcraft:fuel_californium:9, LECf-251 Oxide Fuel Pellet
nuclearcraft:fuel_californium:10, LECf-251 Nitride Fuel Pellet
nuclearcraft:fuel_californium:11, LECf-251-Zirconium Alloy Fuel Pellet
nuclearcraft:fuel_californium:12, HECf-251 TRISO Fuel Pebble
nuclearcraft:fuel_californium:13, HECf-251 Oxide Fuel Pellet
nuclearcraft:fuel_californium:14, HECf-251 Nitride Fuel Pellet
nuclearcraft:fuel_californium:15, HECf-251-Zirconium Alloy Fuel Pellet
nuclearcraft:depleted_fuel_thorium:0, Depleted TBU TRISO Fuel Pebble
nuclearcraft:depleted_fuel_thorium:1, Depleted TBU Oxide Fuel Pellet
nuclearcraft:depleted_fuel_thorium:2, Depleted TBU Nitride Fuel Pellet
nuclearcraft:depleted_fuel_thorium:3, Depleted TBU-Zirconium Alloy Fuel Pellet
nuclearcraft:depleted_fuel_uranium:0, Depleted LEU-233 TRISO Fuel Pebble
nuclearcraft:depleted_fuel_uranium:1, Depleted LEU-233 Oxide Fuel Pellet
nuclearcraft:depleted_fuel_uranium:2, Depleted LEU-233 Nitride Fuel Pellet
nuclearcraft:depleted_fuel_uranium:3, Depleted LEU-233-Zirconium Alloy Fuel Pellet
nuclearcraft:depleted_fuel_uranium:4, Depleted HEU-233 TRISO Fuel Pebble
nuclearcraft:depleted_fuel_uranium:5, Depleted HEU-233 Oxide Fuel Pellet
nuclearcraft:depleted_fuel_uranium:6, Depleted HEU-233 Nitride Fuel Pellet
nuclearcraft:depleted_fuel_uranium:7, Depleted HEU-233-Zirconium Alloy Fuel Pellet
nuclearcraft:depleted_fuel_uranium:8, Depleted LEU-235 TRISO Fuel Pebble
nuclearcraft:depleted_fuel_uranium:9, Depleted LEU-235 Oxide Fuel Pellet
nuclearcraft:depleted_fuel_uranium:10, Depleted LEU-235 Nitride Fuel Pellet
nuclearcraft:depleted_fuel_uranium:11, Depleted LEU-235-Zirconium Alloy Fuel Pellet
nuclearcraft:depleted_fuel_uranium:12, Depleted HEU-235 TRISO Fuel Pebble
nuclearcraft:depleted_fuel_uranium:13, Depleted HEU-235 Oxide Fuel Pellet
nuclearcraft:depleted_fuel_uranium:14, Depleted HEU-235 Nitride Fuel Pellet
nuclearcraft:depleted_fuel_uranium:15, Depleted HEU-235-Zirconium Alloy Fuel Pellet
nuclearcraft:depleted_fuel_neptunium:0, Depleted LEN-236 TRISO Fuel Pebble
nuclearcraft:depleted_fuel_neptunium:1, Depleted LEN-236 Oxide Fuel Pellet
nuclearcraft:depleted_fuel_neptunium:2, Depleted LEN-236 Nitride Fuel Pellet
nuclearcraft:depleted_fuel_neptunium:3, Depleted LEN-236-Zirconium Alloy Fuel Pellet
nuclearcraft:depleted_fuel_neptunium:4, Depleted HEN-236 TRISO Fuel Pebble
nuclearcraft:depleted_fuel_neptunium:5, Depleted HEN-236 Oxide Fuel Pellet
nuclearcraft:depleted_fuel_neptunium:6, Depleted HEN-236 Nitride Fuel Pellet
nuclearcraft:depleted_fuel_neptunium:7, Depleted HEN-236-Zirconium Alloy Fuel Pellet
nuclearcraft:depleted_fuel_plutonium:0, Depleted LEP-239 TRISO Fuel Pebble
nuclearcraft:depleted_fuel_plutonium:1, Depleted LEP-239 Oxide Fuel Pellet
nuclearcraft:depleted_fuel_plutonium:2, Depleted LEP-239 Nitride Fuel Pellet
nuclearcraft:depleted_fuel_plutonium:3, Depleted LEP-239-Zirconium Alloy Fuel Pellet
nuclearcraft:depleted_fuel_plutonium:4, Depleted HEP-239 TRISO Fuel Pebble
nuclearcraft:depleted_fuel_plutonium:5, Depleted HEP-239 Oxide Fuel Pellet
nuclearcraft:depleted_fuel_plutonium:6, Depleted HEP-239 Nitride Fuel Pellet
nuclearcraft:depleted_fuel_plutonium:7, Depleted HEP-239-Zirconium Alloy Fuel Pellet
nuclearcraft:depleted_fuel_plutonium:8, Depleted LEP-241 TRISO Fuel Pebble
nuclearcraft:depleted_fuel_plutonium:9, Depleted LEP-241 Oxide Fuel Pellet
nuclearcraft:depleted_fuel_plutonium:10, Depleted LEP-241 Nitride Fuel Pellet
nuclearcraft:depleted_fuel_plutonium:11, Depleted LEP-241-Zirconium Alloy Fuel Pellet
nuclearcraft:depleted_fuel_plutonium:12, Depleted HEP-241 TRISO Fuel Pebble
nuclearcraft:depleted_fuel_plutonium:13, Depleted HEP-241 Oxide Fuel Pellet
nuclearcraft:depleted_fuel_plutonium:14, Depleted HEP-241 Nitride Fuel Pellet
nuclearcraft:depleted_fuel_plutonium:15, Depleted HEP-241-Zirconium Alloy Fuel Pellet
nuclearcraft:depleted_fuel_mixed:0, Depleted MTRISO-239 Fuel Pebble
nuclearcraft:depleted_fuel_mixed:1, Depleted MOX-239 Fuel Pellet
nuclearcraft:depleted_fuel_mixed:2, Depleted MNI-239 Fuel Pellet
nuclearcraft:depleted_fuel_mixed:3, Depleted MZA-239 Fuel Pellet
nuclearcraft:depleted_fuel_mixed:4, Depleted MTRISO-241 Fuel Pebble
nuclearcraft:depleted_fuel_mixed:5, Depleted MOX-241 Fuel Pellet
nuclearcraft:depleted_fuel_mixed:6, Depleted MNI-241 Fuel Pellet
nuclearcraft:depleted_fuel_mixed:7, Depleted MZA-241 Fuel Pellet
nuclearcraft:depleted_fuel_americium:0, Depleted LEA-242 TRISO Fuel Pebble
nuclearcraft:depleted_fuel_americium:1, Depleted LEA-242 Oxide Fuel Pellet
nuclearcraft:depleted_fuel_americium:2, Depleted LEA-242 Nitride Fuel Pellet
nuclearcraft:depleted_fuel_americium:3, Depleted LEA-242-Zirconium Alloy Fuel Pellet
nuclearcraft:depleted_fuel_americium:4, Depleted HEA-242 TRISO Fuel Pebble
nuclearcraft:depleted_fuel_americium:5, Depleted HEA-242 Oxide Fuel Pellet
nuclearcraft:depleted_fuel_americium:6, Depleted HEA-242 Nitride Fuel Pellet
nuclearcraft:depleted_fuel_americium:7, Depleted HEA-242-Zirconium Alloy Fuel Pellet
nuclearcraft:depleted_fuel_curium:0, Depleted LECm-243 TRISO Fuel Pebble
nuclearcraft:depleted_fuel_curium:1, Depleted LECm-243 Oxide Fuel Pellet
nuclearcraft:depleted_fuel_curium:2, Depleted LECm-243 Nitride Fuel Pellet
nuclearcraft:depleted_fuel_curium:3, Depleted LECm-243-Zirconium Alloy Fuel Pellet
nuclearcraft:depleted_fuel_curium:4, Depleted HECm-243 TRISO Fuel Pebble
nuclearcraft:depleted_fuel_curium:5, Depleted HECm-243 Oxide Fuel Pellet
nuclearcraft:depleted_fuel_curium:6, Depleted HECm-243 Nitride Fuel Pellet
nuclearcraft:depleted_fuel_curium:7, Depleted HECm-243-Zirconium Alloy Fuel Pellet
nuclearcraft:depleted_fuel_curium:8, Depleted LECm-245 TRISO Fuel Pebble
nuclearcraft:depleted_fuel_curium:9, Depleted LECm-245 Oxide Fuel Pellet
nuclearcraft:depleted_fuel_curium:10, Depleted LECm-245 Nitride Fuel Pellet
nuclearcraft:depleted_fuel_curium:11, Depleted LECm-245-Zirconium Alloy Fuel Pellet
nuclearcraft:depleted_fuel_curium:12, Depleted HECm-245 TRISO Fuel Pebble
nuclearcraft:depleted_fuel_curium:13, Depleted HECm-245 Oxide Fuel Pellet
nuclearcraft:depleted_fuel_curium:14, Depleted HECm-245 Nitride Fuel Pellet
nuclearcraft:depleted_fuel_curium:15, Depleted HECm-245-Zirconium Alloy Fuel Pellet
nuclearcraft:depleted_fuel_curium:16, Depleted LECm-247 TRISO Fuel Pebble
nuclearcraft:depleted_fuel_curium:17, Depleted LECm-247 Oxide Fuel Pellet
nuclearcraft:depleted_fuel_curium:18, Depleted LECm-247 Nitride Fuel Pellet
nuclearcraft:depleted_fuel_curium:19, Depleted LECm-247-Zirconium Alloy Fuel Pellet
nuclearcraft:depleted_fuel_curium:20, Depleted HECm-247 TRISO Fuel Pebble
nuclearcraft:depleted_fuel_curium:21, Depleted HECm-247 Oxide Fuel Pellet
nuclearcraft:depleted_fuel_curium:22, Depleted HECm-247 Nitride Fuel Pellet
nuclearcraft:depleted_fuel_curium:23, Depleted HECm-247-Zirconium Alloy Fuel Pellet
nuclearcraft:depleted_fuel_berkelium:0, Depleted LEB-248 TRISO Fuel Pebble
nuclearcraft:depleted_fuel_berkelium:1, Depleted LEB-248 Oxide Fuel Pellet
nuclearcraft:depleted_fuel_berkelium:2, Depleted LEB-248 Nitride Fuel Pellet
nuclearcraft:depleted_fuel_berkelium:3, Depleted LEB-248-Zirconium Alloy Fuel Pellet
nuclearcraft:depleted_fuel_berkelium:4, Depleted HEB-248 TRISO Fuel Pebble
nuclearcraft:depleted_fuel_berkelium:5, Depleted HEB-248 Oxide Fuel Pellet
nuclearcraft:depleted_fuel_berkelium:6, Depleted HEB-248 Nitride Fuel Pellet
nuclearcraft:depleted_fuel_berkelium:7, Depleted HEB-248-Zirconium Alloy Fuel Pellet
nuclearcraft:depleted_fuel_californium:0, Depleted LECf-249 TRISO Fuel Pebble
nuclearcraft:depleted_fuel_californium:1, Depleted LECf-249 Oxide Fuel Pellet
nuclearcraft:depleted_fuel_californium:2, Depleted LECf-249 Nitride Fuel Pellet
nuclearcraft:depleted_fuel_californium:3, Depleted LECf-249-Zirconium Alloy Fuel Pellet
nuclearcraft:depleted_fuel_californium:4, Depleted HECf-249 TRISO Fuel Pebble
nuclearcraft:depleted_fuel_californium:5, Depleted HECf-249 Oxide Fuel Pellet
nuclearcraft:depleted_fuel_californium:6, Depleted HECf-249 Nitride Fuel Pellet
nuclearcraft:depleted_fuel_californium:7, Depleted HECf-249-Zirconium Alloy Fuel Pellet
nuclearcraft:depleted_fuel_californium:8, Depleted LECf-251 TRISO Fuel Pebble
nuclearcraft:depleted_fuel_californium:9, Depleted LECf-251 Oxide Fuel Pellet
nuclearcraft:depleted_fuel_californium:10, Depleted LECf-251 Nitride Fuel Pellet
nuclearcraft:depleted_fuel_californium:11, Depleted LECf-251-Zirconium Alloy Fuel Pellet
nuclearcraft:depleted_fuel_californium:12, Depleted HECf-251 TRISO Fuel Pebble
nuclearcraft:depleted_fuel_californium:13, Depleted HECf-251 Oxide Fuel Pellet
nuclearcraft:depleted_fuel_californium:14, Depleted HECf-251 Nitride Fuel Pellet
nuclearcraft:depleted_fuel_californium:15, Depleted HECf-251-Zirconium Alloy Fuel Pellet
nuclearcraft:depleted_fuel_ic2:0, Depleted Uranium Nuclear Fuel
nuclearcraft:depleted_fuel_ic2:1, Depleted MOX Nuclear Fuel
nuclearcraft:boron:0, Boron-10
nuclearcraft:boron:1, Boron-11
nuclearcraft:lithium:0, Lithium-6
nuclearcraft:lithium:1, Lithium-7
nuclearcraft:lithium_ion_cell, Lithium Ion Cell
nuclearcraft:multitool, Multitool
nuclearcraft:geiger_counter, Geiger Counter
nuclearcraft:rad_shielding:0, Light Radiation Shielding
nuclearcraft:rad_shielding:1, Medium Radiation Shielding
nuclearcraft:rad_shielding:2, Heavy Radiation Shielding
nuclearcraft:radiation_badge, Radiation Badge
nuclearcraft:radaway, RadAway
nuclearcraft:radaway_slow, Slow-Acting RadAway
nuclearcraft:rad_x, Rad-X
nuclearcraft:portable_ender_chest, Portable Ender Chest
nuclearcraft:dominos, Domino's Special
nuclearcraft:flour, Flour
nuclearcraft:graham_cracker, Graham Cracker
nuclearcraft:roasted_cocoa_beans, Roasted Cocoa Beans
nuclearcraft:ground_cocoa_nibs, Ground Cocoa Nibs
nuclearcraft:cocoa_butter, Solidified Cocoa Butter
nuclearcraft:cocoa_solids, Cocoa Solids
nuclearcraft:unsweetened_chocolate, Unsweetened Chocolate
nuclearcraft:dark_chocolate, Dark Chocolate
nuclearcraft:milk_chocolate, Milk Chocolate
nuclearcraft:gelatin, Gelatin
nuclearcraft:marshmallow, Marshmallow
nuclearcraft:smore, S'more S'mingot
nuclearcraft:moresmore, MoreS'more DoubleS'mingot
nuclearcraft:foursmore, FourS'more QuadS'mingot
nuclearcraft:record_wanderer, Music Disc
nuclearcraft:record_end_of_the_world, Music Disc
nuclearcraft:record_money_for_nothing, Music Disc
nuclearcraft:record_hyperspace, Music Disc
nuclearcraft:sword_boron, Boron Sword
nuclearcraft:pickaxe_boron, Boron Pickaxe
nuclearcraft:shovel_boron, Boron Shovel
nuclearcraft:axe_boron, Boron Axe
nuclearcraft:hoe_boron, Boron Hoe
nuclearcraft:spaxelhoe_boron, Boron Spaxelhoe
nuclearcraft:sword_tough, Tough Alloy Sword
nuclearcraft:pickaxe_tough, Tough Alloy Pickaxe
nuclearcraft:shovel_tough, Tough Alloy Shovel
nuclearcraft:axe_tough, Tough Alloy Axe
nuclearcraft:hoe_tough, Tough Alloy Hoe
nuclearcraft:spaxelhoe_tough, Tough Alloy Spaxelhoe
nuclearcraft:sword_hard_carbon, Hard Carbon Sword
nuclearcraft:pickaxe_hard_carbon, Hard Carbon Pickaxe
nuclearcraft:shovel_hard_carbon, Hard Carbon Shovel
nuclearcraft:axe_hard_carbon, Hard Carbon Axe
nuclearcraft:hoe_hard_carbon, Hard Carbon Hoe
nuclearcraft:spaxelhoe_hard_carbon, Hard Carbon Spaxelhoe
nuclearcraft:sword_boron_nitride, Boron Nitride Sword
nuclearcraft:pickaxe_boron_nitride, Boron Nitride Pickaxe
nuclearcraft:shovel_boron_nitride, Boron Nitride Shovel
nuclearcraft:axe_boron_nitride, Boron Nitride Axe
nuclearcraft:hoe_boron_nitride, Boron Nitride Hoe
nuclearcraft:spaxelhoe_boron_nitride, Boron Nitride Spaxelhoe
nuclearcraft:helm_boron, Boron Helmet
nuclearcraft:chest_boron, Boron Chestplate
nuclearcraft:legs_boron, Boron Leggings
nuclearcraft:boots_boron, Boron Boots
nuclearcraft:helm_tough, Tough Alloy Helmet
nuclearcraft:chest_tough, Tough Alloy Chestplate
nuclearcraft:legs_tough, Tough Alloy Leggings
nuclearcraft:boots_tough, Tough Alloy Boots
nuclearcraft:helm_hard_carbon, Hard Carbon Helmet
nuclearcraft:chest_hard_carbon, Hard Carbon Chestplate
nuclearcraft:legs_hard_carbon, Hard Carbon Leggings
nuclearcraft:boots_hard_carbon, Hard Carbon Boots
nuclearcraft:helm_boron_nitride, Boron Nitride Helmet
nuclearcraft:chest_boron_nitride, Boron Nitride Chestplate
nuclearcraft:legs_boron_nitride, Boron Nitride Leggings
nuclearcraft:boots_boron_nitride, Boron Nitride Boots
nuclearcraft:helm_hazmat, Hazmat Suit Headwear
nuclearcraft:chest_hazmat, Hazmat Suit Chestpiece
nuclearcraft:legs_hazmat, Hazmat Suit Leggings
nuclearcraft:boots_hazmat, Hazmat Suit Boots
nuclearcraft:fluid_oxygen, Oxygen
nuclearcraft:fluid_hydrogen, Hydrogen
nuclearcraft:fluid_deuterium, Deuterium
nuclearcraft:fluid_tritium, Tritium
nuclearcraft:fluid_helium_3, Helium-3
nuclearcraft:fluid_helium, Helium
nuclearcraft:fluid_boron_10, Molten Boron-10
nuclearcraft:fluid_boron_11, Molten Boron-11
nuclearcraft:fluid_lithium_6, Molten Lithium-6
nuclearcraft:fluid_lithium_7, Molten Lithium-7
nuclearcraft:fluid_steel, Molten Steel
nuclearcraft:fluid_ferroboron, Molten Ferroboron
nuclearcraft:fluid_tough, Molten Tough Alloy
nuclearcraft:fluid_hard_carbon, Molten Hard Carbon
nuclearcraft:fluid_beryllium, Molten Beryllium
nuclearcraft:fluid_zirconium, Molten Zirconium
nuclearcraft:fluid_manganese_dioxide, Molten Manganese Dioxide
nuclearcraft:fluid_sulfur, Molten Sulfur
nuclearcraft:fluid_liquid_helium, Liquid Helium
nuclearcraft:fluid_liquid_nitrogen, Liquid Nitrogen
nuclearcraft:fluid_le_water, Low Enriched Water
nuclearcraft:fluid_he_water, Highly Enriched Water
nuclearcraft:fluid_heavy_water, Heavy Water
nuclearcraft:fluid_hydrogen_peroxide, Hydrogen Peroxide
nuclearcraft:fluid_lead_platinum, Molten Lead Platinum
nuclearcraft:fluid_enderium, Molten Enderium
nuclearcraft:fluid_plasma, Plasma
nuclearcraft:fluid_ethanol, Ethanol
nuclearcraft:fluid_methanol, Methanol
nuclearcraft:fluid_benzene, Benzene
nuclearcraft:fluid_phenol, Phenol
nuclearcraft:fluid_fluorobenzene, Fluorobenzene
nuclearcraft:fluid_difluorobenzene, Difluorobenzene
nuclearcraft:fluid_dimethyldifluorosilane, Dimethyldifluorosilane
nuclearcraft:fluid_radaway, RadAway Fluid
nuclearcraft:fluid_radaway_slow, Slow-Acting RadAway Fluid
nuclearcraft:fluid_redstone_ethanol, Redstone-Infused Ethanol
nuclearcraft:fluid_nitrogen, Nitrogen
nuclearcraft:fluid_fluorine, Fluorine
nuclearcraft:fluid_carbon_dioxide, Carbon Dioxide
nuclearcraft:fluid_carbon_monoxide, Carbon Monoxide
nuclearcraft:fluid_ethene, Ethylene
nuclearcraft:fluid_ethyne, Acetylene
nuclearcraft:fluid_fluoromethane, Fluoromethane
nuclearcraft:fluid_ammonia, Ammonia
nuclearcraft:fluid_oxygen_difluoride, Oxygen Difluoride
nuclearcraft:fluid_diborane, Diborane
nuclearcraft:fluid_sulfur_dioxide, Sulfur Dioxide
nuclearcraft:fluid_sulfur_trioxide, Sulfur Trioxide
nuclearcraft:fluid_tetrafluoroethene, Tetrafluoroethylene
nuclearcraft:fluid_hydrogen_sulfide, Hydrogen Sulfide
nuclearcraft:fluid_depleted_hydrogen_sulfide, Depleted Hydrogen Sulfide
nuclearcraft:fluid_hydrofluoric_acid, Hydrofluoric Acid
nuclearcraft:fluid_boric_acid, Boric Acid
nuclearcraft:fluid_sulfuric_acid, Sulfuric Acid
nuclearcraft:fluid_boron_nitride_solution, Boron Nitride Solution
nuclearcraft:fluid_fluorite_water, Fluorite Water
nuclearcraft:fluid_calcium_sulfate_solution, Calcium Sulfate Solution
nuclearcraft:fluid_sodium_fluoride_solution, Sodium Fluoride Solution
nuclearcraft:fluid_potassium_fluoride_solution, Potassium Fluoride Solution
nuclearcraft:fluid_sodium_hydroxide_solution, Sodium Hydroxide Solution
nuclearcraft:fluid_potassium_hydroxide_solution, Potassium Hydroxide Solution
nuclearcraft:fluid_borax_solution, Borax Solution
nuclearcraft:fluid_irradiated_borax_solution, Irradiated Borax Solution
nuclearcraft:fluid_ammonium_sulfate_solution, Ammonium Sulfate Solution
nuclearcraft:fluid_ammonium_bisulfate_solution, Ammonium Bisulfate Solution
nuclearcraft:fluid_ammonium_persulfate_solution, Ammonium Persulfate Solution
nuclearcraft:fluid_hydroquinone_solution, Hydroquinone Solution
nuclearcraft:fluid_sodium_hydroquinone_solution, Sodium Hydroquinone Solution
nuclearcraft:fluid_potassium_hydroquinone_solution, Potassium Hydroquinone Solution
nuclearcraft:fluid_corium, Corium
nuclearcraft:fluid_ice, Crushed Ice
nuclearcraft:fluid_slurry_ice, Slurry Ice
nuclearcraft:fluid_chocolate_liquor, Chocolate Liquor
nuclearcraft:fluid_cocoa_butter, Cocoa Butter
nuclearcraft:fluid_unsweetened_chocolate, Molten Unsweetened Chocolate
nuclearcraft:fluid_dark_chocolate, Molten Dark Chocolate
nuclearcraft:fluid_milk_chocolate, Molten Milk Chocolate
nuclearcraft:fluid_sugar, Molten Sugar
nuclearcraft:fluid_gelatin, Molten Gelatin
nuclearcraft:fluid_hydrated_gelatin, Hydrated Gelatin
nuclearcraft:fluid_marshmallow, Liquid Marshmallow
nuclearcraft:fluid_milk, Milk
nuclearcraft:fluid_lif, Molten Lithium Fluoride
nuclearcraft:fluid_bef2, Molten Beryllium Fluoride
nuclearcraft:fluid_flibe, Molten FLiBe Salt Mixture
nuclearcraft:fluid_naoh, Molten Sodium Hydroxide
nuclearcraft:fluid_koh, Molten Potassium Hydroxide
nuclearcraft:fluid_dfdps, Molten Difluorodiphenyl Sulfone
nuclearcraft:fluid_polyphenylene_sulfide, Molten Polyphenylene Sulfide
nuclearcraft:fluid_polydimethylsilylene, Molten Polydimethylsilylene
nuclearcraft:fluid_polymethylsilylene_methylene, Molten Polymethylsilylene-Methylene
nuclearcraft:fluid_polyethersulfone, Molten Polyethersulfone
nuclearcraft:fluid_polytetrafluoroethene, Molten Polytetrafluoroethylene
nuclearcraft:fluid_high_pressure_steam, High Pressure Steam
nuclearcraft:fluid_exhaust_steam, Exhaust Steam
nuclearcraft:fluid_low_pressure_steam, Low Pressure Steam
nuclearcraft:fluid_low_quality_steam, Low Quality Steam
nuclearcraft:fluid_preheated_water, Preheated Water
nuclearcraft:fluid_condensate_water, Condensate Water
nuclearcraft:fluid_sodium, Molten Sodium
nuclearcraft:fluid_potassium, Molten Potassium
nuclearcraft:fluid_sodium_sulfide, Molten Sodium Sulfide
nuclearcraft:fluid_potassium_sulfide, Molten Potassium Sulfide
nuclearcraft:fluid_nak, Eutectic NaK Alloy
nuclearcraft:fluid_nak_hot, Hot Eutectic NaK Alloy
nuclearcraft:fluid_emergency_coolant, Emergency Coolant
nuclearcraft:fluid_emergency_coolant_heated, Heated Emergency Coolant
nuclearcraft:fluid_silicon, Molten Silicon
nuclearcraft:fluid_arsenic, Sublimated Arsenic
nuclearcraft:fluid_bas, Molten Boron Arsenide
nuclearcraft:fluid_sic_vapor, Sublimated Silicon Carbide
nuclearcraft:fluid_alugentum, Molten Alugentum
nuclearcraft:fluid_alumina, Molten Alumina
nuclearcraft:fluid_strontium_90, Molten Strontium-90
nuclearcraft:fluid_molybdenum, Molten Molybdenum
nuclearcraft:fluid_ruthenium_106, Molten Ruthenium-106
nuclearcraft:fluid_caesium_137, Molten Caesium-137
nuclearcraft:fluid_promethium_147, Molten Promethium-147
nuclearcraft:fluid_europium_155, Molten Europium-155
randomthings:fertilizeddirt, Fertilized Dirt
randomthings:fertilizeddirttilled, Fertilized Dirt
randomthings:playerinterface, Player Interface
randomthings:creativeplayerinterface, Creative Player Interface
randomthings:lapisglass, Lapis Glass
randomthings:lapislamp, Lapis Lamp
randomthings:dyeingmachine, Dyeing Machine
randomthings:onlinedetector, Online Detector
randomthings:chatdetector, Chat Detector
randomthings:enderbridge, Ender Bridge
randomthings:prismarineenderbridge, Prismarine Ender Bridge
randomthings:enderanchor, Ender Anchor
randomthings:beanstalk, Magic Bean Stalk
randomthings:lesserbeanstalk, Lesser Bean Stalk
randomthings:beanpod, Bean Pod
randomthings:lightredirector, Light Redirector
randomthings:imbuingstation, Imbuing Station
randomthings:spectreblock, Spectre Block
randomthings:specialchest:0, Nature Chest
randomthings:specialchest:1, Water Chest
randomthings:analogemitter, Analog Emitter
randomthings:fluiddisplay, Fluid Display
randomthings:customworkbench, Crafting Table
randomthings:endermailbox, Ender Mailbox
randomthings:pitcherplant, Pitcher Plant
randomthings:platform:0, Oak Platform
randomthings:platform:1, Spruce Platform
randomthings:platform:2, Birch Platform
randomthings:platform:3, Jungle Platform
randomthings:platform:4, Acacia Platform
randomthings:platform:5, Dark Oak Platform
randomthings:entitydetector, Entity Detector
randomthings:quartzlamp, Quartz Lamp
randomthings:quartzglass, Quartz Glass
randomthings:potionvaporizer, Potion Vaporizer
randomthings:voxelprojector, [WIP] Voxel Projector
randomthings:contactbutton, Contact Button
randomthings:contactlever, Contact Lever
randomthings:rainshield, Rain Shield
randomthings:blockbreaker, Block Breaker
randomthings:superlubricentice, Superlubricent Ice
randomthings:compressedslimeblock, Compressed Slime Block
randomthings:superlubricentplatform, Super Lubricent Platform
randomthings:filteredsuperlubricentplatform, Filtered Super Lubricent Platform
randomthings:redstoneobserver, Redstone Observer
randomthings:biomeradar, Biome Radar
randomthings:irondropper, Iron Dropper
randomthings:igniter, Igniter
randomthings:blockofsticks:0, Block of Sticks
randomthings:blockofsticks:1, Returning Block of Sticks
randomthings:blazingfire, tile.blazingFire.name
randomthings:luminousblock:0, White Luminous Block
randomthings:luminousblock:1, Orange Luminous Block
randomthings:luminousblock:2, Magenta Luminous Block
randomthings:luminousblock:3, Light Blue Luminous Block
randomthings:luminousblock:4, Yellow Luminous Block
randomthings:luminousblock:5, Lime Luminous Block
randomthings:luminousblock:6, Pink Luminous Block
randomthings:luminousblock:7, Gray Luminous Block
randomthings:luminousblock:8, Light Gray Luminous Block
randomthings:luminousblock:9, Cyan Luminous Block
randomthings:luminousblock:10, Purple Luminous Block
randomthings:luminousblock:11, Blue Luminous Block
randomthings:luminousblock:12, Brown Luminous Block
randomthings:luminousblock:13, Green Luminous Block
randomthings:luminousblock:14, Red Luminous Block
randomthings:luminousblock:15, Black Luminous Block
randomthings:translucentluminousblock:0, White Translucent Luminous Block
randomthings:translucentluminousblock:1, Orange Translucent Luminous Block
randomthings:translucentluminousblock:2, Magenta Translucent Luminous Block
randomthings:translucentluminousblock:3, Light Blue Translucent Luminous Block
randomthings:translucentluminousblock:4, Yellow Translucent Luminous Block
randomthings:translucentluminousblock:5, Lime Translucent Luminous Block
randomthings:translucentluminousblock:6, Pink Translucent Luminous Block
randomthings:translucentluminousblock:7, Gray Translucent Luminous Block
randomthings:translucentluminousblock:8, Light Gray Translucent Luminous Block
randomthings:translucentluminousblock:9, Cyan Translucent Luminous Block
randomthings:translucentluminousblock:10, Purple Translucent Luminous Block
randomthings:translucentluminousblock:11, Blue Translucent Luminous Block
randomthings:translucentluminousblock:12, Brown Translucent Luminous Block
randomthings:translucentluminousblock:13, Green Translucent Luminous Block
randomthings:translucentluminousblock:14, Red Translucent Luminous Block
randomthings:translucentluminousblock:15, Black Translucent Luminous Block
randomthings:inventoryrerouter, Inventory Rerouter
randomthings:slimecube, §aSlime Cube§7
randomthings:peacecandle, Peace Candle
randomthings:notificationinterface, Notification Interface
randomthings:glowingmushroom, Glowing Mushroom
randomthings:inventorytester, Inventory Tester
randomthings:superlubricentstone, Super Lubricent Stone
randomthings:globalchatdetector, Global Chat Detector
randomthings:triggerglass, Trigger Glass
randomthings:blockdestabilizer, Block Destabilizer
randomthings:lotus, Lotus
randomthings:ancientbrick, Ancient Brick [INTERNAL]
randomthings:soundbox, Sound Box
randomthings:sounddampener, Sound Dampener
randomthings:diaphanousblock, Diaphanous Block
randomthings:sidedredstone, Sided Block of Redstone
randomthings:spectrelens, Spectre Lens
randomthings:spectreenergyinjector, Spectre Energy Injector
randomthings:plate_processing, Processing Plate
randomthings:spectrecoil_normal, Spectre Coil
randomthings:spectrecoil_redstone, Redstone Spectre Coil
randomthings:spectrecoil_ender, Ender Spectre Coil
randomthings:spectrecoil_number, Spectre Coil Nr. %s
randomthings:spectrecoil_genesis, Genesis Spectre Coil
randomthings:advancedredstonerepeater, Advanced Redstone Repeater
randomthings:advancedredstonetorch_on, Advanced Redstone Torch
randomthings:floobrick, Floo Brick
randomthings:spectreplank, Spectre Planks
randomthings:spectresapling, Spectre Sapling
randomthings:spectrelog, Spectre Wood
randomthings:spectreleaf, Spectre Leaves
randomthings:itemcollector, Item Collector
randomthings:advanceditemcollector, Advanced Item Collector
randomthings:naturecore, Nature Core
randomthings:biomestone:0, Biome Cobblestone
randomthings:biomestone:1, Biome Stone
randomthings:biomestone:2, Biome Stone Bricks
randomthings:biomestone:3, Cracked Biome Stone Bricks
randomthings:biomestone:4, Chiseled Biome Stone Bricks
randomthings:biomeglass, Biome Glass
randomthings:coloredgrass:0, White Grass
randomthings:coloredgrass:1, Orange Grass
randomthings:coloredgrass:2, Magenta Grass
randomthings:coloredgrass:3, Light Blue Grass
randomthings:coloredgrass:4, Yellow Grass
randomthings:coloredgrass:5, Lime Grass
randomthings:coloredgrass:6, Pink Grass
randomthings:coloredgrass:7, Gray Grass
randomthings:coloredgrass:8, Light Gray Grass
randomthings:coloredgrass:9, Cyan Grass
randomthings:coloredgrass:10, Purple Grass
randomthings:coloredgrass:11, Blue Grass
randomthings:coloredgrass:12, Brown Grass
randomthings:coloredgrass:13, Green Grass
randomthings:coloredgrass:14, Red Grass
randomthings:coloredgrass:15, Black Grass
randomthings:spectrecore, Spectre Core
randomthings:rainbowlamp, Rainbow Lamp
randomthings:basicredstoneinterface, Basic Redstone Interface
randomthings:advancedredstoneinterface, Advanced Redstone Interface
randomthings:stainedbrick:0, White Stained Bricks
randomthings:stainedbrick:1, Orange Stained Bricks
randomthings:stainedbrick:2, Magenta Stained Bricks
randomthings:stainedbrick:3, Light Blue Stained Bricks
randomthings:stainedbrick:4, Yellow Stained Bricks
randomthings:stainedbrick:5, Lime Stained Bricks
randomthings:stainedbrick:6, Pink Stained Bricks
randomthings:stainedbrick:7, Gray Stained Bricks
randomthings:stainedbrick:8, Light Gray Stained Bricks
randomthings:stainedbrick:9, Cyan Stained Bricks
randomthings:stainedbrick:10, Purple Stained Bricks
randomthings:stainedbrick:11, Blue Stained Bricks
randomthings:stainedbrick:12, Brown Stained Bricks
randomthings:stainedbrick:13, Green Stained Bricks
randomthings:stainedbrick:14, Red Stained Bricks
randomthings:stainedbrick:15, Black Stained Bricks
randomthings:luminousstainedbrick:0, Luminous White Stained Bricks
randomthings:luminousstainedbrick:1, Luminous Orange Stained Bricks
randomthings:luminousstainedbrick:2, Luminous Magenta Stained Bricks
randomthings:luminousstainedbrick:3, Luminous Light Blue Stained Bricks
randomthings:luminousstainedbrick:4, Luminous Yellow Stained Bricks
randomthings:luminousstainedbrick:5, Luminous Lime Stained Bricks
randomthings:luminousstainedbrick:6, Luminous Pink Stained Bricks
randomthings:luminousstainedbrick:7, Luminous Gray Stained Bricks
randomthings:luminousstainedbrick:8, Luminous Light Gray Stained Bricks
randomthings:luminousstainedbrick:9, Luminous Cyan Stained Bricks
randomthings:luminousstainedbrick:10, Luminous Purple Stained Bricks
randomthings:luminousstainedbrick:11, Luminous Blue Stained Bricks
randomthings:luminousstainedbrick:12, Luminous Brown Stained Bricks
randomthings:luminousstainedbrick:13, Luminous Green Stained Bricks
randomthings:luminousstainedbrick:14, Luminous Red Stained Bricks
randomthings:luminousstainedbrick:15, Luminous Black Stained Bricks
randomthings:plate_redirector, Redirector Plate
randomthings:plate_filteredredirector, Filtered Redirector Plate
randomthings:plate_redstone, Redstone Plate
randomthings:plate_corrector, Corrector Plate
randomthings:plate_itemsealer, Item Sealer Plate
randomthings:plate_itemrejuvenator, Item Rejuvenator Plate
randomthings:plate_accelerator, Accelerator Plate
randomthings:plate_accelerator_directional, Directional Accelerator Plate
randomthings:plate_bouncy, Bouncy Plate
randomthings:plate_collection, Collection Plate
randomthings:plate_extraction, Extraction Plate
randomthings:stableenderpearl, Stable Ender Pearl
randomthings:biomecrystal, Biome Crystal
randomthings:positionfilter, Position Filter
randomthings:summoningpendulum, Summoning Pendulum
randomthings:beans:0, Bean
randomthings:beans:1, Lesser Magic Bean
randomthings:beans:2, Magic Bean
randomthings:beanstew, Bean Stew
randomthings:redstonetool, Redstone Tool
randomthings:waterwalkingboots, Water Walking Boots
randomthings:dungeonchestgenerator, Loot Generator
randomthings:lavacharm, Lava Charm
randomthings:lavawader, Lava Waders
randomthings:obsidianskull, Obsidian Skull
randomthings:obsidianskullring, Obsidian Skull Ring
randomthings:obsidianwaterwalkingboots, Obsidian Water Walking Boots
randomthings:magichood, Magic Hood
randomthings:imbue:0, Fire Imbue
randomthings:imbue:1, Poison Imbue
randomthings:imbue:2, Experience Imbue
randomthings:imbue:3, Wither Imbue
randomthings:bottleofair, Bottle of Air
randomthings:rezstone, Blood Stone
randomthings:enderletter, Ender Letter
randomthings:entityfilter, Entity Filter
randomthings:ingredient:1, Evil Tear
randomthings:ingredient:2, Ectoplasm
randomthings:ingredient:3, Spectre Ingot
randomthings:ingredient:4, Biome Sensor
randomthings:ingredient:5, Luminous Powder
randomthings:ingredient:6, Super Lubricent Tincture
randomthings:ingredient:7, Floo Powder
randomthings:ingredient:8, Plate Base
randomthings:ingredient:9, Precious Emerald
randomthings:ingredient:10, Lotus Blossom
randomthings:ingredient:11, Golden Egg
randomthings:ingredient:12, Spectre String
randomthings:ingredient:13, Blackout Powder
randomthings:ingredient:14, Obsidian Stick
randomthings:itemfilter, Item Filter
randomthings:redstoneactivator, Redstone Activator
randomthings:redstoneremote, Redstone Remote
randomthings:goldencompass, Golden Compass
randomthings:blazeandsteel, Blaze and Steel
randomthings:runepattern, Rune Pattern
randomthings:superlubricentboots, Super Lubricent Boots
randomthings:floosign, Floo Sign
randomthings:idcard, ID Card
randomthings:emeraldcompass, Emerald Compass
randomthings:flootoken, Floo Token
randomthings:portkey, Portkey
randomthings:lotusseeds, Lotus Seeds
randomthings:soundpattern, Sound Pattern
randomthings:soundrecorder, Sound Recorder
randomthings:portablesounddampener, Portable Sound Dampener
randomthings:escaperope, Escape Rope
randomthings:weatheregg:0, Weather Egg <Sun>
randomthings:weatheregg:1, Weather Egg <Rain>
randomthings:weatheregg:2, Weather Egg <Storm>
randomthings:enderbucket, Ender Bucket
randomthings:reinforcedenderbucket, Reinforced Ender Bucket
randomthings:chunkanalyzer, Chunk Analyzer
randomthings:floopouch, Floo Pouch
randomthings:timeinabottle, Time in a bottle
randomthings:spectreilluminator, Spectre Illuminator
randomthings:spectrecharger:0, Spectre Charger
randomthings:spectrecharger:1, Redstone Spectre Charger
randomthings:spectrecharger:2, Ender Spectre Charger
randomthings:spectrecharger:3, Genesis Spectre Charger
randomthings:eclipsedclock, Eclipsed Clock
randomthings:grassseeds:0, Grass Seeds
randomthings:grassseeds:1, White Grass Seeds
randomthings:grassseeds:2, Orange Grass Seeds
randomthings:grassseeds:3, Magenta Grass Seeds
randomthings:grassseeds:4, Light Grass Seeds
randomthings:grassseeds:5, Yellow Grass Seeds
randomthings:grassseeds:6, Lime Grass Seeds
randomthings:grassseeds:7, Pink Grass Seeds
randomthings:grassseeds:8, Gray Grass Seeds
randomthings:grassseeds:9, Light Gray Grass Seeds
randomthings:grassseeds:10, Cyan Grass Seeds
randomthings:grassseeds:11, Purple Grass Seeds
randomthings:grassseeds:12, Blue Grass Seeds
randomthings:grassseeds:13, Brown Grass Seeds
randomthings:grassseeds:14, Green Grass Seeds
randomthings:grassseeds:15, Red Grass Seeds
randomthings:grassseeds:16, Black Grass Seeds
randomthings:spectrekey, Spectre Key
randomthings:spectreanchor, Spectre Anchor
randomthings:spectresword, Spectre Sword
randomthings:spectrepickaxe, Spectre Pickaxe
randomthings:spectreaxe, Spectre Axe
randomthings:spectreshovel, Spectre Shovel
randomthings:spectrehoe, Spectre Hoe
randomthings:spectrehelmet, Spectre Helmet
randomthings:spectrechestplate, Spectre Chestplate
randomthings:spectreleggings, Spectre Leggings
randomthings:spectreboots, Spectre Boots
randomthings:runedust:0, White Runic Dust
randomthings:runedust:1, Orange Runic Dust
randomthings:runedust:2, Magenta Runic Dust
randomthings:runedust:3, Light Blue Runic Dust
randomthings:runedust:4, Yellow Runic Dust
randomthings:runedust:5, Lime Runic Dust
randomthings:runedust:6, Pink Runic Dust
randomthings:runedust:7, Gray Runic Dust
randomthings:runedust:8, Silver Runic Dust
randomthings:runedust:9, Cyan Runic Dust
randomthings:runedust:10, Purple Runic Dust
randomthings:runedust:11, Blue Runic Dust
randomthings:runedust:12, Brown Runic Dust
randomthings:runedust:13, Green Runic Dust
randomthings:runedust:14, Red Runic Dust
randomthings:runedust:15, Black Runic Dust
randomthings:biomecapsule, Biome Capsule
randomthings:biomepainter, Biome Painter
rustic:olive_oil, Olive Oil
rustic:ironberry_juice, Ironberry Juice
rustic:wildberry_juice, Wildberry Juice
rustic:grape_juice, Grape Juice
rustic:apple_juice, Apple Juice
rustic:ale_wort, Ale Wort
rustic:honey, Honey
rustic:golden_apple_juice, Golden Apple Juice
rustic:stone_pillar, Stone Pillar
rustic:andesite_pillar, Andesite Pillar
rustic:diorite_pillar, Diorite Pillar
rustic:granite_pillar, Granite Pillar
rustic:slate_pillar, Slate Pillar
rustic:chain, Iron Chain
rustic:candle, Iron Candle
rustic:candle_double, Iron Candelabra
rustic:candle_lever, Iron Candle Lever
rustic:chandelier, Iron Chandelier Ring
rustic:chain_gold, Golden Chain
rustic:candle_gold, Golden Candle
rustic:candle_double_gold, Golden Candelabra
rustic:candle_lever_gold, Golden Candle Lever
rustic:chandelier_gold, Golden Chandelier Ring
rustic:chain_silver, Silver Chain
rustic:candle_silver, Silver Candle
rustic:candle_double_silver, Silver Candelabra
rustic:candle_lever_silver, Silver Candle Lever
rustic:chandelier_silver, Silver Chandelier Ring
rustic:beehive, Beehive
rustic:apiary, Apiary
rustic:slate, Slate
rustic:slate_roof, Slate Roof
rustic:slate_tile, Slate Tile
rustic:slate_brick, Slate Brick
rustic:slate_chiseled, Chiseled Slate
rustic:stairs_slate_roof, Slate Roof Stairs
rustic:slate_roof_slab_item, Slate Roof Slab
rustic:stairs_slate_brick, Slate Brick Stairs
rustic:slate_brick_slab_item, Slate Brick Slab
rustic:clay_wall, Clay Wall
rustic:clay_wall_cross, Crossed Clay Wall
rustic:clay_wall_diag, Diagonal Clay Wall
rustic:chair_oak, Oak Chair
rustic:chair_big_oak, Dark Oak Chair
rustic:chair_birch, Birch Chair
rustic:chair_spruce, Spruce Chair
rustic:chair_acacia, Acacia Chair
rustic:chair_jungle, Jungle Chair
rustic:chair_olive, Olive Wood Chair
rustic:chair_ironwood, Ironwood Chair
rustic:table_oak, Oak Table
rustic:table_big_oak, Dark Oak Table
rustic:table_birch, Birch Table
rustic:table_spruce, Spruce Table
rustic:table_acacia, Acacia Table
rustic:table_jungle, Jungle Table
rustic:table_olive, Olive Wood Table
rustic:table_ironwood, Ironwood Table
rustic:vase, Pot
rustic:barrel, Barrel
rustic:iron_lattice, Iron Lattice
rustic:iron_lantern, Iron Lantern
rustic:golden_lantern, Golden Lantern
rustic:silver_lantern, Silver Lantern
rustic:painted_wood_white, White Painted Wood
rustic:painted_wood_orange, Orange Painted Wood
rustic:painted_wood_magenta, Magenta Painted Wood
rustic:painted_wood_light_blue, Light Blue Painted Wood
rustic:painted_wood_yellow, Yellow Painted Wood
rustic:painted_wood_lime, Lime Painted Wood
rustic:painted_wood_pink, Pink Painted Wood
rustic:painted_wood_gray, Gray Painted Wood
rustic:painted_wood_silver, Light Gray Painted Wood
rustic:painted_wood_cyan, Cyan Painted Wood
rustic:painted_wood_purple, Purple Painted Wood
rustic:painted_wood_blue, Blue Painted Wood
rustic:painted_wood_brown, Brown Painted Wood
rustic:painted_wood_green, Green Painted Wood
rustic:painted_wood_red, Red Painted Wood
rustic:painted_wood_black, Black Painted Wood
rustic:gargoyle, Gargoyle
rustic:cabinet, Cabinet
rustic:liquid_barrel, Liquid Barrel
rustic:fertile_soil, Fertile Soil
rustic:planks:0, Olive Wood Planks
rustic:planks:1, Ironwood Planks
rustic:log:0, Olive Wood
rustic:log:1, Ironwood
rustic:leaves:0, Olive Leaves
rustic:leaves:1, Ironwood Leaves
rustic:sapling:0, Olive Sapling
rustic:sapling:1, Ironwood Sapling
rustic:crushing_tub, Crushing Tub
rustic:evaporating_basin, Drying Basin
rustic:fence_olive, Olive Wood Fence
rustic:fence_ironwood, Ironwood Fence
rustic:fence_gate_olive, Olive Wood Fence Gate
rustic:fence_gate_ironwood, Ironwood Fence Gate
rustic:olive_slab_item, Olive Wood Slab
rustic:ironwood_slab_item, Ironwood Slab
rustic:stairs_olive, Olive Wood Stairs
rustic:stairs_ironwood, Ironwood Stairs
rustic:condenser, Alchemic Condenser
rustic:retort, Alchemic Retort
rustic:condenser_advanced, Advanced Alchemic Condenser
rustic:retort_advanced, Advanced Alchemic Retort
rustic:crop_stake, Wooden Stake
rustic:wildberry_bush, Wildberry Bush
rustic:rope, Rope
rustic:grape_stem, Grape Seeds
rustic:brewing_barrel, Brewing Barrel
rustic:apple_seeds, Apple Seeds
rustic:sapling_apple, Apple Sapling
rustic:leaves_apple, Apple Leaves
rustic:olive_door, Olive Door
rustic:ironwood_door, Ironwood Door
rustic:lantern_wood, Wooden Lantern
rustic:aloe_vera, Aloe Vera
rustic:blood_orchid, Blood Orchid
rustic:chamomile, Chamomile
rustic:cohosh, Cohosh
rustic:deathstalk_mushroom, Deathstalk Mushroom
rustic:horsetail, Horsetail
rustic:mooncap_mushroom, Mooncap Mushroom
rustic:wind_thistle, Wind Thistle
rustic:vanta_lily, Vanta Lily
rustic:cloudsbluff, Cloudsbluff
rustic:core_root, Core Root
rustic:ginseng, Ginseng Root
rustic:marsh_mallow, Marsh Mallow Root
rustic:book, Almanac
rustic:bee, Bee
rustic:honeycomb, Honeycomb
rustic:beeswax, Beeswax
rustic:tallow, Tallow
rustic:olives, Olives
rustic:ironberries, Ironberries
rustic:fluid_bottle, Bottle of %s
rustic:dust_tiny_iron, Tiny Pile of Iron Dust
rustic:dust_gold, Gold Dust
rustic:elixir, item.rustic.elixir.name
rustic:tomato, Tomato
rustic:tomato_seeds, Tomato Seeds
rustic:chili_pepper, Chili Pepper
rustic:ghost_pepper, Ghost Pepper
rustic:chili_pepper_seeds, Chili Pepper Seeds
rustic:wildberries, Wildberries
rustic:grapes, Grapes
chisel:blockaluminum:0, Block of Aluminum
chisel:blockaluminum:1, Block of Aluminum
chisel:blockaluminum:2, Block of Aluminum
chisel:blockaluminum:3, Block of Aluminum
chisel:blockaluminum:4, Block of Aluminum
chisel:blockaluminum:5, Block of Aluminum
chisel:blockaluminum:6, Block of Aluminum
chisel:andesite:0, Andesite
chisel:andesite:1, Andesite
chisel:andesite:2, Andesite
chisel:andesite:3, Andesite
chisel:andesite:4, Andesite
chisel:andesite:5, Andesite
chisel:andesite:6, Andesite
chisel:andesite:7, Andesite
chisel:andesite:8, Andesite
chisel:andesite:9, Andesite
chisel:andesite:10, Andesite
chisel:andesite:11, Andesite
chisel:andesite:12, Andesite
chisel:andesite:13, Andesite
chisel:andesite:14, Andesite
chisel:andesite:15, Andesite
chisel:andesite1:0, Andesite
chisel:andesite1:1, Andesite
chisel:andesite1:2, Andesite
chisel:andesite1:3, Andesite
chisel:andesite1:4, Andesite
chisel:andesite1:5, Andesite
chisel:andesite1:6, Andesite
chisel:andesite1:7, Andesite
chisel:andesite1:8, Andesite
chisel:andesite1:9, Andesite
chisel:andesite1:10, Andesite
chisel:andesite1:11, Andesite
chisel:andesite1:12, Andesite
chisel:andesite1:13, Andesite
chisel:andesite1:14, Andesite
chisel:andesite1:15, Andesite
chisel:andesite2:0, Andesite
chisel:antiblock:0, Antiblock
chisel:antiblock:1, Antiblock
chisel:antiblock:2, Antiblock
chisel:antiblock:3, Antiblock
chisel:antiblock:4, Antiblock
chisel:antiblock:5, Antiblock
chisel:antiblock:6, Antiblock
chisel:antiblock:7, Antiblock
chisel:antiblock:8, Antiblock
chisel:antiblock:9, Antiblock
chisel:antiblock:10, Antiblock
chisel:antiblock:11, Antiblock
chisel:antiblock:12, Antiblock
chisel:antiblock:13, Antiblock
chisel:antiblock:14, Antiblock
chisel:antiblock:15, Antiblock
chisel:basalt:0, Basalt
chisel:basalt:1, Basalt
chisel:basalt:2, Basalt
chisel:basalt:3, Basalt
chisel:basalt:4, Basalt
chisel:basalt:5, Basalt
chisel:basalt:6, Basalt
chisel:basalt:7, Basalt
chisel:basalt:8, Basalt
chisel:basalt:9, Basalt
chisel:basalt:10, Basalt
chisel:basalt:11, Basalt
chisel:basalt:12, Basalt
chisel:basalt:13, Basalt
chisel:basalt:14, Basalt
chisel:basalt:15, Basalt
chisel:basalt1:0, Basalt
chisel:basalt1:1, Basalt
chisel:basalt1:2, Basalt
chisel:basalt1:3, Basalt
chisel:basalt1:4, Basalt
chisel:basalt1:5, Basalt
chisel:basalt1:6, Basalt
chisel:basalt1:7, Basalt
chisel:basalt1:8, Basalt
chisel:basalt1:9, Basalt
chisel:basalt2:0, Basalt
chisel:basalt2:1, Basalt
chisel:basalt2:2, Basalt
chisel:basalt2:3, Basalt
chisel:basalt2:4, Basalt
chisel:basalt2:5, Basalt
chisel:basalt2:6, Basalt
chisel:basalt2:7, Basalt
chisel:bookshelf_oak:0, Oak Bookshelf
chisel:bookshelf_oak:1, Oak Bookshelf
chisel:bookshelf_oak:2, Oak Bookshelf
chisel:bookshelf_oak:3, Oak Bookshelf
chisel:bookshelf_oak:4, Oak Bookshelf
chisel:bookshelf_oak:5, Oak Bookshelf
chisel:bookshelf_oak:6, Oak Bookshelf
chisel:bookshelf_oak:7, Oak Bookshelf
chisel:bookshelf_oak:8, Oak Bookshelf
chisel:bookshelf_oak:9, Oak Bookshelf
chisel:bookshelf_spruce:0, Spruce Bookshelf
chisel:bookshelf_spruce:1, Spruce Bookshelf
chisel:bookshelf_spruce:2, Spruce Bookshelf
chisel:bookshelf_spruce:3, Spruce Bookshelf
chisel:bookshelf_spruce:4, Spruce Bookshelf
chisel:bookshelf_spruce:5, Spruce Bookshelf
chisel:bookshelf_spruce:6, Spruce Bookshelf
chisel:bookshelf_spruce:7, Spruce Bookshelf
chisel:bookshelf_spruce:8, Spruce Bookshelf
chisel:bookshelf_spruce:9, Spruce Bookshelf
chisel:bookshelf_birch:0, Birch Bookshelf
chisel:bookshelf_birch:1, Birch Bookshelf
chisel:bookshelf_birch:2, Birch Bookshelf
chisel:bookshelf_birch:3, Birch Bookshelf
chisel:bookshelf_birch:4, Birch Bookshelf
chisel:bookshelf_birch:5, Birch Bookshelf
chisel:bookshelf_birch:6, Birch Bookshelf
chisel:bookshelf_birch:7, Birch Bookshelf
chisel:bookshelf_birch:8, Birch Bookshelf
chisel:bookshelf_birch:9, Birch Bookshelf
chisel:bookshelf_jungle:0, Jungle Bookshelf
chisel:bookshelf_jungle:1, Jungle Bookshelf
chisel:bookshelf_jungle:2, Jungle Bookshelf
chisel:bookshelf_jungle:3, Jungle Bookshelf
chisel:bookshelf_jungle:4, Jungle Bookshelf
chisel:bookshelf_jungle:5, Jungle Bookshelf
chisel:bookshelf_jungle:6, Jungle Bookshelf
chisel:bookshelf_jungle:7, Jungle Bookshelf
chisel:bookshelf_jungle:8, Jungle Bookshelf
chisel:bookshelf_jungle:9, Jungle Bookshelf
chisel:bookshelf_acacia:0, Acacia Bookshelf
chisel:bookshelf_acacia:1, Acacia Bookshelf
chisel:bookshelf_acacia:2, Acacia Bookshelf
chisel:bookshelf_acacia:3, Acacia Bookshelf
chisel:bookshelf_acacia:4, Acacia Bookshelf
chisel:bookshelf_acacia:5, Acacia Bookshelf
chisel:bookshelf_acacia:6, Acacia Bookshelf
chisel:bookshelf_acacia:7, Acacia Bookshelf
chisel:bookshelf_acacia:8, Acacia Bookshelf
chisel:bookshelf_acacia:9, Acacia Bookshelf
chisel:bookshelf_darkoak:0, Dark Oak Bookshelf
chisel:bookshelf_darkoak:1, Dark Oak Bookshelf
chisel:bookshelf_darkoak:2, Dark Oak Bookshelf
chisel:bookshelf_darkoak:3, Dark Oak Bookshelf
chisel:bookshelf_darkoak:4, Dark Oak Bookshelf
chisel:bookshelf_darkoak:5, Dark Oak Bookshelf
chisel:bookshelf_darkoak:6, Dark Oak Bookshelf
chisel:bookshelf_darkoak:7, Dark Oak Bookshelf
chisel:bookshelf_darkoak:8, Dark Oak Bookshelf
chisel:bookshelf_darkoak:9, Dark Oak Bookshelf
chisel:bricks:0, Bricks
chisel:bricks:1, Bricks
chisel:bricks:2, Bricks
chisel:bricks:3, Bricks
chisel:bricks:4, Bricks
chisel:bricks:5, Bricks
chisel:bricks:6, Bricks
chisel:bricks:7, Bricks
chisel:bricks:8, Bricks
chisel:bricks:9, Bricks
chisel:bricks:10, Bricks
chisel:bricks:11, Bricks
chisel:bricks:12, Bricks
chisel:bricks:13, Bricks
chisel:bricks:14, Bricks
chisel:bricks:15, Bricks
chisel:bricks1:0, Bricks
chisel:bricks1:1, Bricks
chisel:bricks1:2, Bricks
chisel:bricks1:3, Bricks
chisel:bricks1:4, Bricks
chisel:bricks1:5, Bricks
chisel:bricks1:6, Bricks
chisel:bricks1:7, Bricks
chisel:bricks1:8, Bricks
chisel:bricks1:9, Bricks
chisel:bricks2:0, Bricks
chisel:bricks2:1, Bricks
chisel:bricks2:2, Bricks
chisel:bricks2:3, Bricks
chisel:bricks2:4, Bricks
chisel:bricks2:5, Bricks
chisel:blockbronze:0, Block of Bronze
chisel:blockbronze:1, Block of Bronze
chisel:blockbronze:2, Block of Bronze
chisel:blockbronze:3, Block of Bronze
chisel:blockbronze:4, Block of Bronze
chisel:blockbronze:5, Block of Bronze
chisel:blockbronze:6, Block of Bronze
chisel:brownstone:0, Brownstone
chisel:brownstone:1, Brownstone
chisel:brownstone:2, Brownstone
chisel:brownstone:3, Brownstone
chisel:brownstone:4, Brownstone
chisel:brownstone:5, Brownstone
chisel:brownstone:6, Brownstone
chisel:brownstone:7, Brownstone
chisel:brownstone:8, Brownstone
chisel:brownstone:9, Brownstone
chisel:certus:0, Block of Certus Quartz
chisel:certus:1, Block of Certus Quartz
chisel:certus:2, Block of Certus Quartz
chisel:certus:3, Block of Certus Quartz
chisel:certus:4, Block of Certus Quartz
chisel:certus:5, Block of Certus Quartz
chisel:certus:6, Block of Certus Quartz
chisel:certus:7, Block of Certus Quartz
chisel:certus:8, Block of Certus Quartz
chisel:certus:9, Block of Certus Quartz
chisel:certus:10, Block of Certus Quartz
chisel:certus:11, Block of Certus Quartz
chisel:certus:12, Block of Certus Quartz
chisel:certus:13, Block of Certus Quartz
chisel:certus:14, Block of Certus Quartz
chisel:certus:15, Block of Certus Quartz
chisel:certus1:0, Block of Certus Quartz
chisel:certus1:1, Block of Certus Quartz
chisel:certus1:2, Block of Certus Quartz
chisel:certus1:3, Block of Certus Quartz
chisel:certus1:4, Block of Certus Quartz
chisel:certus1:5, Block of Certus Quartz
chisel:certus1:6, Block of Certus Quartz
chisel:certus1:7, Block of Certus Quartz
chisel:certus1:8, Block of Certus Quartz
chisel:certus1:9, Block of Certus Quartz
chisel:certus1:10, Block of Certus Quartz
chisel:certus1:11, Block of Certus Quartz
chisel:certus1:12, Block of Certus Quartz
chisel:certus1:13, Block of Certus Quartz
chisel:certus1:14, Block of Certus Quartz
chisel:certus1:15, Block of Certus Quartz
chisel:certus2:0, Block of Certus Quartz
chisel:certus2:1, Block of Certus Quartz
chisel:carpet_black:0, Black Carpet
chisel:carpet_black:1, Black Carpet
chisel:carpet_red:0, Red Carpet
chisel:carpet_red:1, Red Carpet
chisel:carpet_green:0, Green Carpet
chisel:carpet_green:1, Green Carpet
chisel:carpet_brown:0, Brown Carpet
chisel:carpet_brown:1, Brown Carpet
chisel:carpet_blue:0, Blue Carpet
chisel:carpet_blue:1, Blue Carpet
chisel:carpet_purple:0, Purple Carpet
chisel:carpet_purple:1, Purple Carpet
chisel:carpet_cyan:0, Cyan Carpet
chisel:carpet_cyan:1, Cyan Carpet
chisel:carpet_lightgray:0, Light Gray Carpet
chisel:carpet_lightgray:1, Light Gray Carpet
chisel:carpet_gray:0, Gray Carpet
chisel:carpet_gray:1, Gray Carpet
chisel:carpet_pink:0, Pink Carpet
chisel:carpet_pink:1, Pink Carpet
chisel:carpet_lime:0, Lime Carpet
chisel:carpet_lime:1, Lime Carpet
chisel:carpet_yellow:0, Yellow Carpet
chisel:carpet_yellow:1, Yellow Carpet
chisel:carpet_lightblue:0, Light Blue Carpet
chisel:carpet_lightblue:1, Light Blue Carpet
chisel:carpet_magenta:0, Magenta Carpet
chisel:carpet_magenta:1, Magenta Carpet
chisel:carpet_orange:0, Orange Carpet
chisel:carpet_orange:1, Orange Carpet
chisel:carpet_white:0, White Carpet
chisel:carpet_white:1, White Carpet
chisel:block_charcoal:0, Block of Charcoal
chisel:block_charcoal:1, Block of Charcoal
chisel:block_charcoal:2, Block of Charcoal
chisel:block_charcoal:3, Block of Charcoal
chisel:block_charcoal:4, Block of Charcoal
chisel:block_charcoal:5, Block of Charcoal
chisel:block_charcoal:6, Block of Charcoal
chisel:block_charcoal:7, Block of Charcoal
chisel:block_charcoal:8, Block of Charcoal
chisel:block_charcoal:9, Block of Charcoal
chisel:block_charcoal:10, Block of Charcoal
chisel:block_charcoal:11, Block of Charcoal
chisel:block_charcoal:12, Block of Charcoal
chisel:block_charcoal:13, Block of Charcoal
chisel:block_charcoal:14, Block of Charcoal
chisel:block_charcoal:15, Block of Charcoal
chisel:block_charcoal1:0, Block of Charcoal
chisel:block_charcoal1:1, Block of Charcoal
chisel:block_charcoal1:2, Block of Charcoal
chisel:block_charcoal1:3, Block of Charcoal
chisel:block_charcoal1:4, Block of Charcoal
chisel:block_charcoal1:5, Block of Charcoal
chisel:block_charcoal1:6, Block of Charcoal
chisel:block_charcoal1:7, Block of Charcoal
chisel:block_charcoal1:8, Block of Charcoal
chisel:block_charcoal1:9, Block of Charcoal
chisel:block_charcoal1:10, Block of Charcoal
chisel:block_charcoal1:11, Block of Charcoal
chisel:block_charcoal1:12, Block of Charcoal
chisel:block_charcoal1:13, Block of Charcoal
chisel:block_charcoal1:14, Block of Charcoal
chisel:block_charcoal1:15, Block of Charcoal
chisel:block_charcoal2:0, Block of Charcoal
chisel:block_charcoal2:1, Block of Charcoal
chisel:cloud:0, Cloud
chisel:cloud:1, Cloud
chisel:cloud:2, Cloud
chisel:cloud:3, Cloud
chisel:cloud:4, Cloud
chisel:blockcobalt:0, Block of Cobalt
chisel:blockcobalt:1, Block of Cobalt
chisel:blockcobalt:2, Block of Cobalt
chisel:blockcobalt:3, Block of Cobalt
chisel:blockcobalt:4, Block of Cobalt
chisel:blockcobalt:5, Block of Cobalt
chisel:blockcobalt:6, Block of Cobalt
chisel:cobblestone:0, Cobblestone
chisel:cobblestone:1, Cobblestone
chisel:cobblestone:2, Cobblestone
chisel:cobblestone:3, Cobblestone
chisel:cobblestone:4, Cobblestone
chisel:cobblestone:5, Cobblestone
chisel:cobblestone:6, Cobblestone
chisel:cobblestone:7, Cobblestone
chisel:cobblestone:8, Cobblestone
chisel:cobblestone:9, Cobblestone
chisel:cobblestone:10, Cobblestone
chisel:cobblestone:11, Cobblestone
chisel:cobblestone:12, Cobblestone
chisel:cobblestone:13, Cobblestone
chisel:cobblestone:14, Cobblestone
chisel:cobblestone:15, Cobblestone
chisel:cobblestone1:0, Cobblestone
chisel:cobblestone1:1, Cobblestone
chisel:cobblestone1:2, Cobblestone
chisel:cobblestone1:3, Cobblestone
chisel:cobblestone1:4, Cobblestone
chisel:cobblestone1:5, Cobblestone
chisel:cobblestone1:6, Cobblestone
chisel:cobblestone1:7, Cobblestone
chisel:cobblestone1:8, Cobblestone
chisel:cobblestone1:9, Cobblestone
chisel:cobblestone2:0, Cobblestone
chisel:cobblestone2:1, Cobblestone
chisel:cobblestone2:2, Cobblestone
chisel:cobblestone2:3, Cobblestone
chisel:cobblestone2:4, Cobblestone
chisel:cobblestone2:5, Cobblestone
chisel:cobblestone2:6, Cobblestone
chisel:cobblestone2:7, Cobblestone
chisel:cobblestone2:8, Cobblestone
chisel:cobblestone2:9, Cobblestone
chisel:block_coal:0, Block of Coal
chisel:block_coal:1, Block of Coal
chisel:block_coal:2, Block of Coal
chisel:block_coal:3, Block of Coal
chisel:block_coal:4, Block of Coal
chisel:block_coal:5, Block of Coal
chisel:block_coal:6, Block of Coal
chisel:block_coal:7, Block of Coal
chisel:block_coal:8, Block of Coal
chisel:block_coal:9, Block of Coal
chisel:block_coal:10, Block of Coal
chisel:block_coal:11, Block of Coal
chisel:block_coal:12, Block of Coal
chisel:block_coal:13, Block of Coal
chisel:block_coal:14, Block of Coal
chisel:block_coal:15, Block of Coal
chisel:block_coal1:0, Block of Coal
chisel:block_coal1:1, Block of Coal
chisel:block_coal1:2, Block of Coal
chisel:block_coal1:3, Block of Coal
chisel:block_coal1:4, Block of Coal
chisel:block_coal1:5, Block of Coal
chisel:block_coal1:6, Block of Coal
chisel:block_coal1:7, Block of Coal
chisel:block_coal1:8, Block of Coal
chisel:block_coal1:9, Block of Coal
chisel:block_coal1:10, Block of Coal
chisel:block_coal1:11, Block of Coal
chisel:block_coal1:12, Block of Coal
chisel:block_coal1:13, Block of Coal
chisel:block_coal1:14, Block of Coal
chisel:block_coal1:15, Block of Coal
chisel:block_coal2:0, Block of Coal
chisel:block_coal2:1, Block of Coal
chisel:block_coal_coke:0, Block of Coal Coke
chisel:block_coal_coke:1, Block of Coal Coke
chisel:block_coal_coke:2, Block of Coal Coke
chisel:block_coal_coke:3, Block of Coal Coke
chisel:block_coal_coke:4, Block of Coal Coke
chisel:block_coal_coke:5, Block of Coal Coke
chisel:block_coal_coke:6, Block of Coal Coke
chisel:block_coal_coke:7, Block of Coal Coke
chisel:block_coal_coke:8, Block of Coal Coke
chisel:block_coal_coke:9, Block of Coal Coke
chisel:block_coal_coke:10, Block of Coal Coke
chisel:block_coal_coke:11, Block of Coal Coke
chisel:block_coal_coke:12, Block of Coal Coke
chisel:block_coal_coke:13, Block of Coal Coke
chisel:block_coal_coke:14, Block of Coal Coke
chisel:block_coal_coke:15, Block of Coal Coke
chisel:block_coal_coke1:0, Block of Coal Coke
chisel:block_coal_coke1:1, Block of Coal Coke
chisel:block_coal_coke1:2, Block of Coal Coke
chisel:block_coal_coke1:3, Block of Coal Coke
chisel:block_coal_coke1:4, Block of Coal Coke
chisel:block_coal_coke1:5, Block of Coal Coke
chisel:block_coal_coke1:6, Block of Coal Coke
chisel:block_coal_coke1:7, Block of Coal Coke
chisel:block_coal_coke1:8, Block of Coal Coke
chisel:block_coal_coke1:9, Block of Coal Coke
chisel:block_coal_coke1:10, Block of Coal Coke
chisel:block_coal_coke1:11, Block of Coal Coke
chisel:block_coal_coke1:12, Block of Coal Coke
chisel:block_coal_coke1:13, Block of Coal Coke
chisel:block_coal_coke1:14, Block of Coal Coke
chisel:block_coal_coke1:15, Block of Coal Coke
chisel:block_coal_coke2:0, Block of Coal Coke
chisel:block_coal_coke2:1, Block of Coal Coke
chisel:cobblestonemossy:0, Moss Stone
chisel:cobblestonemossy:1, Moss Stone
chisel:cobblestonemossy:2, Moss Stone
chisel:cobblestonemossy:3, Moss Stone
chisel:cobblestonemossy:4, Moss Stone
chisel:cobblestonemossy:5, Moss Stone
chisel:cobblestonemossy:6, Moss Stone
chisel:cobblestonemossy:7, Moss Stone
chisel:cobblestonemossy:8, Moss Stone
chisel:cobblestonemossy:9, Moss Stone
chisel:cobblestonemossy:10, Moss Stone
chisel:cobblestonemossy:11, Moss Stone
chisel:cobblestonemossy:12, Moss Stone
chisel:cobblestonemossy:13, Moss Stone
chisel:cobblestonemossy:14, Moss Stone
chisel:cobblestonemossy:15, Moss Stone
chisel:cobblestonemossy1:0, Moss Stone
chisel:cobblestonemossy1:1, Moss Stone
chisel:cobblestonemossy1:2, Moss Stone
chisel:cobblestonemossy1:3, Moss Stone
chisel:cobblestonemossy1:4, Moss Stone
chisel:cobblestonemossy1:5, Moss Stone
chisel:cobblestonemossy1:6, Moss Stone
chisel:cobblestonemossy1:7, Moss Stone
chisel:cobblestonemossy1:8, Moss Stone
chisel:cobblestonemossy1:9, Moss Stone
chisel:cobblestonemossy1:10, Moss Stone
chisel:cobblestonemossy1:11, Moss Stone
chisel:cobblestonemossy1:12, Moss Stone
chisel:cobblestonemossy1:13, Moss Stone
chisel:cobblestonemossy1:14, Moss Stone
chisel:cobblestonemossy1:15, Moss Stone
chisel:cobblestonemossy2:0, Moss Stone
chisel:concrete_black:0, Black Concrete
chisel:concrete_black:1, Black Concrete
chisel:concrete_black:2, Black Concrete
chisel:concrete_black:3, Black Concrete
chisel:concrete_black:4, Black Concrete
chisel:concrete_black:5, Black Concrete
chisel:concrete_black:6, Black Concrete
chisel:concrete_black:7, Black Concrete
chisel:concrete_black:8, Black Concrete
chisel:concrete_black:9, Black Concrete
chisel:concrete_black:10, Black Concrete
chisel:concrete_black:11, Black Concrete
chisel:concrete_black:12, Black Concrete
chisel:concrete_black:13, Black Concrete
chisel:concrete_black:14, Black Concrete
chisel:concrete_black:15, Black Concrete
chisel:concrete_black1:0, Black Concrete
chisel:concrete_black1:1, Black Concrete
chisel:concrete_black1:2, Black Concrete
chisel:concrete_black1:3, Black Concrete
chisel:concrete_black1:4, Black Concrete
chisel:concrete_black1:5, Black Concrete
chisel:concrete_black1:6, Black Concrete
chisel:concrete_black1:7, Black Concrete
chisel:concrete_black1:8, Black Concrete
chisel:concrete_black1:9, Black Concrete
chisel:concrete_black1:10, Black Concrete
chisel:concrete_black1:11, Black Concrete
chisel:concrete_black1:12, Black Concrete
chisel:concrete_black1:13, Black Concrete
chisel:concrete_black1:14, Black Concrete
chisel:concrete_black1:15, Black Concrete
chisel:concrete_black2:0, Black Concrete
chisel:concrete_red:0, Red Concrete
chisel:concrete_red:1, Red Concrete
chisel:concrete_red:2, Red Concrete
chisel:concrete_red:3, Red Concrete
chisel:concrete_red:4, Red Concrete
chisel:concrete_red:5, Red Concrete
chisel:concrete_red:6, Red Concrete
chisel:concrete_red:7, Red Concrete
chisel:concrete_red:8, Red Concrete
chisel:concrete_red:9, Red Concrete
chisel:concrete_red:10, Red Concrete
chisel:concrete_red:11, Red Concrete
chisel:concrete_red:12, Red Concrete
chisel:concrete_red:13, Red Concrete
chisel:concrete_red:14, Red Concrete
chisel:concrete_red:15, Red Concrete
chisel:concrete_red1:0, Red Concrete
chisel:concrete_red1:1, Red Concrete
chisel:concrete_red1:2, Red Concrete
chisel:concrete_red1:3, Red Concrete
chisel:concrete_red1:4, Red Concrete
chisel:concrete_red1:5, Red Concrete
chisel:concrete_red1:6, Red Concrete
chisel:concrete_red1:7, Red Concrete
chisel:concrete_red1:8, Red Concrete
chisel:concrete_red1:9, Red Concrete
chisel:concrete_red1:10, Red Concrete
chisel:concrete_red1:11, Red Concrete
chisel:concrete_red1:12, Red Concrete
chisel:concrete_red1:13, Red Concrete
chisel:concrete_red1:14, Red Concrete
chisel:concrete_red1:15, Red Concrete
chisel:concrete_red2:0, Red Concrete
chisel:concrete_green:0, Green Concrete
chisel:concrete_green:1, Green Concrete
chisel:concrete_green:2, Green Concrete
chisel:concrete_green:3, Green Concrete
chisel:concrete_green:4, Green Concrete
chisel:concrete_green:5, Green Concrete
chisel:concrete_green:6, Green Concrete
chisel:concrete_green:7, Green Concrete
chisel:concrete_green:8, Green Concrete
chisel:concrete_green:9, Green Concrete
chisel:concrete_green:10, Green Concrete
chisel:concrete_green:11, Green Concrete
chisel:concrete_green:12, Green Concrete
chisel:concrete_green:13, Green Concrete
chisel:concrete_green:14, Green Concrete
chisel:concrete_green:15, Green Concrete
chisel:concrete_green1:0, Green Concrete
chisel:concrete_green1:1, Green Concrete
chisel:concrete_green1:2, Green Concrete
chisel:concrete_green1:3, Green Concrete
chisel:concrete_green1:4, Green Concrete
chisel:concrete_green1:5, Green Concrete
chisel:concrete_green1:6, Green Concrete
chisel:concrete_green1:7, Green Concrete
chisel:concrete_green1:8, Green Concrete
chisel:concrete_green1:9, Green Concrete
chisel:concrete_green1:10, Green Concrete
chisel:concrete_green1:11, Green Concrete
chisel:concrete_green1:12, Green Concrete
chisel:concrete_green1:13, Green Concrete
chisel:concrete_green1:14, Green Concrete
chisel:concrete_green1:15, Green Concrete
chisel:concrete_green2:0, Green Concrete
chisel:concrete_brown:0, Brown Concrete
chisel:concrete_brown:1, Brown Concrete
chisel:concrete_brown:2, Brown Concrete
chisel:concrete_brown:3, Brown Concrete
chisel:concrete_brown:4, Brown Concrete
chisel:concrete_brown:5, Brown Concrete
chisel:concrete_brown:6, Brown Concrete
chisel:concrete_brown:7, Brown Concrete
chisel:concrete_brown:8, Brown Concrete
chisel:concrete_brown:9, Brown Concrete
chisel:concrete_brown:10, Brown Concrete
chisel:concrete_brown:11, Brown Concrete
chisel:concrete_brown:12, Brown Concrete
chisel:concrete_brown:13, Brown Concrete
chisel:concrete_brown:14, Brown Concrete
chisel:concrete_brown:15, Brown Concrete
chisel:concrete_brown1:0, Brown Concrete
chisel:concrete_brown1:1, Brown Concrete
chisel:concrete_brown1:2, Brown Concrete
chisel:concrete_brown1:3, Brown Concrete
chisel:concrete_brown1:4, Brown Concrete
chisel:concrete_brown1:5, Brown Concrete
chisel:concrete_brown1:6, Brown Concrete
chisel:concrete_brown1:7, Brown Concrete
chisel:concrete_brown1:8, Brown Concrete
chisel:concrete_brown1:9, Brown Concrete
chisel:concrete_brown1:10, Brown Concrete
chisel:concrete_brown1:11, Brown Concrete
chisel:concrete_brown1:12, Brown Concrete
chisel:concrete_brown1:13, Brown Concrete
chisel:concrete_brown1:14, Brown Concrete
chisel:concrete_brown1:15, Brown Concrete
chisel:concrete_brown2:0, Brown Concrete
chisel:concrete_blue:0, Blue Concrete
chisel:concrete_blue:1, Blue Concrete
chisel:concrete_blue:2, Blue Concrete
chisel:concrete_blue:3, Blue Concrete
chisel:concrete_blue:4, Blue Concrete
chisel:concrete_blue:5, Blue Concrete
chisel:concrete_blue:6, Blue Concrete
chisel:concrete_blue:7, Blue Concrete
chisel:concrete_blue:8, Blue Concrete
chisel:concrete_blue:9, Blue Concrete
chisel:concrete_blue:10, Blue Concrete
chisel:concrete_blue:11, Blue Concrete
chisel:concrete_blue:12, Blue Concrete
chisel:concrete_blue:13, Blue Concrete
chisel:concrete_blue:14, Blue Concrete
chisel:concrete_blue:15, Blue Concrete
chisel:concrete_blue1:0, Blue Concrete
chisel:concrete_blue1:1, Blue Concrete
chisel:concrete_blue1:2, Blue Concrete
chisel:concrete_blue1:3, Blue Concrete
chisel:concrete_blue1:4, Blue Concrete
chisel:concrete_blue1:5, Blue Concrete
chisel:concrete_blue1:6, Blue Concrete
chisel:concrete_blue1:7, Blue Concrete
chisel:concrete_blue1:8, Blue Concrete
chisel:concrete_blue1:9, Blue Concrete
chisel:concrete_blue1:10, Blue Concrete
chisel:concrete_blue1:11, Blue Concrete
chisel:concrete_blue1:12, Blue Concrete
chisel:concrete_blue1:13, Blue Concrete
chisel:concrete_blue1:14, Blue Concrete
chisel:concrete_blue1:15, Blue Concrete
chisel:concrete_blue2:0, Blue Concrete
chisel:concrete_purple:0, Purple Concrete
chisel:concrete_purple:1, Purple Concrete
chisel:concrete_purple:2, Purple Concrete
chisel:concrete_purple:3, Purple Concrete
chisel:concrete_purple:4, Purple Concrete
chisel:concrete_purple:5, Purple Concrete
chisel:concrete_purple:6, Purple Concrete
chisel:concrete_purple:7, Purple Concrete
chisel:concrete_purple:8, Purple Concrete
chisel:concrete_purple:9, Purple Concrete
chisel:concrete_purple:10, Purple Concrete
chisel:concrete_purple:11, Purple Concrete
chisel:concrete_purple:12, Purple Concrete
chisel:concrete_purple:13, Purple Concrete
chisel:concrete_purple:14, Purple Concrete
chisel:concrete_purple:15, Purple Concrete
chisel:concrete_purple1:0, Purple Concrete
chisel:concrete_purple1:1, Purple Concrete
chisel:concrete_purple1:2, Purple Concrete
chisel:concrete_purple1:3, Purple Concrete
chisel:concrete_purple1:4, Purple Concrete
chisel:concrete_purple1:5, Purple Concrete
chisel:concrete_purple1:6, Purple Concrete
chisel:concrete_purple1:7, Purple Concrete
chisel:concrete_purple1:8, Purple Concrete
chisel:concrete_purple1:9, Purple Concrete
chisel:concrete_purple1:10, Purple Concrete
chisel:concrete_purple1:11, Purple Concrete
chisel:concrete_purple1:12, Purple Concrete
chisel:concrete_purple1:13, Purple Concrete
chisel:concrete_purple1:14, Purple Concrete
chisel:concrete_purple1:15, Purple Concrete
chisel:concrete_purple2:0, Purple Concrete
chisel:concrete_cyan:0, Cyan Concrete
chisel:concrete_cyan:1, Cyan Concrete
chisel:concrete_cyan:2, Cyan Concrete
chisel:concrete_cyan:3, Cyan Concrete
chisel:concrete_cyan:4, Cyan Concrete
chisel:concrete_cyan:5, Cyan Concrete
chisel:concrete_cyan:6, Cyan Concrete
chisel:concrete_cyan:7, Cyan Concrete
chisel:concrete_cyan:8, Cyan Concrete
chisel:concrete_cyan:9, Cyan Concrete
chisel:concrete_cyan:10, Cyan Concrete
chisel:concrete_cyan:11, Cyan Concrete
chisel:concrete_cyan:12, Cyan Concrete
chisel:concrete_cyan:13, Cyan Concrete
chisel:concrete_cyan:14, Cyan Concrete
chisel:concrete_cyan:15, Cyan Concrete
chisel:concrete_cyan1:0, Cyan Concrete
chisel:concrete_cyan1:1, Cyan Concrete
chisel:concrete_cyan1:2, Cyan Concrete
chisel:concrete_cyan1:3, Cyan Concrete
chisel:concrete_cyan1:4, Cyan Concrete
chisel:concrete_cyan1:5, Cyan Concrete
chisel:concrete_cyan1:6, Cyan Concrete
chisel:concrete_cyan1:7, Cyan Concrete
chisel:concrete_cyan1:8, Cyan Concrete
chisel:concrete_cyan1:9, Cyan Concrete
chisel:concrete_cyan1:10, Cyan Concrete
chisel:concrete_cyan1:11, Cyan Concrete
chisel:concrete_cyan1:12, Cyan Concrete
chisel:concrete_cyan1:13, Cyan Concrete
chisel:concrete_cyan1:14, Cyan Concrete
chisel:concrete_cyan1:15, Cyan Concrete
chisel:concrete_cyan2:0, Cyan Concrete
chisel:concrete_lightgray:0, Light Gray Concrete
chisel:concrete_lightgray:1, Light Gray Concrete
chisel:concrete_lightgray:2, Light Gray Concrete
chisel:concrete_lightgray:3, Light Gray Concrete
chisel:concrete_lightgray:4, Light Gray Concrete
chisel:concrete_lightgray:5, Light Gray Concrete
chisel:concrete_lightgray:6, Light Gray Concrete
chisel:concrete_lightgray:7, Light Gray Concrete
chisel:concrete_lightgray:8, Light Gray Concrete
chisel:concrete_lightgray:9, Light Gray Concrete
chisel:concrete_lightgray:10, Light Gray Concrete
chisel:concrete_lightgray:11, Light Gray Concrete
chisel:concrete_lightgray:12, Light Gray Concrete
chisel:concrete_lightgray:13, Light Gray Concrete
chisel:concrete_lightgray:14, Light Gray Concrete
chisel:concrete_lightgray:15, Light Gray Concrete
chisel:concrete_lightgray1:0, Light Gray Concrete
chisel:concrete_lightgray1:1, Light Gray Concrete
chisel:concrete_lightgray1:2, Light Gray Concrete
chisel:concrete_lightgray1:3, Light Gray Concrete
chisel:concrete_lightgray1:4, Light Gray Concrete
chisel:concrete_lightgray1:5, Light Gray Concrete
chisel:concrete_lightgray1:6, Light Gray Concrete
chisel:concrete_lightgray1:7, Light Gray Concrete
chisel:concrete_lightgray1:8, Light Gray Concrete
chisel:concrete_lightgray1:9, Light Gray Concrete
chisel:concrete_lightgray1:10, Light Gray Concrete
chisel:concrete_lightgray1:11, Light Gray Concrete
chisel:concrete_lightgray1:12, Light Gray Concrete
chisel:concrete_lightgray1:13, Light Gray Concrete
chisel:concrete_lightgray1:14, Light Gray Concrete
chisel:concrete_lightgray1:15, Light Gray Concrete
chisel:concrete_lightgray2:0, Light Gray Concrete
chisel:concrete_gray:0, Gray Concrete
chisel:concrete_gray:1, Gray Concrete
chisel:concrete_gray:2, Gray Concrete
chisel:concrete_gray:3, Gray Concrete
chisel:concrete_gray:4, Gray Concrete
chisel:concrete_gray:5, Gray Concrete
chisel:concrete_gray:6, Gray Concrete
chisel:concrete_gray:7, Gray Concrete
chisel:concrete_gray:8, Gray Concrete
chisel:concrete_gray:9, Gray Concrete
chisel:concrete_gray:10, Gray Concrete
chisel:concrete_gray:11, Gray Concrete
chisel:concrete_gray:12, Gray Concrete
chisel:concrete_gray:13, Gray Concrete
chisel:concrete_gray:14, Gray Concrete
chisel:concrete_gray:15, Gray Concrete
chisel:concrete_gray1:0, Gray Concrete
chisel:concrete_gray1:1, Gray Concrete
chisel:concrete_gray1:2, Gray Concrete
chisel:concrete_gray1:3, Gray Concrete
chisel:concrete_gray1:4, Gray Concrete
chisel:concrete_gray1:5, Gray Concrete
chisel:concrete_gray1:6, Gray Concrete
chisel:concrete_gray1:7, Gray Concrete
chisel:concrete_gray1:8, Gray Concrete
chisel:concrete_gray1:9, Gray Concrete
chisel:concrete_gray1:10, Gray Concrete
chisel:concrete_gray1:11, Gray Concrete
chisel:concrete_gray1:12, Gray Concrete
chisel:concrete_gray1:13, Gray Concrete
chisel:concrete_gray1:14, Gray Concrete
chisel:concrete_gray1:15, Gray Concrete
chisel:concrete_gray2:0, Gray Concrete
chisel:concrete_pink:0, Pink Concrete
chisel:concrete_pink:1, Pink Concrete
chisel:concrete_pink:2, Pink Concrete
chisel:concrete_pink:3, Pink Concrete
chisel:concrete_pink:4, Pink Concrete
chisel:concrete_pink:5, Pink Concrete
chisel:concrete_pink:6, Pink Concrete
chisel:concrete_pink:7, Pink Concrete
chisel:concrete_pink:8, Pink Concrete
chisel:concrete_pink:9, Pink Concrete
chisel:concrete_pink:10, Pink Concrete
chisel:concrete_pink:11, Pink Concrete
chisel:concrete_pink:12, Pink Concrete
chisel:concrete_pink:13, Pink Concrete
chisel:concrete_pink:14, Pink Concrete
chisel:concrete_pink:15, Pink Concrete
chisel:concrete_pink1:0, Pink Concrete
chisel:concrete_pink1:1, Pink Concrete
chisel:concrete_pink1:2, Pink Concrete
chisel:concrete_pink1:3, Pink Concrete
chisel:concrete_pink1:4, Pink Concrete
chisel:concrete_pink1:5, Pink Concrete
chisel:concrete_pink1:6, Pink Concrete
chisel:concrete_pink1:7, Pink Concrete
chisel:concrete_pink1:8, Pink Concrete
chisel:concrete_pink1:9, Pink Concrete
chisel:concrete_pink1:10, Pink Concrete
chisel:concrete_pink1:11, Pink Concrete
chisel:concrete_pink1:12, Pink Concrete
chisel:concrete_pink1:13, Pink Concrete
chisel:concrete_pink1:14, Pink Concrete
chisel:concrete_pink1:15, Pink Concrete
chisel:concrete_pink2:0, Pink Concrete
chisel:concrete_lime:0, Lime Concrete
chisel:concrete_lime:1, Lime Concrete
chisel:concrete_lime:2, Lime Concrete
chisel:concrete_lime:3, Lime Concrete
chisel:concrete_lime:4, Lime Concrete
chisel:concrete_lime:5, Lime Concrete
chisel:concrete_lime:6, Lime Concrete
chisel:concrete_lime:7, Lime Concrete
chisel:concrete_lime:8, Lime Concrete
chisel:concrete_lime:9, Lime Concrete
chisel:concrete_lime:10, Lime Concrete
chisel:concrete_lime:11, Lime Concrete
chisel:concrete_lime:12, Lime Concrete
chisel:concrete_lime:13, Lime Concrete
chisel:concrete_lime:14, Lime Concrete
chisel:concrete_lime:15, Lime Concrete
chisel:concrete_lime1:0, Lime Concrete
chisel:concrete_lime1:1, Lime Concrete
chisel:concrete_lime1:2, Lime Concrete
chisel:concrete_lime1:3, Lime Concrete
chisel:concrete_lime1:4, Lime Concrete
chisel:concrete_lime1:5, Lime Concrete
chisel:concrete_lime1:6, Lime Concrete
chisel:concrete_lime1:7, Lime Concrete
chisel:concrete_lime1:8, Lime Concrete
chisel:concrete_lime1:9, Lime Concrete
chisel:concrete_lime1:10, Lime Concrete
chisel:concrete_lime1:11, Lime Concrete
chisel:concrete_lime1:12, Lime Concrete
chisel:concrete_lime1:13, Lime Concrete
chisel:concrete_lime1:14, Lime Concrete
chisel:concrete_lime1:15, Lime Concrete
chisel:concrete_lime2:0, Lime Concrete
chisel:concrete_yellow:0, Yellow Concrete
chisel:concrete_yellow:1, Yellow Concrete
chisel:concrete_yellow:2, Yellow Concrete
chisel:concrete_yellow:3, Yellow Concrete
chisel:concrete_yellow:4, Yellow Concrete
chisel:concrete_yellow:5, Yellow Concrete
chisel:concrete_yellow:6, Yellow Concrete
chisel:concrete_yellow:7, Yellow Concrete
chisel:concrete_yellow:8, Yellow Concrete
chisel:concrete_yellow:9, Yellow Concrete
chisel:concrete_yellow:10, Yellow Concrete
chisel:concrete_yellow:11, Yellow Concrete
chisel:concrete_yellow:12, Yellow Concrete
chisel:concrete_yellow:13, Yellow Concrete
chisel:concrete_yellow:14, Yellow Concrete
chisel:concrete_yellow:15, Yellow Concrete
chisel:concrete_yellow1:0, Yellow Concrete
chisel:concrete_yellow1:1, Yellow Concrete
chisel:concrete_yellow1:2, Yellow Concrete
chisel:concrete_yellow1:3, Yellow Concrete
chisel:concrete_yellow1:4, Yellow Concrete
chisel:concrete_yellow1:5, Yellow Concrete
chisel:concrete_yellow1:6, Yellow Concrete
chisel:concrete_yellow1:7, Yellow Concrete
chisel:concrete_yellow1:8, Yellow Concrete
chisel:concrete_yellow1:9, Yellow Concrete
chisel:concrete_yellow1:10, Yellow Concrete
chisel:concrete_yellow1:11, Yellow Concrete
chisel:concrete_yellow1:12, Yellow Concrete
chisel:concrete_yellow1:13, Yellow Concrete
chisel:concrete_yellow1:14, Yellow Concrete
chisel:concrete_yellow1:15, Yellow Concrete
chisel:concrete_yellow2:0, Yellow Concrete
chisel:concrete_lightblue:0, Light Blue Concrete
chisel:concrete_lightblue:1, Light Blue Concrete
chisel:concrete_lightblue:2, Light Blue Concrete
chisel:concrete_lightblue:3, Light Blue Concrete
chisel:concrete_lightblue:4, Light Blue Concrete
chisel:concrete_lightblue:5, Light Blue Concrete
chisel:concrete_lightblue:6, Light Blue Concrete
chisel:concrete_lightblue:7, Light Blue Concrete
chisel:concrete_lightblue:8, Light Blue Concrete
chisel:concrete_lightblue:9, Light Blue Concrete
chisel:concrete_lightblue:10, Light Blue Concrete
chisel:concrete_lightblue:11, Light Blue Concrete
chisel:concrete_lightblue:12, Light Blue Concrete
chisel:concrete_lightblue:13, Light Blue Concrete
chisel:concrete_lightblue:14, Light Blue Concrete
chisel:concrete_lightblue:15, Light Blue Concrete
chisel:concrete_lightblue1:0, Light Blue Concrete
chisel:concrete_lightblue1:1, Light Blue Concrete
chisel:concrete_lightblue1:2, Light Blue Concrete
chisel:concrete_lightblue1:3, Light Blue Concrete
chisel:concrete_lightblue1:4, Light Blue Concrete
chisel:concrete_lightblue1:5, Light Blue Concrete
chisel:concrete_lightblue1:6, Light Blue Concrete
chisel:concrete_lightblue1:7, Light Blue Concrete
chisel:concrete_lightblue1:8, Light Blue Concrete
chisel:concrete_lightblue1:9, Light Blue Concrete
chisel:concrete_lightblue1:10, Light Blue Concrete
chisel:concrete_lightblue1:11, Light Blue Concrete
chisel:concrete_lightblue1:12, Light Blue Concrete
chisel:concrete_lightblue1:13, Light Blue Concrete
chisel:concrete_lightblue1:14, Light Blue Concrete
chisel:concrete_lightblue1:15, Light Blue Concrete
chisel:concrete_lightblue2:0, Light Blue Concrete
chisel:concrete_magenta:0, Magenta Concrete
chisel:concrete_magenta:1, Magenta Concrete
chisel:concrete_magenta:2, Magenta Concrete
chisel:concrete_magenta:3, Magenta Concrete
chisel:concrete_magenta:4, Magenta Concrete
chisel:concrete_magenta:5, Magenta Concrete
chisel:concrete_magenta:6, Magenta Concrete
chisel:concrete_magenta:7, Magenta Concrete
chisel:concrete_magenta:8, Magenta Concrete
chisel:concrete_magenta:9, Magenta Concrete
chisel:concrete_magenta:10, Magenta Concrete
chisel:concrete_magenta:11, Magenta Concrete
chisel:concrete_magenta:12, Magenta Concrete
chisel:concrete_magenta:13, Magenta Concrete
chisel:concrete_magenta:14, Magenta Concrete
chisel:concrete_magenta:15, Magenta Concrete
chisel:concrete_magenta1:0, Magenta Concrete
chisel:concrete_magenta1:1, Magenta Concrete
chisel:concrete_magenta1:2, Magenta Concrete
chisel:concrete_magenta1:3, Magenta Concrete
chisel:concrete_magenta1:4, Magenta Concrete
chisel:concrete_magenta1:5, Magenta Concrete
chisel:concrete_magenta1:6, Magenta Concrete
chisel:concrete_magenta1:7, Magenta Concrete
chisel:concrete_magenta1:8, Magenta Concrete
chisel:concrete_magenta1:9, Magenta Concrete
chisel:concrete_magenta1:10, Magenta Concrete
chisel:concrete_magenta1:11, Magenta Concrete
chisel:concrete_magenta1:12, Magenta Concrete
chisel:concrete_magenta1:13, Magenta Concrete
chisel:concrete_magenta1:14, Magenta Concrete
chisel:concrete_magenta1:15, Magenta Concrete
chisel:concrete_magenta2:0, Magenta Concrete
chisel:concrete_orange:0, Orange Concrete
chisel:concrete_orange:1, Orange Concrete
chisel:concrete_orange:2, Orange Concrete
chisel:concrete_orange:3, Orange Concrete
chisel:concrete_orange:4, Orange Concrete
chisel:concrete_orange:5, Orange Concrete
chisel:concrete_orange:6, Orange Concrete
chisel:concrete_orange:7, Orange Concrete
chisel:concrete_orange:8, Orange Concrete
chisel:concrete_orange:9, Orange Concrete
chisel:concrete_orange:10, Orange Concrete
chisel:concrete_orange:11, Orange Concrete
chisel:concrete_orange:12, Orange Concrete
chisel:concrete_orange:13, Orange Concrete
chisel:concrete_orange:14, Orange Concrete
chisel:concrete_orange:15, Orange Concrete
chisel:concrete_orange1:0, Orange Concrete
chisel:concrete_orange1:1, Orange Concrete
chisel:concrete_orange1:2, Orange Concrete
chisel:concrete_orange1:3, Orange Concrete
chisel:concrete_orange1:4, Orange Concrete
chisel:concrete_orange1:5, Orange Concrete
chisel:concrete_orange1:6, Orange Concrete
chisel:concrete_orange1:7, Orange Concrete
chisel:concrete_orange1:8, Orange Concrete
chisel:concrete_orange1:9, Orange Concrete
chisel:concrete_orange1:10, Orange Concrete
chisel:concrete_orange1:11, Orange Concrete
chisel:concrete_orange1:12, Orange Concrete
chisel:concrete_orange1:13, Orange Concrete
chisel:concrete_orange1:14, Orange Concrete
chisel:concrete_orange1:15, Orange Concrete
chisel:concrete_orange2:0, Orange Concrete
chisel:concrete_white:0, White Concrete
chisel:concrete_white:1, White Concrete
chisel:concrete_white:2, White Concrete
chisel:concrete_white:3, White Concrete
chisel:concrete_white:4, White Concrete
chisel:concrete_white:5, White Concrete
chisel:concrete_white:6, White Concrete
chisel:concrete_white:7, White Concrete
chisel:concrete_white:8, White Concrete
chisel:concrete_white:9, White Concrete
chisel:concrete_white:10, White Concrete
chisel:concrete_white:11, White Concrete
chisel:concrete_white:12, White Concrete
chisel:concrete_white:13, White Concrete
chisel:concrete_white:14, White Concrete
chisel:concrete_white:15, White Concrete
chisel:concrete_white1:0, White Concrete
chisel:concrete_white1:1, White Concrete
chisel:concrete_white1:2, White Concrete
chisel:concrete_white1:3, White Concrete
chisel:concrete_white1:4, White Concrete
chisel:concrete_white1:5, White Concrete
chisel:concrete_white1:6, White Concrete
chisel:concrete_white1:7, White Concrete
chisel:concrete_white1:8, White Concrete
chisel:concrete_white1:9, White Concrete
chisel:concrete_white1:10, White Concrete
chisel:concrete_white1:11, White Concrete
chisel:concrete_white1:12, White Concrete
chisel:concrete_white1:13, White Concrete
chisel:concrete_white1:14, White Concrete
chisel:concrete_white1:15, White Concrete
chisel:concrete_white2:0, White Concrete
chisel:blockcopper:0, Block of Copper
chisel:blockcopper:1, Block of Copper
chisel:blockcopper:2, Block of Copper
chisel:blockcopper:3, Block of Copper
chisel:blockcopper:4, Block of Copper
chisel:blockcopper:5, Block of Copper
chisel:blockcopper:6, Block of Copper
chisel:diamond:0, Block of Diamond
chisel:diamond:1, Block of Diamond
chisel:diamond:2, Block of Diamond
chisel:diamond:3, Block of Diamond
chisel:diamond:4, Block of Diamond
chisel:diamond:5, Block of Diamond
chisel:diamond:6, Block of Diamond
chisel:diamond:7, Block of Diamond
chisel:diamond:8, Block of Diamond
chisel:diamond:9, Block of Diamond
chisel:diamond:10, Block of Diamond
chisel:diamond:11, Block of Diamond
chisel:diorite:0, Diorite
chisel:diorite:1, Diorite
chisel:diorite:2, Diorite
chisel:diorite:3, Diorite
chisel:diorite:4, Diorite
chisel:diorite:5, Diorite
chisel:diorite:6, Diorite
chisel:diorite:7, Diorite
chisel:diorite:8, Diorite
chisel:diorite:9, Diorite
chisel:diorite:10, Diorite
chisel:diorite:11, Diorite
chisel:diorite:12, Diorite
chisel:diorite:13, Diorite
chisel:diorite:14, Diorite
chisel:diorite:15, Diorite
chisel:diorite1:0, Diorite
chisel:diorite1:1, Diorite
chisel:diorite1:2, Diorite
chisel:diorite1:3, Diorite
chisel:diorite1:4, Diorite
chisel:diorite1:5, Diorite
chisel:diorite1:6, Diorite
chisel:diorite1:7, Diorite
chisel:diorite1:8, Diorite
chisel:diorite1:9, Diorite
chisel:diorite1:10, Diorite
chisel:diorite1:11, Diorite
chisel:diorite1:12, Diorite
chisel:diorite1:13, Diorite
chisel:diorite1:14, Diorite
chisel:diorite1:15, Diorite
chisel:diorite2:0, Diorite
chisel:dirt:0, Dirt
chisel:dirt:1, Dirt
chisel:dirt:2, Dirt
chisel:dirt:3, Dirt
chisel:dirt:4, Dirt
chisel:dirt:5, Dirt
chisel:dirt:6, Dirt
chisel:dirt:7, Dirt
chisel:dirt:8, Dirt
chisel:dirt:9, Dirt
chisel:dirt:10, Dirt
chisel:dirt:11, Dirt
chisel:dirt:12, Dirt
chisel:dirt:13, Dirt
chisel:dirt:14, Dirt
chisel:dirt:15, Dirt
chisel:blockelectrum:0, Block of Electrum
chisel:blockelectrum:1, Block of Electrum
chisel:blockelectrum:2, Block of Electrum
chisel:blockelectrum:3, Block of Electrum
chisel:blockelectrum:4, Block of Electrum
chisel:blockelectrum:5, Block of Electrum
chisel:blockelectrum:6, Block of Electrum
chisel:emerald:0, Block of Emerald
chisel:emerald:1, Block of Emerald
chisel:emerald:2, Block of Emerald
chisel:emerald:3, Block of Emerald
chisel:emerald:4, Block of Emerald
chisel:emerald:5, Block of Emerald
chisel:emerald:6, Block of Emerald
chisel:emerald:7, Block of Emerald
chisel:emerald:8, Block of Emerald
chisel:emerald:9, Block of Emerald
chisel:emerald:10, Block of Emerald
chisel:emerald:11, Block of Emerald
chisel:emerald:12, Block of Emerald
chisel:emerald:13, Block of Emerald
chisel:purpur:0, Purpur Block
chisel:purpur:1, Purpur Block
chisel:purpur:2, Purpur Block
chisel:purpur:3, Purpur Block
chisel:purpur:4, Purpur Block
chisel:purpur:5, Purpur Block
chisel:purpur:6, Purpur Block
chisel:purpur:7, Purpur Block
chisel:purpur:8, Purpur Block
chisel:purpur:9, Purpur Block
chisel:purpur:10, Purpur Block
chisel:purpur:11, Purpur Block
chisel:purpur:12, Purpur Block
chisel:purpur:13, Purpur Block
chisel:purpur:14, Purpur Block
chisel:purpur:15, Purpur Block
chisel:purpur1:0, Purpur Block
chisel:purpur1:1, Purpur Block
chisel:purpur1:2, Purpur Block
chisel:purpur1:3, Purpur Block
chisel:purpur1:4, Purpur Block
chisel:purpur1:5, Purpur Block
chisel:purpur1:6, Purpur Block
chisel:purpur1:7, Purpur Block
chisel:purpur1:8, Purpur Block
chisel:purpur1:9, Purpur Block
chisel:purpur2:0, Purpur Block
chisel:purpur2:1, Purpur Block
chisel:purpur2:2, Purpur Block
chisel:purpur2:3, Purpur Block
chisel:purpur2:4, Purpur Block
chisel:endstone:0, Endstone
chisel:endstone:1, Endstone
chisel:endstone:2, Endstone
chisel:endstone:3, Endstone
chisel:endstone:4, Endstone
chisel:endstone:5, Endstone
chisel:endstone:6, Endstone
chisel:endstone:7, Endstone
chisel:endstone:8, Endstone
chisel:endstone:9, Endstone
chisel:endstone:10, Endstone
chisel:endstone:11, Endstone
chisel:endstone:12, Endstone
chisel:endstone:13, Endstone
chisel:endstone:14, Endstone
chisel:endstone:15, Endstone
chisel:endstone1:0, Endstone
chisel:endstone1:1, Endstone
chisel:endstone1:2, Endstone
chisel:endstone1:3, Endstone
chisel:endstone1:4, Endstone
chisel:endstone1:5, Endstone
chisel:endstone1:6, Endstone
chisel:endstone1:7, Endstone
chisel:endstone1:8, Endstone
chisel:endstone1:9, Endstone
chisel:endstone2:0, Endstone
chisel:endstone2:1, Endstone
chisel:endstone2:2, Endstone
chisel:endstone2:3, Endstone
chisel:endstone2:4, Endstone
chisel:endstone2:5, Endstone
chisel:endstone2:6, Endstone
chisel:factory:0, Factory Block
chisel:factory:1, Factory Block
chisel:factory:2, Factory Block
chisel:factory:3, Factory Block
chisel:factory:4, Factory Block
chisel:factory:5, Factory Block
chisel:factory:6, Factory Block
chisel:factory:7, Factory Block
chisel:factory:8, Factory Block
chisel:factory:9, Factory Block
chisel:factory:10, Factory Block
chisel:factory:11, Factory Block
chisel:factory:12, Factory Block
chisel:factory:13, Factory Block
chisel:factory:14, Factory Block
chisel:factory:15, Factory Block
chisel:factory1:0, Factory Block
chisel:factory1:1, Factory Block
chisel:factory1:2, Factory Block
chisel:factory1:3, Factory Block
chisel:factory1:4, Factory Block
chisel:futura:0, Futura Block
chisel:futura:1, Futura Block
chisel:futura:2, Futura Block
chisel:futura:3, Futura Block
chisel:futura:4, Futura Block
chisel:futura:5, Futura Block
chisel:glass:0, Glass
chisel:glass:1, Glass
chisel:glass:2, Glass
chisel:glass:3, Glass
chisel:glass:4, Glass
chisel:glass:5, Glass
chisel:glass:6, Glass
chisel:glass:7, Glass
chisel:glass:8, Glass
chisel:glass:9, Glass
chisel:glass:10, Glass
chisel:glass:11, Glass
chisel:glass:12, Glass
chisel:glass:13, Glass
chisel:glass:14, Glass
chisel:glass:15, Glass
chisel:glass1:0, Glass
chisel:glass1:1, Glass
chisel:glasspane:0, Glass Pane
chisel:glasspane:1, Glass Pane
chisel:glasspane:2, Glass Pane
chisel:glasspane:3, Glass Pane
chisel:glasspane:4, Glass Pane
chisel:glasspane:5, Glass Pane
chisel:glasspane:6, Glass Pane
chisel:glasspane:7, Glass Pane
chisel:glasspane:8, Glass Pane
chisel:glasspane:9, Glass Pane
chisel:glasspane:10, Glass Pane
chisel:glasspane:11, Glass Pane
chisel:glasspane:12, Glass Pane
chisel:glasspane:13, Glass Pane
chisel:glasspane:14, Glass Pane
chisel:glasspane:15, Glass Pane
chisel:glasspane1:0, Glass Pane
chisel:glasspane1:1, Glass Pane
chisel:glassdyedblack:0, Black Stained Glass
chisel:glassdyedblack:1, Black Stained Glass
chisel:glassdyedblack:2, Black Stained Glass
chisel:glassdyedblack:3, Black Stained Glass
chisel:glassdyedblack:4, Black Stained Glass
chisel:glassdyedblack:5, Black Stained Glass
chisel:glasspanedyedblack:0, Black Stained Glass Pane
chisel:glasspanedyedblack:1, Black Stained Glass Pane
chisel:glasspanedyedblack:2, Black Stained Glass Pane
chisel:glasspanedyedblack:3, Black Stained Glass Pane
chisel:glasspanedyedblack:4, Black Stained Glass Pane
chisel:glasspanedyedblack:5, Black Stained Glass Pane
chisel:glassdyedred:0, Red Stained Glass
chisel:glassdyedred:1, Red Stained Glass
chisel:glassdyedred:2, Red Stained Glass
chisel:glassdyedred:3, Red Stained Glass
chisel:glassdyedred:4, Red Stained Glass
chisel:glassdyedred:5, Red Stained Glass
chisel:glasspanedyedred:0, Red Stained Glass Pane
chisel:glasspanedyedred:1, Red Stained Glass Pane
chisel:glasspanedyedred:2, Red Stained Glass Pane
chisel:glasspanedyedred:3, Red Stained Glass Pane
chisel:glasspanedyedred:4, Red Stained Glass Pane
chisel:glasspanedyedred:5, Red Stained Glass Pane
chisel:glassdyedgreen:0, Green Stained Glass
chisel:glassdyedgreen:1, Green Stained Glass
chisel:glassdyedgreen:2, Green Stained Glass
chisel:glassdyedgreen:3, Green Stained Glass
chisel:glassdyedgreen:4, Green Stained Glass
chisel:glassdyedgreen:5, Green Stained Glass
chisel:glasspanedyedgreen:0, Green Stained Glass Pane
chisel:glasspanedyedgreen:1, Green Stained Glass Pane
chisel:glasspanedyedgreen:2, Green Stained Glass Pane
chisel:glasspanedyedgreen:3, Green Stained Glass Pane
chisel:glasspanedyedgreen:4, Green Stained Glass Pane
chisel:glasspanedyedgreen:5, Green Stained Glass Pane
chisel:glassdyedbrown:0, Brown Stained Glass
chisel:glassdyedbrown:1, Brown Stained Glass
chisel:glassdyedbrown:2, Brown Stained Glass
chisel:glassdyedbrown:3, Brown Stained Glass
chisel:glassdyedbrown:4, Brown Stained Glass
chisel:glassdyedbrown:5, Brown Stained Glass
chisel:glasspanedyedbrown:0, Brown Stained Glass Pane
chisel:glasspanedyedbrown:1, Brown Stained Glass Pane
chisel:glasspanedyedbrown:2, Brown Stained Glass Pane
chisel:glasspanedyedbrown:3, Brown Stained Glass Pane
chisel:glasspanedyedbrown:4, Brown Stained Glass Pane
chisel:glasspanedyedbrown:5, Brown Stained Glass Pane
chisel:glassdyedblue:0, Blue Stained Glass
chisel:glassdyedblue:1, Blue Stained Glass
chisel:glassdyedblue:2, Blue Stained Glass
chisel:glassdyedblue:3, Blue Stained Glass
chisel:glassdyedblue:4, Blue Stained Glass
chisel:glassdyedblue:5, Blue Stained Glass
chisel:glasspanedyedblue:0, Blue Stained Glass Pane
chisel:glasspanedyedblue:1, Blue Stained Glass Pane
chisel:glasspanedyedblue:2, Blue Stained Glass Pane
chisel:glasspanedyedblue:3, Blue Stained Glass Pane
chisel:glasspanedyedblue:4, Blue Stained Glass Pane
chisel:glasspanedyedblue:5, Blue Stained Glass Pane
chisel:glassdyedpurple:0, Purple Stained Glass
chisel:glassdyedpurple:1, Purple Stained Glass
chisel:glassdyedpurple:2, Purple Stained Glass
chisel:glassdyedpurple:3, Purple Stained Glass
chisel:glassdyedpurple:4, Purple Stained Glass
chisel:glassdyedpurple:5, Purple Stained Glass
chisel:glasspanedyedpurple:0, Purple Stained Glass Pane
chisel:glasspanedyedpurple:1, Purple Stained Glass Pane
chisel:glasspanedyedpurple:2, Purple Stained Glass Pane
chisel:glasspanedyedpurple:3, Purple Stained Glass Pane
chisel:glasspanedyedpurple:4, Purple Stained Glass Pane
chisel:glasspanedyedpurple:5, Purple Stained Glass Pane
chisel:glassdyedcyan:0, Cyan Stained Glass
chisel:glassdyedcyan:1, Cyan Stained Glass
chisel:glassdyedcyan:2, Cyan Stained Glass
chisel:glassdyedcyan:3, Cyan Stained Glass
chisel:glassdyedcyan:4, Cyan Stained Glass
chisel:glassdyedcyan:5, Cyan Stained Glass
chisel:glasspanedyedcyan:0, Cyan Stained Glass Pane
chisel:glasspanedyedcyan:1, Cyan Stained Glass Pane
chisel:glasspanedyedcyan:2, Cyan Stained Glass Pane
chisel:glasspanedyedcyan:3, Cyan Stained Glass Pane
chisel:glasspanedyedcyan:4, Cyan Stained Glass Pane
chisel:glasspanedyedcyan:5, Cyan Stained Glass Pane
chisel:glassdyedlightgray:0, Light Gray Stained Glass
chisel:glassdyedlightgray:1, Light Gray Stained Glass
chisel:glassdyedlightgray:2, Light Gray Stained Glass
chisel:glassdyedlightgray:3, Light Gray Stained Glass
chisel:glassdyedlightgray:4, Light Gray Stained Glass
chisel:glassdyedlightgray:5, Light Gray Stained Glass
chisel:glasspanedyedlightgray:0, Light Gray Stained Glass Pane
chisel:glasspanedyedlightgray:1, Light Gray Stained Glass Pane
chisel:glasspanedyedlightgray:2, Light Gray Stained Glass Pane
chisel:glasspanedyedlightgray:3, Light Gray Stained Glass Pane
chisel:glasspanedyedlightgray:4, Light Gray Stained Glass Pane
chisel:glasspanedyedlightgray:5, Light Gray Stained Glass Pane
chisel:glassdyedgray:0, Gray Stained Glass
chisel:glassdyedgray:1, Gray Stained Glass
chisel:glassdyedgray:2, Gray Stained Glass
chisel:glassdyedgray:3, Gray Stained Glass
chisel:glassdyedgray:4, Gray Stained Glass
chisel:glassdyedgray:5, Gray Stained Glass
chisel:glasspanedyedgray:0, Gray Stained Glass Pane
chisel:glasspanedyedgray:1, Gray Stained Glass Pane
chisel:glasspanedyedgray:2, Gray Stained Glass Pane
chisel:glasspanedyedgray:3, Gray Stained Glass Pane
chisel:glasspanedyedgray:4, Gray Stained Glass Pane
chisel:glasspanedyedgray:5, Gray Stained Glass Pane
chisel:glassdyedpink:0, Pink Stained Glass
chisel:glassdyedpink:1, Pink Stained Glass
chisel:glassdyedpink:2, Pink Stained Glass
chisel:glassdyedpink:3, Pink Stained Glass
chisel:glassdyedpink:4, Pink Stained Glass
chisel:glassdyedpink:5, Pink Stained Glass
chisel:glasspanedyedpink:0, Pink Stained Glass Pane
chisel:glasspanedyedpink:1, Pink Stained Glass Pane
chisel:glasspanedyedpink:2, Pink Stained Glass Pane
chisel:glasspanedyedpink:3, Pink Stained Glass Pane
chisel:glasspanedyedpink:4, Pink Stained Glass Pane
chisel:glasspanedyedpink:5, Pink Stained Glass Pane
chisel:glassdyedlime:0, Lime Stained Glass
chisel:glassdyedlime:1, Lime Stained Glass
chisel:glassdyedlime:2, Lime Stained Glass
chisel:glassdyedlime:3, Lime Stained Glass
chisel:glassdyedlime:4, Lime Stained Glass
chisel:glassdyedlime:5, Lime Stained Glass
chisel:glasspanedyedlime:0, Lime Stained Glass Pane
chisel:glasspanedyedlime:1, Lime Stained Glass Pane
chisel:glasspanedyedlime:2, Lime Stained Glass Pane
chisel:glasspanedyedlime:3, Lime Stained Glass Pane
chisel:glasspanedyedlime:4, Lime Stained Glass Pane
chisel:glasspanedyedlime:5, Lime Stained Glass Pane
chisel:glassdyedyellow:0, Yellow Stained Glass
chisel:glassdyedyellow:1, Yellow Stained Glass
chisel:glassdyedyellow:2, Yellow Stained Glass
chisel:glassdyedyellow:3, Yellow Stained Glass
chisel:glassdyedyellow:4, Yellow Stained Glass
chisel:glassdyedyellow:5, Yellow Stained Glass
chisel:glasspanedyedyellow:0, Yellow Stained Glass Pane
chisel:glasspanedyedyellow:1, Yellow Stained Glass Pane
chisel:glasspanedyedyellow:2, Yellow Stained Glass Pane
chisel:glasspanedyedyellow:3, Yellow Stained Glass Pane
chisel:glasspanedyedyellow:4, Yellow Stained Glass Pane
chisel:glasspanedyedyellow:5, Yellow Stained Glass Pane
chisel:glassdyedlightblue:0, Light Blue Stained Glass
chisel:glassdyedlightblue:1, Light Blue Stained Glass
chisel:glassdyedlightblue:2, Light Blue Stained Glass
chisel:glassdyedlightblue:3, Light Blue Stained Glass
chisel:glassdyedlightblue:4, Light Blue Stained Glass
chisel:glassdyedlightblue:5, Light Blue Stained Glass
chisel:glasspanedyedlightblue:0, Light Blue Stained Glass Pane
chisel:glasspanedyedlightblue:1, Light Blue Stained Glass Pane
chisel:glasspanedyedlightblue:2, Light Blue Stained Glass Pane
chisel:glasspanedyedlightblue:3, Light Blue Stained Glass Pane
chisel:glasspanedyedlightblue:4, Light Blue Stained Glass Pane
chisel:glasspanedyedlightblue:5, Light Blue Stained Glass Pane
chisel:glassdyedmagenta:0, Magenta Stained Glass
chisel:glassdyedmagenta:1, Magenta Stained Glass
chisel:glassdyedmagenta:2, Magenta Stained Glass
chisel:glassdyedmagenta:3, Magenta Stained Glass
chisel:glassdyedmagenta:4, Magenta Stained Glass
chisel:glassdyedmagenta:5, Magenta Stained Glass
chisel:glasspanedyedmagenta:0, Magenta Stained Glass Pane
chisel:glasspanedyedmagenta:1, Magenta Stained Glass Pane
chisel:glasspanedyedmagenta:2, Magenta Stained Glass Pane
chisel:glasspanedyedmagenta:3, Magenta Stained Glass Pane
chisel:glasspanedyedmagenta:4, Magenta Stained Glass Pane
chisel:glasspanedyedmagenta:5, Magenta Stained Glass Pane
chisel:glassdyedorange:0, Orange Stained Glass
chisel:glassdyedorange:1, Orange Stained Glass
chisel:glassdyedorange:2, Orange Stained Glass
chisel:glassdyedorange:3, Orange Stained Glass
chisel:glassdyedorange:4, Orange Stained Glass
chisel:glassdyedorange:5, Orange Stained Glass
chisel:glasspanedyedorange:0, Orange Stained Glass Pane
chisel:glasspanedyedorange:1, Orange Stained Glass Pane
chisel:glasspanedyedorange:2, Orange Stained Glass Pane
chisel:glasspanedyedorange:3, Orange Stained Glass Pane
chisel:glasspanedyedorange:4, Orange Stained Glass Pane
chisel:glasspanedyedorange:5, Orange Stained Glass Pane
chisel:glassdyedwhite:0, White Stained Glass
chisel:glassdyedwhite:1, White Stained Glass
chisel:glassdyedwhite:2, White Stained Glass
chisel:glassdyedwhite:3, White Stained Glass
chisel:glassdyedwhite:4, White Stained Glass
chisel:glassdyedwhite:5, White Stained Glass
chisel:glasspanedyedwhite:0, White Stained Glass Pane
chisel:glasspanedyedwhite:1, White Stained Glass Pane
chisel:glasspanedyedwhite:2, White Stained Glass Pane
chisel:glasspanedyedwhite:3, White Stained Glass Pane
chisel:glasspanedyedwhite:4, White Stained Glass Pane
chisel:glasspanedyedwhite:5, White Stained Glass Pane
chisel:glowstone:0, Glowstone
chisel:glowstone:1, Glowstone
chisel:glowstone:2, Glowstone
chisel:glowstone:3, Glowstone
chisel:glowstone:4, Glowstone
chisel:glowstone:5, Glowstone
chisel:glowstone:6, Glowstone
chisel:glowstone:7, Glowstone
chisel:glowstone:8, Glowstone
chisel:glowstone:9, Glowstone
chisel:glowstone:10, Glowstone
chisel:glowstone:11, Glowstone
chisel:glowstone:12, Glowstone
chisel:glowstone:13, Glowstone
chisel:glowstone:14, Glowstone
chisel:glowstone:15, Glowstone
chisel:glowstone1:0, Glowstone
chisel:glowstone1:1, Glowstone
chisel:glowstone1:2, Glowstone
chisel:glowstone1:3, Glowstone
chisel:glowstone1:4, Glowstone
chisel:glowstone1:5, Glowstone
chisel:glowstone1:6, Glowstone
chisel:glowstone1:7, Glowstone
chisel:glowstone1:8, Glowstone
chisel:glowstone1:9, Glowstone
chisel:glowstone1:10, Glowstone
chisel:glowstone1:11, Glowstone
chisel:glowstone1:12, Glowstone
chisel:glowstone1:13, Glowstone
chisel:glowstone1:14, Glowstone
chisel:glowstone1:15, Glowstone
chisel:glowstone2:0, Glowstone
chisel:blockgold:0, Block of Gold
chisel:blockgold:1, Block of Gold
chisel:blockgold:2, Block of Gold
chisel:blockgold:3, Block of Gold
chisel:blockgold:4, Block of Gold
chisel:blockgold:5, Block of Gold
chisel:blockgold:6, Block of Gold
chisel:gold:0, Block of Gold
chisel:gold:1, Block of Gold
chisel:gold:2, Block of Gold
chisel:gold:3, Block of Gold
chisel:gold:4, Block of Gold
chisel:gold:5, Block of Gold
chisel:gold:6, Block of Gold
chisel:gold:7, Block of Gold
chisel:gold:8, Block of Gold
chisel:gold:9, Block of Gold
chisel:gold:10, Block of Gold
chisel:gold:11, Block of Gold
chisel:gold:12, Block of Gold
chisel:gold:13, Block of Gold
chisel:granite:0, Granite
chisel:granite:1, Granite
chisel:granite:2, Granite
chisel:granite:3, Granite
chisel:granite:4, Granite
chisel:granite:5, Granite
chisel:granite:6, Granite
chisel:granite:7, Granite
chisel:granite:8, Granite
chisel:granite:9, Granite
chisel:granite:10, Granite
chisel:granite:11, Granite
chisel:granite:12, Granite
chisel:granite:13, Granite
chisel:granite:14, Granite
chisel:granite:15, Granite
chisel:granite1:0, Granite
chisel:granite1:1, Granite
chisel:granite1:2, Granite
chisel:granite1:3, Granite
chisel:granite1:4, Granite
chisel:granite1:5, Granite
chisel:granite1:6, Granite
chisel:granite1:7, Granite
chisel:granite1:8, Granite
chisel:granite1:9, Granite
chisel:granite1:10, Granite
chisel:granite1:11, Granite
chisel:granite1:12, Granite
chisel:granite1:13, Granite
chisel:granite1:14, Granite
chisel:granite1:15, Granite
chisel:granite2:0, Granite
chisel:hardenedclay:0, Terracotta
chisel:hardenedclay:1, Terracotta
chisel:hardenedclay:2, Terracotta
chisel:hardenedclay:3, Terracotta
chisel:hardenedclay:4, Terracotta
chisel:hardenedclay:5, Terracotta
chisel:hardenedclay:6, Terracotta
chisel:hardenedclay:7, Terracotta
chisel:hardenedclay:8, Terracotta
chisel:hardenedclay:9, Terracotta
chisel:hardenedclay:10, Terracotta
chisel:hardenedclay:11, Terracotta
chisel:hardenedclay:12, Terracotta
chisel:hardenedclay:13, Terracotta
chisel:hardenedclay:14, Terracotta
chisel:hardenedclay:15, Terracotta
chisel:hardenedclay1:0, Terracotta
chisel:hardenedclay1:1, Terracotta
chisel:hardenedclay1:2, Terracotta
chisel:hardenedclay1:3, Terracotta
chisel:hardenedclay1:4, Terracotta
chisel:hardenedclay1:5, Terracotta
chisel:hardenedclay1:6, Terracotta
chisel:hardenedclay1:7, Terracotta
chisel:hardenedclay1:8, Terracotta
chisel:hardenedclay1:9, Terracotta
chisel:hardenedclay2:0, Terracotta
chisel:hardenedclay2:1, Terracotta
chisel:hardenedclay2:2, Terracotta
chisel:hardenedclay2:3, Terracotta
chisel:hardenedclay2:4, Terracotta
chisel:hardenedclay2:5, Terracotta
chisel:hardenedclay2:6, Terracotta
chisel:ice:0, Ice
chisel:ice:1, Ice
chisel:ice:2, Ice
chisel:ice:3, Ice
chisel:ice:4, Ice
chisel:ice:5, Ice
chisel:ice:6, Ice
chisel:ice:7, Ice
chisel:ice:8, Ice
chisel:ice:9, Ice
chisel:ice:10, Ice
chisel:ice:11, Ice
chisel:ice:12, Ice
chisel:ice:13, Ice
chisel:ice:14, Ice
chisel:ice:15, Ice
chisel:ice1:0, Ice
chisel:ice1:1, Ice
chisel:ice1:2, Ice
chisel:ice1:3, Ice
chisel:ice1:4, Ice
chisel:ice1:5, Ice
chisel:ice1:6, Ice
chisel:ice1:7, Ice
chisel:ice1:8, Ice
chisel:ice1:9, Ice
chisel:ice1:10, Ice
chisel:ice1:11, Ice
chisel:ice1:12, Ice
chisel:ice1:13, Ice
chisel:ice1:14, Ice
chisel:ice1:15, Ice
chisel:ice2:0, Ice
chisel:icepillar:0, Ice Pillar
chisel:icepillar:1, Ice Pillar
chisel:icepillar:2, Ice Pillar
chisel:icepillar:3, Ice Pillar
chisel:icepillar:4, Ice Pillar
chisel:icepillar:5, Ice Pillar
chisel:icepillar:6, Ice Pillar
chisel:blockinvar:0, Block of Invar
chisel:blockinvar:1, Block of Invar
chisel:blockinvar:2, Block of Invar
chisel:blockinvar:3, Block of Invar
chisel:blockinvar:4, Block of Invar
chisel:blockinvar:5, Block of Invar
chisel:blockinvar:6, Block of Invar
chisel:blockiron:0, Block of Iron
chisel:blockiron:1, Block of Iron
chisel:blockiron:2, Block of Iron
chisel:blockiron:3, Block of Iron
chisel:blockiron:4, Block of Iron
chisel:blockiron:5, Block of Iron
chisel:blockiron:6, Block of Iron
chisel:iron:0, Block of Iron
chisel:iron:1, Block of Iron
chisel:iron:2, Block of Iron
chisel:iron:3, Block of Iron
chisel:iron:4, Block of Iron
chisel:iron:5, Block of Iron
chisel:iron:6, Block of Iron
chisel:iron:7, Block of Iron
chisel:iron:8, Block of Iron
chisel:iron:9, Block of Iron
chisel:iron:10, Block of Iron
chisel:iron:11, Block of Iron
chisel:iron:12, Block of Iron
chisel:iron:13, Block of Iron
chisel:iron:14, Block of Iron
chisel:ironpane:0, Iron Bars
chisel:ironpane:1, Iron Bars
chisel:ironpane:2, Iron Bars
chisel:ironpane:3, Iron Bars
chisel:ironpane:4, Iron Bars
chisel:ironpane:5, Iron Bars
chisel:ironpane:6, Iron Bars
chisel:ironpane:7, Iron Bars
chisel:ironpane:8, Iron Bars
chisel:ironpane:9, Iron Bars
chisel:ironpane:10, Iron Bars
chisel:ironpane:11, Iron Bars
chisel:ironpane:12, Iron Bars
chisel:laboratory:0, Laboratory Block
chisel:laboratory:1, Laboratory Block
chisel:laboratory:2, Laboratory Block
chisel:laboratory:3, Laboratory Block
chisel:laboratory:4, Laboratory Block
chisel:laboratory:5, Laboratory Block
chisel:laboratory:6, Laboratory Block
chisel:laboratory:7, Laboratory Block
chisel:laboratory:8, Laboratory Block
chisel:laboratory:9, Laboratory Block
chisel:laboratory:10, Laboratory Block
chisel:laboratory:11, Laboratory Block
chisel:laboratory:12, Laboratory Block
chisel:laboratory:13, Laboratory Block
chisel:laboratory:14, Laboratory Block
chisel:laboratory:15, Laboratory Block
chisel:lapis:0, Lapis Lazuli Block
chisel:lapis:1, Lapis Lazuli Block
chisel:lapis:2, Lapis Lazuli Block
chisel:lapis:3, Lapis Lazuli Block
chisel:lapis:4, Lapis Lazuli Block
chisel:lapis:5, Lapis Lazuli Block
chisel:lapis:6, Lapis Lazuli Block
chisel:lapis:7, Lapis Lazuli Block
chisel:lapis:8, Lapis Lazuli Block
chisel:lavastone:0, Lavastone
chisel:lavastone:1, Lavastone
chisel:lavastone:2, Lavastone
chisel:lavastone:3, Lavastone
chisel:lavastone:4, Lavastone
chisel:lavastone:5, Lavastone
chisel:lavastone:6, Lavastone
chisel:lavastone:7, Lavastone
chisel:lavastone:8, Lavastone
chisel:lavastone:9, Lavastone
chisel:lavastone:10, Lavastone
chisel:lavastone:11, Lavastone
chisel:lavastone:12, Lavastone
chisel:lavastone:13, Lavastone
chisel:lavastone:14, Lavastone
chisel:lavastone:15, Lavastone
chisel:lavastone1:0, Lavastone
chisel:lavastone1:1, Lavastone
chisel:lavastone1:2, Lavastone
chisel:lavastone1:3, Lavastone
chisel:lavastone1:4, Lavastone
chisel:lavastone1:5, Lavastone
chisel:lavastone1:6, Lavastone
chisel:lavastone1:7, Lavastone
chisel:lavastone1:8, Lavastone
chisel:lavastone1:9, Lavastone
chisel:lavastone1:10, Lavastone
chisel:lavastone1:11, Lavastone
chisel:lavastone1:12, Lavastone
chisel:lavastone1:13, Lavastone
chisel:lavastone1:14, Lavastone
chisel:lavastone1:15, Lavastone
chisel:lavastone2:0, Lavastone
chisel:blocklead:0, Block of Lead
chisel:blocklead:1, Block of Lead
chisel:blocklead:2, Block of Lead
chisel:blocklead:3, Block of Lead
chisel:blocklead:4, Block of Lead
chisel:blocklead:5, Block of Lead
chisel:blocklead:6, Block of Lead
chisel:limestone:0, Limestone
chisel:limestone:1, Limestone
chisel:limestone:2, Limestone
chisel:limestone:3, Limestone
chisel:limestone:4, Limestone
chisel:limestone:5, Limestone
chisel:limestone:6, Limestone
chisel:limestone:7, Limestone
chisel:limestone:8, Limestone
chisel:limestone:9, Limestone
chisel:limestone:10, Limestone
chisel:limestone:11, Limestone
chisel:limestone:12, Limestone
chisel:limestone:13, Limestone
chisel:limestone:14, Limestone
chisel:limestone:15, Limestone
chisel:limestone1:0, Limestone
chisel:limestone1:1, Limestone
chisel:limestone1:2, Limestone
chisel:limestone1:3, Limestone
chisel:limestone1:4, Limestone
chisel:limestone1:5, Limestone
chisel:limestone1:6, Limestone
chisel:limestone1:7, Limestone
chisel:limestone1:8, Limestone
chisel:limestone1:9, Limestone
chisel:limestone2:0, Limestone
chisel:limestone2:1, Limestone
chisel:limestone2:2, Limestone
chisel:limestone2:3, Limestone
chisel:limestone2:4, Limestone
chisel:limestone2:5, Limestone
chisel:limestone2:6, Limestone
chisel:limestone2:7, Limestone
chisel:marble:0, Marble
chisel:marble:1, Marble
chisel:marble:2, Marble
chisel:marble:3, Marble
chisel:marble:4, Marble
chisel:marble:5, Marble
chisel:marble:6, Marble
chisel:marble:7, Marble
chisel:marble:8, Marble
chisel:marble:9, Marble
chisel:marble:10, Marble
chisel:marble:11, Marble
chisel:marble:12, Marble
chisel:marble:13, Marble
chisel:marble:14, Marble
chisel:marble:15, Marble
chisel:marble1:0, Marble
chisel:marble1:1, Marble
chisel:marble1:2, Marble
chisel:marble1:3, Marble
chisel:marble1:4, Marble
chisel:marble1:5, Marble
chisel:marble1:6, Marble
chisel:marble1:7, Marble
chisel:marble1:8, Marble
chisel:marble1:9, Marble
chisel:marble2:0, Marble
chisel:marble2:1, Marble
chisel:marble2:2, Marble
chisel:marble2:3, Marble
chisel:marble2:4, Marble
chisel:marble2:5, Marble
chisel:marble2:6, Marble
chisel:marble2:7, Marble
chisel:marblepillar:0, Marble Pillar
chisel:marblepillar:1, Marble Pillar
chisel:marblepillar:2, Marble Pillar
chisel:marblepillar:3, Marble Pillar
chisel:marblepillar:4, Marble Pillar
chisel:marblepillar:5, Marble Pillar
chisel:marblepillar:6, Marble Pillar
chisel:marblepillar:7, Marble Pillar
chisel:marblepillar:8, Marble Pillar
chisel:marblepillar:9, Marble Pillar
chisel:marblepillar:10, Marble Pillar
chisel:marblepillar:11, Marble Pillar
chisel:marblepillar:12, Marble Pillar
chisel:marblepillar:13, Marble Pillar
chisel:marblepillar:14, Marble Pillar
chisel:marblepillar:15, Marble Pillar
chisel:netherbrick:0, Nether Brick
chisel:netherbrick:1, Nether Brick
chisel:netherbrick:2, Nether Brick
chisel:netherbrick:3, Nether Brick
chisel:netherbrick:4, Nether Brick
chisel:netherbrick:5, Nether Brick
chisel:netherbrick:6, Nether Brick
chisel:netherbrick:7, Nether Brick
chisel:netherbrick:8, Nether Brick
chisel:netherbrick:9, Nether Brick
chisel:netherbrick:10, Nether Brick
chisel:netherbrick:11, Nether Brick
chisel:netherbrick:12, Nether Brick
chisel:netherbrick:13, Nether Brick
chisel:netherbrick:14, Nether Brick
chisel:netherbrick:15, Nether Brick
chisel:netherrack:0, Netherrack
chisel:netherrack:1, Netherrack
chisel:netherrack:2, Netherrack
chisel:netherrack:3, Netherrack
chisel:netherrack:4, Netherrack
chisel:netherrack:5, Netherrack
chisel:netherrack:6, Netherrack
chisel:netherrack:7, Netherrack
chisel:netherrack:8, Netherrack
chisel:netherrack:9, Netherrack
chisel:netherrack:10, Netherrack
chisel:netherrack:11, Netherrack
chisel:netherrack:12, Netherrack
chisel:netherrack:13, Netherrack
chisel:blocknickel:0, Block of Nickel
chisel:blocknickel:1, Block of Nickel
chisel:blocknickel:2, Block of Nickel
chisel:blocknickel:3, Block of Nickel
chisel:blocknickel:4, Block of Nickel
chisel:blocknickel:5, Block of Nickel
chisel:blocknickel:6, Block of Nickel
chisel:obsidian:0, Obsidian
chisel:obsidian:1, Obsidian
chisel:obsidian:2, Obsidian
chisel:obsidian:3, Obsidian
chisel:obsidian:4, Obsidian
chisel:obsidian:5, Obsidian
chisel:obsidian:6, Obsidian
chisel:obsidian:7, Obsidian
chisel:obsidian:8, Obsidian
chisel:obsidian:9, Obsidian
chisel:obsidian:10, Obsidian
chisel:obsidian:11, Obsidian
chisel:obsidian:12, Obsidian
chisel:obsidian:13, Obsidian
chisel:obsidian:14, Obsidian
chisel:paper:0, Paper Wall
chisel:paper:1, Paper Wall
chisel:paper:2, Paper Wall
chisel:paper:3, Paper Wall
chisel:paper:4, Paper Wall
chisel:paper:5, Paper Wall
chisel:paper:6, Paper Wall
chisel:paper:7, Paper Wall
chisel:paper:8, Paper Wall
chisel:planks-oak:0, Oak Wood Planks
chisel:planks-oak:1, Oak Wood Planks
chisel:planks-oak:2, Oak Wood Planks
chisel:planks-oak:3, Oak Wood Planks
chisel:planks-oak:4, Oak Wood Planks
chisel:planks-oak:5, Oak Wood Planks
chisel:planks-oak:6, Oak Wood Planks
chisel:planks-oak:7, Oak Wood Planks
chisel:planks-oak:8, Oak Wood Planks
chisel:planks-oak:9, Oak Wood Planks
chisel:planks-oak:10, Oak Wood Planks
chisel:planks-oak:11, Oak Wood Planks
chisel:planks-oak:12, Oak Wood Planks
chisel:planks-oak:13, Oak Wood Planks
chisel:planks-oak:14, Oak Wood Planks
chisel:planks-spruce:0, Spruce Wood Planks
chisel:planks-spruce:1, Spruce Wood Planks
chisel:planks-spruce:2, Spruce Wood Planks
chisel:planks-spruce:3, Spruce Wood Planks
chisel:planks-spruce:4, Spruce Wood Planks
chisel:planks-spruce:5, Spruce Wood Planks
chisel:planks-spruce:6, Spruce Wood Planks
chisel:planks-spruce:7, Spruce Wood Planks
chisel:planks-spruce:8, Spruce Wood Planks
chisel:planks-spruce:9, Spruce Wood Planks
chisel:planks-spruce:10, Spruce Wood Planks
chisel:planks-spruce:11, Spruce Wood Planks
chisel:planks-spruce:12, Spruce Wood Planks
chisel:planks-spruce:13, Spruce Wood Planks
chisel:planks-spruce:14, Spruce Wood Planks
chisel:planks-birch:0, Birch Wood Planks
chisel:planks-birch:1, Birch Wood Planks
chisel:planks-birch:2, Birch Wood Planks
chisel:planks-birch:3, Birch Wood Planks
chisel:planks-birch:4, Birch Wood Planks
chisel:planks-birch:5, Birch Wood Planks
chisel:planks-birch:6, Birch Wood Planks
chisel:planks-birch:7, Birch Wood Planks
chisel:planks-birch:8, Birch Wood Planks
chisel:planks-birch:9, Birch Wood Planks
chisel:planks-birch:10, Birch Wood Planks
chisel:planks-birch:11, Birch Wood Planks
chisel:planks-birch:12, Birch Wood Planks
chisel:planks-birch:13, Birch Wood Planks
chisel:planks-birch:14, Birch Wood Planks
chisel:planks-jungle:0, Jungle Wood Planks
chisel:planks-jungle:1, Jungle Wood Planks
chisel:planks-jungle:2, Jungle Wood Planks
chisel:planks-jungle:3, Jungle Wood Planks
chisel:planks-jungle:4, Jungle Wood Planks
chisel:planks-jungle:5, Jungle Wood Planks
chisel:planks-jungle:6, Jungle Wood Planks
chisel:planks-jungle:7, Jungle Wood Planks
chisel:planks-jungle:8, Jungle Wood Planks
chisel:planks-jungle:9, Jungle Wood Planks
chisel:planks-jungle:10, Jungle Wood Planks
chisel:planks-jungle:11, Jungle Wood Planks
chisel:planks-jungle:12, Jungle Wood Planks
chisel:planks-jungle:13, Jungle Wood Planks
chisel:planks-jungle:14, Jungle Wood Planks
chisel:planks-acacia:0, Acacia Wood Planks
chisel:planks-acacia:1, Acacia Wood Planks
chisel:planks-acacia:2, Acacia Wood Planks
chisel:planks-acacia:3, Acacia Wood Planks
chisel:planks-acacia:4, Acacia Wood Planks
chisel:planks-acacia:5, Acacia Wood Planks
chisel:planks-acacia:6, Acacia Wood Planks
chisel:planks-acacia:7, Acacia Wood Planks
chisel:planks-acacia:8, Acacia Wood Planks
chisel:planks-acacia:9, Acacia Wood Planks
chisel:planks-acacia:10, Acacia Wood Planks
chisel:planks-acacia:11, Acacia Wood Planks
chisel:planks-acacia:12, Acacia Wood Planks
chisel:planks-acacia:13, Acacia Wood Planks
chisel:planks-acacia:14, Acacia Wood Planks
chisel:planks-dark-oak:0, Dark Oak Wood Planks
chisel:planks-dark-oak:1, Dark Oak Wood Planks
chisel:planks-dark-oak:2, Dark Oak Wood Planks
chisel:planks-dark-oak:3, Dark Oak Wood Planks
chisel:planks-dark-oak:4, Dark Oak Wood Planks
chisel:planks-dark-oak:5, Dark Oak Wood Planks
chisel:planks-dark-oak:6, Dark Oak Wood Planks
chisel:planks-dark-oak:7, Dark Oak Wood Planks
chisel:planks-dark-oak:8, Dark Oak Wood Planks
chisel:planks-dark-oak:9, Dark Oak Wood Planks
chisel:planks-dark-oak:10, Dark Oak Wood Planks
chisel:planks-dark-oak:11, Dark Oak Wood Planks
chisel:planks-dark-oak:12, Dark Oak Wood Planks
chisel:planks-dark-oak:13, Dark Oak Wood Planks
chisel:planks-dark-oak:14, Dark Oak Wood Planks
chisel:blockplatinum:0, Block of Platinum
chisel:blockplatinum:1, Block of Platinum
chisel:blockplatinum:2, Block of Platinum
chisel:blockplatinum:3, Block of Platinum
chisel:blockplatinum:4, Block of Platinum
chisel:blockplatinum:5, Block of Platinum
chisel:blockplatinum:6, Block of Platinum
chisel:prismarine:0, Prismarine
chisel:prismarine:1, Prismarine
chisel:prismarine:2, Prismarine
chisel:prismarine:3, Prismarine
chisel:prismarine:4, Prismarine
chisel:prismarine:5, Prismarine
chisel:prismarine:6, Prismarine
chisel:prismarine:7, Prismarine
chisel:prismarine:8, Prismarine
chisel:prismarine:9, Prismarine
chisel:prismarine:10, Prismarine
chisel:prismarine:11, Prismarine
chisel:prismarine:12, Prismarine
chisel:prismarine:13, Prismarine
chisel:prismarine:14, Prismarine
chisel:prismarine:15, Prismarine
chisel:prismarine1:0, Prismarine
chisel:prismarine1:1, Prismarine
chisel:prismarine1:2, Prismarine
chisel:prismarine1:3, Prismarine
chisel:prismarine1:4, Prismarine
chisel:prismarine1:5, Prismarine
chisel:prismarine1:6, Prismarine
chisel:prismarine1:7, Prismarine
chisel:prismarine1:8, Prismarine
chisel:prismarine1:9, Prismarine
chisel:prismarine2:0, Prismarine
chisel:prismarine2:1, Prismarine
chisel:prismarine2:2, Prismarine
chisel:prismarine2:3, Prismarine
chisel:prismarine2:4, Prismarine
chisel:prismarine2:5, Prismarine
chisel:quartz:0, Block of Quartz
chisel:quartz:1, Block of Quartz
chisel:quartz:2, Block of Quartz
chisel:quartz:3, Block of Quartz
chisel:quartz:4, Block of Quartz
chisel:quartz:5, Block of Quartz
chisel:quartz:6, Block of Quartz
chisel:quartz:7, Block of Quartz
chisel:quartz:8, Block of Quartz
chisel:quartz:9, Block of Quartz
chisel:quartz:10, Block of Quartz
chisel:quartz:11, Block of Quartz
chisel:quartz:12, Block of Quartz
chisel:quartz:13, Block of Quartz
chisel:quartz:14, Block of Quartz
chisel:quartz:15, Block of Quartz
chisel:quartz1:0, Block of Quartz
chisel:quartz1:1, Block of Quartz
chisel:quartz1:2, Block of Quartz
chisel:quartz1:3, Block of Quartz
chisel:quartz1:4, Block of Quartz
chisel:quartz1:5, Block of Quartz
chisel:quartz1:6, Block of Quartz
chisel:quartz1:7, Block of Quartz
chisel:quartz1:8, Block of Quartz
chisel:quartz1:9, Block of Quartz
chisel:quartz1:10, Block of Quartz
chisel:quartz1:11, Block of Quartz
chisel:quartz1:12, Block of Quartz
chisel:quartz1:13, Block of Quartz
chisel:quartz1:14, Block of Quartz
chisel:quartz1:15, Block of Quartz
chisel:redstone:0, Block of Redstone
chisel:redstone:1, Block of Redstone
chisel:redstone:2, Block of Redstone
chisel:redstone:3, Block of Redstone
chisel:redstone:4, Block of Redstone
chisel:redstone:5, Block of Redstone
chisel:redstone:6, Block of Redstone
chisel:redstone:7, Block of Redstone
chisel:redstone:8, Block of Redstone
chisel:redstone:9, Block of Redstone
chisel:redstone:10, Block of Redstone
chisel:redstone:11, Block of Redstone
chisel:redstone:12, Block of Redstone
chisel:redstone:13, Block of Redstone
chisel:redstone:14, Block of Redstone
chisel:redstone:15, Block of Redstone
chisel:redstone1:0, Block of Redstone
chisel:redstone1:1, Block of Redstone
chisel:redstone1:2, Block of Redstone
chisel:redstone1:3, Block of Redstone
chisel:redstone1:4, Block of Redstone
chisel:redstone1:5, Block of Redstone
chisel:redstone1:6, Block of Redstone
chisel:redstone1:7, Block of Redstone
chisel:redstone1:8, Block of Redstone
chisel:redstone1:9, Block of Redstone
chisel:redstone1:10, Block of Redstone
chisel:redstone1:11, Block of Redstone
chisel:sandstoneyellow:0, Sandstone
chisel:sandstoneyellow:1, Sandstone
chisel:sandstoneyellow:2, Sandstone
chisel:sandstoneyellow:3, Sandstone
chisel:sandstoneyellow:4, Sandstone
chisel:sandstoneyellow:5, Sandstone
chisel:sandstoneyellow:6, Sandstone
chisel:sandstoneyellow:7, Sandstone
chisel:sandstoneyellow:8, Sandstone
chisel:sandstoneyellow:9, Sandstone
chisel:sandstoneyellow:10, Sandstone
chisel:sandstoneyellow:11, Sandstone
chisel:sandstoneyellow:12, Sandstone
chisel:sandstoneyellow:13, Sandstone
chisel:sandstoneyellow:14, Sandstone
chisel:sandstoneyellow:15, Sandstone
chisel:sandstoneyellow1:0, Sandstone
chisel:sandstoneyellow1:1, Sandstone
chisel:sandstoneyellow1:2, Sandstone
chisel:sandstoneyellow1:3, Sandstone
chisel:sandstoneyellow1:4, Sandstone
chisel:sandstoneyellow1:5, Sandstone
chisel:sandstoneyellow1:6, Sandstone
chisel:sandstoneyellow1:7, Sandstone
chisel:sandstoneyellow1:8, Sandstone
chisel:sandstoneyellow1:9, Sandstone
chisel:sandstoneyellow2:0, Sandstone
chisel:sandstoneyellow2:1, Sandstone
chisel:sandstoneyellow2:2, Sandstone
chisel:sandstoneyellow2:3, Sandstone
chisel:sandstoneyellow2:4, Sandstone
chisel:sandstoneyellow2:5, Sandstone
chisel:sandstoneyellow2:6, Sandstone
chisel:sandstoneyellow2:7, Sandstone
chisel:sandstonered:0, Red Sandstone
chisel:sandstonered:1, Red Sandstone
chisel:sandstonered:2, Red Sandstone
chisel:sandstonered:3, Red Sandstone
chisel:sandstonered:4, Red Sandstone
chisel:sandstonered:5, Red Sandstone
chisel:sandstonered:6, Red Sandstone
chisel:sandstonered:7, Red Sandstone
chisel:sandstonered:8, Red Sandstone
chisel:sandstonered:9, Red Sandstone
chisel:sandstonered:10, Red Sandstone
chisel:sandstonered:11, Red Sandstone
chisel:sandstonered:12, Red Sandstone
chisel:sandstonered:13, Red Sandstone
chisel:sandstonered:14, Red Sandstone
chisel:sandstonered:15, Red Sandstone
chisel:sandstonered1:0, Red Sandstone
chisel:sandstonered1:1, Red Sandstone
chisel:sandstonered1:2, Red Sandstone
chisel:sandstonered1:3, Red Sandstone
chisel:sandstonered1:4, Red Sandstone
chisel:sandstonered1:5, Red Sandstone
chisel:sandstonered1:6, Red Sandstone
chisel:sandstonered1:7, Red Sandstone
chisel:sandstonered1:8, Red Sandstone
chisel:sandstonered1:9, Red Sandstone
chisel:sandstonered2:0, Red Sandstone
chisel:sandstonered2:1, Red Sandstone
chisel:sandstonered2:2, Red Sandstone
chisel:sandstonered2:3, Red Sandstone
chisel:sandstonered2:4, Red Sandstone
chisel:sandstonered2:5, Red Sandstone
chisel:sandstonered2:6, Red Sandstone
chisel:sandstonered2:7, Red Sandstone
chisel:sandstone-scribbles:0, Sandstone Scribbles
chisel:sandstone-scribbles:1, Sandstone Scribbles
chisel:sandstone-scribbles:2, Sandstone Scribbles
chisel:sandstone-scribbles:3, Sandstone Scribbles
chisel:sandstone-scribbles:4, Sandstone Scribbles
chisel:sandstone-scribbles:5, Sandstone Scribbles
chisel:sandstone-scribbles:6, Sandstone Scribbles
chisel:sandstone-scribbles:7, Sandstone Scribbles
chisel:sandstone-scribbles:8, Sandstone Scribbles
chisel:sandstone-scribbles:9, Sandstone Scribbles
chisel:sandstone-scribbles:10, Sandstone Scribbles
chisel:sandstone-scribbles:11, Sandstone Scribbles
chisel:sandstone-scribbles:12, Sandstone Scribbles
chisel:sandstone-scribbles:13, Sandstone Scribbles
chisel:sandstone-scribbles:14, Sandstone Scribbles
chisel:sandstone-scribbles:15, Sandstone Scribbles
chisel:sandstonered-scribbles:0, Red Sandstone Scribbles
chisel:sandstonered-scribbles:1, Red Sandstone Scribbles
chisel:sandstonered-scribbles:2, Red Sandstone Scribbles
chisel:sandstonered-scribbles:3, Red Sandstone Scribbles
chisel:sandstonered-scribbles:4, Red Sandstone Scribbles
chisel:sandstonered-scribbles:5, Red Sandstone Scribbles
chisel:sandstonered-scribbles:6, Red Sandstone Scribbles
chisel:sandstonered-scribbles:7, Red Sandstone Scribbles
chisel:sandstonered-scribbles:8, Red Sandstone Scribbles
chisel:sandstonered-scribbles:9, Red Sandstone Scribbles
chisel:sandstonered-scribbles:10, Red Sandstone Scribbles
chisel:sandstonered-scribbles:11, Red Sandstone Scribbles
chisel:sandstonered-scribbles:12, Red Sandstone Scribbles
chisel:sandstonered-scribbles:13, Red Sandstone Scribbles
chisel:sandstonered-scribbles:14, Red Sandstone Scribbles
chisel:sandstonered-scribbles:15, Red Sandstone Scribbles
chisel:blocksilver:0, Block of Silver
chisel:blocksilver:1, Block of Silver
chisel:blocksilver:2, Block of Silver
chisel:blocksilver:3, Block of Silver
chisel:blocksilver:4, Block of Silver
chisel:blocksilver:5, Block of Silver
chisel:blocksilver:6, Block of Silver
chisel:blocksteel:0, Block of Steel
chisel:blocksteel:1, Block of Steel
chisel:blocksteel:2, Block of Steel
chisel:blocksteel:3, Block of Steel
chisel:blocksteel:4, Block of Steel
chisel:blocksteel:5, Block of Steel
chisel:blocksteel:6, Block of Steel
chisel:stonebrick:0, Chiseled Stone
chisel:stonebrick:1, Chiseled Stone
chisel:stonebrick:2, Chiseled Stone
chisel:stonebrick:3, Chiseled Stone
chisel:stonebrick:4, Chiseled Stone
chisel:stonebrick:5, Chiseled Stone
chisel:stonebrick:6, Chiseled Stone
chisel:stonebrick:7, Chiseled Stone
chisel:stonebrick:8, Chiseled Stone
chisel:stonebrick:9, Chiseled Stone
chisel:stonebrick:10, Chiseled Stone
chisel:stonebrick:11, Chiseled Stone
chisel:stonebrick:12, Chiseled Stone
chisel:stonebrick:13, Chiseled Stone
chisel:stonebrick:14, Chiseled Stone
chisel:stonebrick:15, Chiseled Stone
chisel:stonebrick1:0, Chiseled Stone
chisel:stonebrick1:1, Chiseled Stone
chisel:stonebrick1:2, Chiseled Stone
chisel:stonebrick1:3, Chiseled Stone
chisel:stonebrick1:4, Chiseled Stone
chisel:stonebrick1:5, Chiseled Stone
chisel:stonebrick1:6, Chiseled Stone
chisel:stonebrick1:7, Chiseled Stone
chisel:stonebrick1:8, Chiseled Stone
chisel:stonebrick1:9, Chiseled Stone
chisel:stonebrick2:0, Chiseled Stone
chisel:stonebrick2:1, Chiseled Stone
chisel:stonebrick2:2, Chiseled Stone
chisel:stonebrick2:3, Chiseled Stone
chisel:stonebrick2:4, Chiseled Stone
chisel:stonebrick2:5, Chiseled Stone
chisel:stonebrick2:6, Chiseled Stone
chisel:stonebrick2:7, Chiseled Stone
chisel:stonebrick2:8, Chiseled Stone
chisel:stonebrick2:9, Chiseled Stone
chisel:technical:0, Factory Block
chisel:technical:1, Factory Block
chisel:technical:2, Factory Block
chisel:technical:3, Factory Block
chisel:technical:4, Factory Block
chisel:technical:5, Factory Block
chisel:technical:6, Factory Block
chisel:technical:7, Factory Block
chisel:technical:8, Factory Block
chisel:technical:9, Factory Block
chisel:technical:10, Factory Block
chisel:technical:11, Factory Block
chisel:technical:12, Factory Block
chisel:technical:13, Factory Block
chisel:technical:14, Factory Block
chisel:technical:15, Factory Block
chisel:technical1:0, Factory Block
chisel:technical1:1, Factory Block
chisel:technical1:2, Factory Block
chisel:technical1:3, Factory Block
chisel:technical1:4, Factory Block
chisel:technicalnew:0, Factory Block
chisel:technicalnew:1, Factory Block
chisel:technicalnew:2, Factory Block
chisel:technicalnew:3, Factory Block
chisel:technicalnew:4, Factory Block
chisel:technicalnew:5, Factory Block
chisel:technicalnew:6, Factory Block
chisel:technicalnew:7, Factory Block
chisel:technicalnew:8, Factory Block
chisel:temple:0, Temple Block
chisel:temple:1, Temple Block
chisel:temple:2, Temple Block
chisel:temple:3, Temple Block
chisel:temple:4, Temple Block
chisel:temple:5, Temple Block
chisel:temple:6, Temple Block
chisel:temple:7, Temple Block
chisel:temple:8, Temple Block
chisel:temple:9, Temple Block
chisel:temple:10, Temple Block
chisel:temple:11, Temple Block
chisel:temple:12, Temple Block
chisel:temple:13, Temple Block
chisel:temple:14, Temple Block
chisel:temple:15, Temple Block
chisel:templemossy:0, Mossy Temple Block
chisel:templemossy:1, Mossy Temple Block
chisel:templemossy:2, Mossy Temple Block
chisel:templemossy:3, Mossy Temple Block
chisel:templemossy:4, Mossy Temple Block
chisel:templemossy:5, Mossy Temple Block
chisel:templemossy:6, Mossy Temple Block
chisel:templemossy:7, Mossy Temple Block
chisel:templemossy:8, Mossy Temple Block
chisel:templemossy:9, Mossy Temple Block
chisel:templemossy:10, Mossy Temple Block
chisel:templemossy:11, Mossy Temple Block
chisel:templemossy:12, Mossy Temple Block
chisel:templemossy:13, Mossy Temple Block
chisel:templemossy:14, Mossy Temple Block
chisel:templemossy:15, Mossy Temple Block
chisel:blocktin:0, Block of Tin
chisel:blocktin:1, Block of Tin
chisel:blocktin:2, Block of Tin
chisel:blocktin:3, Block of Tin
chisel:blocktin:4, Block of Tin
chisel:blocktin:5, Block of Tin
chisel:blocktin:6, Block of Tin
chisel:tyrian:0, Tyrian
chisel:tyrian:1, Tyrian
chisel:tyrian:2, Tyrian
chisel:tyrian:3, Tyrian
chisel:tyrian:4, Tyrian
chisel:tyrian:5, Tyrian
chisel:tyrian:6, Tyrian
chisel:tyrian:7, Tyrian
chisel:tyrian:8, Tyrian
chisel:tyrian:9, Tyrian
chisel:tyrian:10, Tyrian
chisel:tyrian:11, Tyrian
chisel:tyrian:12, Tyrian
chisel:tyrian:13, Tyrian
chisel:tyrian:14, Tyrian
chisel:tyrian:15, Tyrian
chisel:blockuranium:0, Block of Uranium
chisel:blockuranium:1, Block of Uranium
chisel:blockuranium:2, Block of Uranium
chisel:blockuranium:3, Block of Uranium
chisel:blockuranium:4, Block of Uranium
chisel:blockuranium:5, Block of Uranium
chisel:blockuranium:6, Block of Uranium
chisel:valentines:0, Valentines' Block
chisel:valentines:1, Valentines' Block
chisel:valentines:2, Valentines' Block
chisel:valentines:3, Valentines' Block
chisel:valentines:4, Valentines' Block
chisel:valentines:5, Valentines' Block
chisel:valentines:6, Valentines' Block
chisel:valentines:7, Valentines' Block
chisel:valentines:8, Valentines' Block
chisel:valentines:9, Valentines' Block
chisel:voidstone:0, Voidstone
chisel:voidstone:1, Voidstone
chisel:voidstone:2, Voidstone
chisel:voidstone:3, Voidstone
chisel:voidstone:4, Voidstone
chisel:voidstone:5, Voidstone
chisel:voidstone:6, Voidstone
chisel:voidstone:7, Voidstone
chisel:energizedvoidstone:0, Primal Voidstone
chisel:energizedvoidstone:1, Primal Voidstone
chisel:energizedvoidstone:2, Primal Voidstone
chisel:energizedvoidstone:3, Primal Voidstone
chisel:energizedvoidstone:4, Primal Voidstone
chisel:energizedvoidstone:5, Primal Voidstone
chisel:energizedvoidstone:6, Primal Voidstone
chisel:energizedvoidstone:7, Primal Voidstone
chisel:voidstonerunic:0, Runed Voidstone
chisel:voidstonerunic:1, Runed Voidstone
chisel:voidstonerunic:2, Runed Voidstone
chisel:voidstonerunic:3, Runed Voidstone
chisel:voidstonerunic:4, Runed Voidstone
chisel:voidstonerunic:5, Runed Voidstone
chisel:voidstonerunic:6, Runed Voidstone
chisel:voidstonerunic:7, Runed Voidstone
chisel:voidstonerunic:8, Runed Voidstone
chisel:voidstonerunic:9, Runed Voidstone
chisel:voidstonerunic:10, Runed Voidstone
chisel:voidstonerunic:11, Runed Voidstone
chisel:voidstonerunic:12, Runed Voidstone
chisel:voidstonerunic:13, Runed Voidstone
chisel:voidstonerunic:14, Runed Voidstone
chisel:waterstone:0, Waterstone
chisel:waterstone:1, Waterstone
chisel:waterstone:2, Waterstone
chisel:waterstone:3, Waterstone
chisel:waterstone:4, Waterstone
chisel:waterstone:5, Waterstone
chisel:waterstone:6, Waterstone
chisel:waterstone:7, Waterstone
chisel:waterstone:8, Waterstone
chisel:waterstone:9, Waterstone
chisel:waterstone:10, Waterstone
chisel:waterstone:11, Waterstone
chisel:waterstone:12, Waterstone
chisel:waterstone:13, Waterstone
chisel:waterstone:14, Waterstone
chisel:waterstone:15, Waterstone
chisel:waterstone1:0, Waterstone
chisel:waterstone1:1, Waterstone
chisel:waterstone1:2, Waterstone
chisel:waterstone1:3, Waterstone
chisel:waterstone1:4, Waterstone
chisel:waterstone1:5, Waterstone
chisel:waterstone1:6, Waterstone
chisel:waterstone1:7, Waterstone
chisel:waterstone1:8, Waterstone
chisel:waterstone1:9, Waterstone
chisel:waterstone1:10, Waterstone
chisel:waterstone1:11, Waterstone
chisel:waterstone1:12, Waterstone
chisel:waterstone1:13, Waterstone
chisel:waterstone1:14, Waterstone
chisel:waterstone1:15, Waterstone
chisel:waterstone2:0, Waterstone
chisel:wool_black:0, Black Wool
chisel:wool_black:1, Black Wool
chisel:wool_red:0, Red Wool
chisel:wool_red:1, Red Wool
chisel:wool_green:0, Green Wool
chisel:wool_green:1, Green Wool
chisel:wool_brown:0, Brown Wool
chisel:wool_brown:1, Brown Wool
chisel:wool_blue:0, Blue Wool
chisel:wool_blue:1, Blue Wool
chisel:wool_purple:0, Purple Wool
chisel:wool_purple:1, Purple Wool
chisel:wool_cyan:0, Cyan Wool
chisel:wool_cyan:1, Cyan Wool
chisel:wool_lightgray:0, Light Gray Wool
chisel:wool_lightgray:1, Light Gray Wool
chisel:wool_gray:0, Gray Wool
chisel:wool_gray:1, Gray Wool
chisel:wool_pink:0, Pink Wool
chisel:wool_pink:1, Pink Wool
chisel:wool_lime:0, Lime Wool
chisel:wool_lime:1, Lime Wool
chisel:wool_yellow:0, Yellow Wool
chisel:wool_yellow:1, Yellow Wool
chisel:wool_lightblue:0, Light Blue Wool
chisel:wool_lightblue:1, Light Blue Wool
chisel:wool_magenta:0, Magenta Wool
chisel:wool_magenta:1, Magenta Wool
chisel:wool_orange:0, Orange Wool
chisel:wool_orange:1, Orange Wool
chisel:wool_white:0, Wool
chisel:wool_white:1, Wool
forge:bucketfilled, %s Bucket
appliedenergistics2:quartz_ore, Certus Quartz Ore
appliedenergistics2:charged_quartz_ore, Charged Certus Quartz Ore
appliedenergistics2:matrix_frame, Matrix Frame
appliedenergistics2:quartz_block, Certus Quartz Block
appliedenergistics2:quartz_pillar, Certus Quartz Pillar
appliedenergistics2:chiseled_quartz_block, Chiseled Certus Quartz Block
appliedenergistics2:quartz_glass, Quartz Glass
appliedenergistics2:quartz_vibrant_glass, Vibrant Quartz Glass
appliedenergistics2:quartz_fixture, Charged Quartz Fixture
appliedenergistics2:fluix_block, Fluix Block
appliedenergistics2:sky_stone_block, Sky Stone
appliedenergistics2:smooth_sky_stone_block, Sky Stone Block
appliedenergistics2:sky_stone_brick, Sky Stone Brick
appliedenergistics2:sky_stone_small_brick, Sky Stone Small Brick
appliedenergistics2:sky_stone_chest, Sky Stone Chest
appliedenergistics2:smooth_sky_stone_chest, Sky Stone Block Chest
appliedenergistics2:sky_compass, Meteorite Compass
appliedenergistics2:grindstone, Quartz Grindstone
appliedenergistics2:crank, Wooden Crank
appliedenergistics2:inscriber, Inscriber
appliedenergistics2:wireless_access_point, ME Wireless Access Point
appliedenergistics2:charger, Charger
appliedenergistics2:tiny_tnt, Tiny TNT
appliedenergistics2:security_station, ME Security Terminal
appliedenergistics2:quantum_ring, ME Quantum Ring
appliedenergistics2:quantum_link, ME Quantum Link Chamber
appliedenergistics2:spatial_pylon, Spatial Pylon
appliedenergistics2:spatial_io_port, Spatial IO Port
appliedenergistics2:controller, ME Controller
appliedenergistics2:drive, ME Drive
appliedenergistics2:chest, ME Chest
appliedenergistics2:interface, ME Interface
appliedenergistics2:fluid_interface, ME Fluid Interface
appliedenergistics2:cell_workbench, Cell Workbench
appliedenergistics2:io_port, ME IO Port
appliedenergistics2:condenser, Matter Condenser
appliedenergistics2:energy_acceptor, Energy Acceptor
appliedenergistics2:vibration_chamber, Vibration Chamber
appliedenergistics2:quartz_growth_accelerator, Crystal Growth Accelerator
appliedenergistics2:energy_cell, Energy Cell
appliedenergistics2:dense_energy_cell, Dense Energy Cell
appliedenergistics2:creative_energy_cell, Creative Energy Cell
appliedenergistics2:crafting_unit, Crafting Unit
appliedenergistics2:crafting_accelerator, Crafting Co-Processing Unit
appliedenergistics2:crafting_storage_1k, §61k§r Crafting Storage
appliedenergistics2:crafting_storage_4k, §e4k§r Crafting Storage
appliedenergistics2:crafting_storage_16k, §a16k§r Crafting Storage
appliedenergistics2:crafting_storage_64k, §b64k§r Crafting Storage
appliedenergistics2:crafting_monitor, Crafting Monitor
appliedenergistics2:molecular_assembler, Molecular Assembler
appliedenergistics2:light_detector, Light Detecting Fixture
appliedenergistics2:paint, tile.appliedenergistics2.paint.name
appliedenergistics2:sky_stone_stairs, Sky Stone Stairs
appliedenergistics2:smooth_sky_stone_stairs, Sky Stone Block Stairs
appliedenergistics2:sky_stone_brick_stairs, Sky Stone Brick Stairs
appliedenergistics2:sky_stone_small_brick_stairs, Sky Stone Small Brick Stairs
appliedenergistics2:fluix_stairs, Fluix Stairs
appliedenergistics2:quartz_stairs, Certus Quartz Stairs
appliedenergistics2:chiseled_quartz_stairs, Chiseled Certus Quartz Stairs
appliedenergistics2:quartz_pillar_stairs, Certus Quartz Pillar Stairs
appliedenergistics2:cable_bus, AE2 Cable and/or Bus
appliedenergistics2:sky_stone_slab:0, Sky Stone Slab
appliedenergistics2:smooth_sky_stone_slab:0, Sky Stone Block Slab
appliedenergistics2:sky_stone_brick_slab:0, Sky Stone Brick Slab
appliedenergistics2:sky_stone_small_brick_slab:0, Sky Stone Small Brick Slab
appliedenergistics2:fluix_slab:0, Fluix Slab
appliedenergistics2:quartz_slab:0, Certus Quartz Slab
appliedenergistics2:chiseled_quartz_slab:0, Chiseled Certus Quartz Slab
appliedenergistics2:quartz_pillar_slab:0, Certus Quartz Pillar Slab
appliedenergistics2:certus_quartz_axe, Certus Quartz Axe
appliedenergistics2:certus_quartz_hoe, Certus Quartz Hoe
appliedenergistics2:certus_quartz_spade, Certus Quartz Shovel
appliedenergistics2:certus_quartz_pickaxe, Certus Quartz Pickaxe
appliedenergistics2:certus_quartz_sword, Certus Quartz Sword
appliedenergistics2:certus_quartz_wrench, Certus Quartz Wrench
appliedenergistics2:certus_quartz_cutting_knife, Certus Quartz Cutting Knife
appliedenergistics2:nether_quartz_axe, Nether Quartz Axe
appliedenergistics2:nether_quartz_hoe, Nether Quartz Hoe
appliedenergistics2:nether_quartz_spade, Nether Quartz Shovel
appliedenergistics2:nether_quartz_pickaxe, Nether Quartz Pickaxe
appliedenergistics2:nether_quartz_sword, Nether Quartz Sword
appliedenergistics2:nether_quartz_wrench, Nether Quartz Wrench
appliedenergistics2:nether_quartz_cutting_knife, Nether Quartz Cutting Knife
appliedenergistics2:entropy_manipulator, Entropy Manipulator
appliedenergistics2:wireless_terminal, Wireless Terminal
appliedenergistics2:wireless_crafting_terminal, Wireless Crafting Terminal
appliedenergistics2:wireless_pattern_terminal, Wireless Pattern Terminal
appliedenergistics2:wireless_fluid_terminal, Wireless Fluid Terminal
appliedenergistics2:charged_staff, Charged Staff
appliedenergistics2:matter_cannon, Matter Cannon
appliedenergistics2:portable_cell, Portable Cell
appliedenergistics2:color_applicator, Color Applicator
appliedenergistics2:biometric_card, Biometric Card
appliedenergistics2:memory_card, Memory Card
appliedenergistics2:network_tool, Network Tool
appliedenergistics2:creative_storage_cell, Creative ME Storage Cell
appliedenergistics2:view_cell, View Cell
appliedenergistics2:storage_cell_1k, §61k§r ME Storage Cell
appliedenergistics2:storage_cell_4k, §e4k§r ME Storage Cell
appliedenergistics2:storage_cell_16k, §a16k§r ME Storage Cell
appliedenergistics2:storage_cell_64k, §b64k§r ME Storage Cell
appliedenergistics2:fluid_storage_cell_1k, §61k§r ME Fluid Storage Cell
appliedenergistics2:fluid_storage_cell_4k, §e4k§r ME Fluid Storage Cell
appliedenergistics2:fluid_storage_cell_16k, §a16k§r ME Fluid Storage Cell
appliedenergistics2:fluid_storage_cell_64k, §b64k§r ME Fluid Storage Cell
appliedenergistics2:spatial_storage_cell_2_cubed, §62³§r Spatial Storage Cell
appliedenergistics2:spatial_storage_cell_16_cubed, §916³§r Spatial Storage Cell
appliedenergistics2:spatial_storage_cell_128_cubed, §d128³§r  Spatial Storage Cell
appliedenergistics2:facade:0, Cable Facade - Stone
appliedenergistics2:facade:0, Cable Facade - Granite
appliedenergistics2:facade:0, Cable Facade - Polished Granite
appliedenergistics2:facade:0, Cable Facade - Diorite
appliedenergistics2:facade:0, Cable Facade - Polished Diorite
appliedenergistics2:facade:0, Cable Facade - Andesite
appliedenergistics2:facade:0, Cable Facade - Polished Andesite
appliedenergistics2:facade:0, Cable Facade - Grass Block
appliedenergistics2:facade:0, Cable Facade - Dirt
appliedenergistics2:facade:0, Cable Facade - Coarse Dirt
appliedenergistics2:facade:0, Cable Facade - Podzol
appliedenergistics2:facade:0, Cable Facade - Cobblestone
appliedenergistics2:facade:0, Cable Facade - Oak Wood Planks
appliedenergistics2:facade:0, Cable Facade - Spruce Wood Planks
appliedenergistics2:facade:0, Cable Facade - Birch Wood Planks
appliedenergistics2:facade:0, Cable Facade - Jungle Wood Planks
appliedenergistics2:facade:0, Cable Facade - Acacia Wood Planks
appliedenergistics2:facade:0, Cable Facade - Dark Oak Wood Planks
appliedenergistics2:facade:0, Cable Facade - Bedrock
appliedenergistics2:facade:0, Cable Facade - Sand
appliedenergistics2:facade:0, Cable Facade - Red Sand
appliedenergistics2:facade:0, Cable Facade - Gravel
appliedenergistics2:facade:0, Cable Facade - Gold Ore
appliedenergistics2:facade:0, Cable Facade - Iron Ore
appliedenergistics2:facade:0, Cable Facade - Coal Ore
appliedenergistics2:facade:0, Cable Facade - Oak Wood
appliedenergistics2:facade:0, Cable Facade - Spruce Wood
appliedenergistics2:facade:0, Cable Facade - Birch Wood
appliedenergistics2:facade:0, Cable Facade - Jungle Wood
appliedenergistics2:facade:0, Cable Facade - Oak Leaves
appliedenergistics2:facade:0, Cable Facade - Spruce Leaves
appliedenergistics2:facade:0, Cable Facade - Birch Leaves
appliedenergistics2:facade:0, Cable Facade - Jungle Leaves
appliedenergistics2:facade:0, Cable Facade - Sponge
appliedenergistics2:facade:0, Cable Facade - Wet Sponge
appliedenergistics2:facade:0, Cable Facade - Glass
appliedenergistics2:facade:0, Cable Facade - Lapis Lazuli Ore
appliedenergistics2:facade:0, Cable Facade - Lapis Lazuli Block
appliedenergistics2:facade:0, Cable Facade - Sandstone
appliedenergistics2:facade:0, Cable Facade - Chiseled Sandstone
appliedenergistics2:facade:0, Cable Facade - Smooth Sandstone
appliedenergistics2:facade:0, Cable Facade - White Wool
appliedenergistics2:facade:0, Cable Facade - Orange Wool
appliedenergistics2:facade:0, Cable Facade - Magenta Wool
appliedenergistics2:facade:0, Cable Facade - Light Blue Wool
appliedenergistics2:facade:0, Cable Facade - Yellow Wool
appliedenergistics2:facade:0, Cable Facade - Lime Wool
appliedenergistics2:facade:0, Cable Facade - Pink Wool
appliedenergistics2:facade:0, Cable Facade - Gray Wool
appliedenergistics2:facade:0, Cable Facade - Light Gray Wool
appliedenergistics2:facade:0, Cable Facade - Cyan Wool
appliedenergistics2:facade:0, Cable Facade - Purple Wool
appliedenergistics2:facade:0, Cable Facade - Blue Wool
appliedenergistics2:facade:0, Cable Facade - Brown Wool
appliedenergistics2:facade:0, Cable Facade - Green Wool
appliedenergistics2:facade:0, Cable Facade - Red Wool
appliedenergistics2:facade:0, Cable Facade - Black Wool
appliedenergistics2:facade:0, Cable Facade - Block of Gold
appliedenergistics2:facade:0, Cable Facade - Block of Iron
appliedenergistics2:facade:0, Cable Facade - Bricks
appliedenergistics2:facade:0, Cable Facade - TNT
appliedenergistics2:facade:0, Cable Facade - Oak Bookshelf
appliedenergistics2:facade:0, Cable Facade - Moss Stone
appliedenergistics2:facade:0, Cable Facade - Obsidian
appliedenergistics2:facade:0, Cable Facade - Diamond Ore
appliedenergistics2:facade:0, Cable Facade - Block of Diamond
appliedenergistics2:facade:0, Cable Facade - Crafting Table
appliedenergistics2:facade:0, Cable Facade - Redstone Ore
appliedenergistics2:facade:0, Cable Facade - Ice
appliedenergistics2:facade:0, Cable Facade - Snow
appliedenergistics2:facade:0, Cable Facade - Clay
appliedenergistics2:facade:0, Cable Facade - Pumpkin
appliedenergistics2:facade:0, Cable Facade - Netherrack
appliedenergistics2:facade:0, Cable Facade - Soul Sand
appliedenergistics2:facade:0, Cable Facade - Glowstone
appliedenergistics2:facade:0, Cable Facade - Jack o'Lantern
appliedenergistics2:facade:0, Cable Facade - White Stained Glass
appliedenergistics2:facade:0, Cable Facade - Orange Stained Glass
appliedenergistics2:facade:0, Cable Facade - Magenta Stained Glass
appliedenergistics2:facade:0, Cable Facade - Light Blue Stained Glass
appliedenergistics2:facade:0, Cable Facade - Yellow Stained Glass
appliedenergistics2:facade:0, Cable Facade - Lime Stained Glass
appliedenergistics2:facade:0, Cable Facade - Pink Stained Glass
appliedenergistics2:facade:0, Cable Facade - Gray Stained Glass
appliedenergistics2:facade:0, Cable Facade - Light Gray Stained Glass
appliedenergistics2:facade:0, Cable Facade - Cyan Stained Glass
appliedenergistics2:facade:0, Cable Facade - Purple Stained Glass
appliedenergistics2:facade:0, Cable Facade - Blue Stained Glass
appliedenergistics2:facade:0, Cable Facade - Brown Stained Glass
appliedenergistics2:facade:0, Cable Facade - Green Stained Glass
appliedenergistics2:facade:0, Cable Facade - Red Stained Glass
appliedenergistics2:facade:0, Cable Facade - Black Stained Glass
appliedenergistics2:facade:0, Cable Facade - Stone Monster Egg
appliedenergistics2:facade:0, Cable Facade - Cobblestone Monster Egg
appliedenergistics2:facade:0, Cable Facade - Stone Brick Monster Egg
appliedenergistics2:facade:0, Cable Facade - Mossy Stone Brick Monster Egg
appliedenergistics2:facade:0, Cable Facade - Cracked Stone Brick Monster Egg
appliedenergistics2:facade:0, Cable Facade - Chiseled Stone Brick Monster Egg
appliedenergistics2:facade:0, Cable Facade - Stone Bricks
appliedenergistics2:facade:0, Cable Facade - Mossy Stone Bricks
appliedenergistics2:facade:0, Cable Facade - Cracked Stone Bricks
appliedenergistics2:facade:0, Cable Facade - Chiseled Stone Bricks
appliedenergistics2:facade:0, Cable Facade - Mushroom
appliedenergistics2:facade:0, Cable Facade - Mushroom
appliedenergistics2:facade:0, Cable Facade - Melon
appliedenergistics2:facade:0, Cable Facade - Mycelium
appliedenergistics2:facade:0, Cable Facade - Nether Brick
appliedenergistics2:facade:0, Cable Facade - End Stone
appliedenergistics2:facade:0, Cable Facade - Redstone Lamp
appliedenergistics2:facade:0, Cable Facade - Emerald Ore
appliedenergistics2:facade:0, Cable Facade - Block of Emerald
appliedenergistics2:facade:0, Cable Facade - Block of Redstone
appliedenergistics2:facade:0, Cable Facade - Nether Quartz Ore
appliedenergistics2:facade:0, Cable Facade - Block of Quartz
appliedenergistics2:facade:0, Cable Facade - Chiseled Quartz Block
appliedenergistics2:facade:0, Cable Facade - Pillar Quartz Block
appliedenergistics2:facade:0, Cable Facade - White Terracotta
appliedenergistics2:facade:0, Cable Facade - Orange Terracotta
appliedenergistics2:facade:0, Cable Facade - Magenta Terracotta
appliedenergistics2:facade:0, Cable Facade - Light Blue Terracotta
appliedenergistics2:facade:0, Cable Facade - Yellow Terracotta
appliedenergistics2:facade:0, Cable Facade - Lime Terracotta
appliedenergistics2:facade:0, Cable Facade - Pink Terracotta
appliedenergistics2:facade:0, Cable Facade - Gray Terracotta
appliedenergistics2:facade:0, Cable Facade - Light Gray Terracotta
appliedenergistics2:facade:0, Cable Facade - Cyan Terracotta
appliedenergistics2:facade:0, Cable Facade - Purple Terracotta
appliedenergistics2:facade:0, Cable Facade - Blue Terracotta
appliedenergistics2:facade:0, Cable Facade - Brown Terracotta
appliedenergistics2:facade:0, Cable Facade - Green Terracotta
appliedenergistics2:facade:0, Cable Facade - Red Terracotta
appliedenergistics2:facade:0, Cable Facade - Black Terracotta
appliedenergistics2:facade:0, Cable Facade - Acacia Leaves
appliedenergistics2:facade:0, Cable Facade - Dark Oak Leaves
appliedenergistics2:facade:0, Cable Facade - Acacia Wood
appliedenergistics2:facade:0, Cable Facade - Dark Oak Wood
appliedenergistics2:facade:0, Cable Facade - Slime Block
appliedenergistics2:facade:0, Cable Facade - Prismarine
appliedenergistics2:facade:0, Cable Facade - Prismarine Bricks
appliedenergistics2:facade:0, Cable Facade - Dark Prismarine
appliedenergistics2:facade:0, Cable Facade - Sea Lantern
appliedenergistics2:facade:0, Cable Facade - Hay Bale
appliedenergistics2:facade:0, Cable Facade - Terracotta
appliedenergistics2:facade:0, Cable Facade - Block of Coal
appliedenergistics2:facade:0, Cable Facade - Packed Ice
appliedenergistics2:facade:0, Cable Facade - Red Sandstone
appliedenergistics2:facade:0, Cable Facade - Chiseled Red Sandstone
appliedenergistics2:facade:0, Cable Facade - Smooth Red Sandstone
appliedenergistics2:facade:0, Cable Facade - Purpur Block
appliedenergistics2:facade:0, Cable Facade - Purpur Pillar
appliedenergistics2:facade:0, Cable Facade - End Stone Bricks
appliedenergistics2:facade:0, Cable Facade - Magma Block
appliedenergistics2:facade:0, Cable Facade - Nether Wart Block
appliedenergistics2:facade:0, Cable Facade - Red Nether Brick
appliedenergistics2:facade:0, Cable Facade - Bone Block
appliedenergistics2:facade:0, Cable Facade - Observer
appliedenergistics2:facade:0, Cable Facade - White Glazed Terracotta
appliedenergistics2:facade:0, Cable Facade - Orange Glazed Terracotta
appliedenergistics2:facade:0, Cable Facade - Magenta Glazed Terracotta
appliedenergistics2:facade:0, Cable Facade - Light Blue Glazed Terracotta
appliedenergistics2:facade:0, Cable Facade - Yellow Glazed Terracotta
appliedenergistics2:facade:0, Cable Facade - Lime Glazed Terracotta
appliedenergistics2:facade:0, Cable Facade - Pink Glazed Terracotta
appliedenergistics2:facade:0, Cable Facade - Gray Glazed Terracotta
appliedenergistics2:facade:0, Cable Facade - Light Gray Glazed Terracotta
appliedenergistics2:facade:0, Cable Facade - Cyan Glazed Terracotta
appliedenergistics2:facade:0, Cable Facade - Purple Glazed Terracotta
appliedenergistics2:facade:0, Cable Facade - Blue Glazed Terracotta
appliedenergistics2:facade:0, Cable Facade - Brown Glazed Terracotta
appliedenergistics2:facade:0, Cable Facade - Green Glazed Terracotta
appliedenergistics2:facade:0, Cable Facade - Red Glazed Terracotta
appliedenergistics2:facade:0, Cable Facade - Black Glazed Terracotta
appliedenergistics2:facade:0, Cable Facade - White Concrete
appliedenergistics2:facade:0, Cable Facade - Orange Concrete
appliedenergistics2:facade:0, Cable Facade - Magenta Concrete
appliedenergistics2:facade:0, Cable Facade - Light Blue Concrete
appliedenergistics2:facade:0, Cable Facade - Yellow Concrete
appliedenergistics2:facade:0, Cable Facade - Lime Concrete
appliedenergistics2:facade:0, Cable Facade - Pink Concrete
appliedenergistics2:facade:0, Cable Facade - Gray Concrete
appliedenergistics2:facade:0, Cable Facade - Light Gray Concrete
appliedenergistics2:facade:0, Cable Facade - Cyan Concrete
appliedenergistics2:facade:0, Cable Facade - Purple Concrete
appliedenergistics2:facade:0, Cable Facade - Blue Concrete
appliedenergistics2:facade:0, Cable Facade - Brown Concrete
appliedenergistics2:facade:0, Cable Facade - Green Concrete
appliedenergistics2:facade:0, Cable Facade - Red Concrete
appliedenergistics2:facade:0, Cable Facade - Black Concrete
appliedenergistics2:facade:0, Cable Facade - White Concrete Powder
appliedenergistics2:facade:0, Cable Facade - Orange Concrete Powder
appliedenergistics2:facade:0, Cable Facade - Magenta Concrete Powder
appliedenergistics2:facade:0, Cable Facade - Light Blue Concrete Powder
appliedenergistics2:facade:0, Cable Facade - Yellow Concrete Powder
appliedenergistics2:facade:0, Cable Facade - Lime Concrete Powder
appliedenergistics2:facade:0, Cable Facade - Pink Concrete Powder
appliedenergistics2:facade:0, Cable Facade - Gray Concrete Powder
appliedenergistics2:facade:0, Cable Facade - Light Gray Concrete Powder
appliedenergistics2:facade:0, Cable Facade - Cyan Concrete Powder
appliedenergistics2:facade:0, Cable Facade - Purple Concrete Powder
appliedenergistics2:facade:0, Cable Facade - Blue Concrete Powder
appliedenergistics2:facade:0, Cable Facade - Brown Concrete Powder
appliedenergistics2:facade:0, Cable Facade - Green Concrete Powder
appliedenergistics2:facade:0, Cable Facade - Red Concrete Powder
appliedenergistics2:facade:0, Cable Facade - Black Concrete Powder
appliedenergistics2:facade:0, Cable Facade - Spectral Moss
appliedenergistics2:facade:0, Cable Facade - Loamy Dirt
appliedenergistics2:facade:0, Cable Facade - White Sand
appliedenergistics2:facade:0, Cable Facade - White Sandstone
appliedenergistics2:facade:0, Cable Facade - Dried Sand
appliedenergistics2:facade:0, Cable Facade - Hardened Ice
appliedenergistics2:facade:0, Cable Facade - Ash Block
appliedenergistics2:facade:0, Cable Facade - Mud
appliedenergistics2:facade:0, Cable Facade - Flesh
appliedenergistics2:facade:0, Cable Facade - Celestial Crystal
appliedenergistics2:facade:0, Cable Facade - Biome Essence Ore
appliedenergistics2:facade:0, Cable Facade - Ender Amethyst Ore
appliedenergistics2:facade:0, Cable Facade - Block of Amethyst
appliedenergistics2:facade:0, Cable Facade - Hive Block
appliedenergistics2:facade:0, Cable Facade - Honey Block
appliedenergistics2:facade:0, Cable Facade - Bamboo Thatching
appliedenergistics2:facade:0, Cable Facade - Mud Bricks
appliedenergistics2:facade:0, Cable Facade - Sacred Oak Wood Planks
appliedenergistics2:facade:0, Cable Facade - Copper Ore
appliedenergistics2:facade:0, Cable Facade - Tin Ore
appliedenergistics2:facade:0, Cable Facade - Silver Ore
appliedenergistics2:facade:0, Cable Facade - Lead Ore
appliedenergistics2:facade:0, Cable Facade - Aluminum Ore
appliedenergistics2:facade:0, Cable Facade - Nickel Ore
appliedenergistics2:facade:0, Cable Facade - Platinum Ore
appliedenergistics2:facade:0, Cable Facade - Iridium Ore
appliedenergistics2:facade:0, Cable Facade - Mana Infused Ore
appliedenergistics2:facade:0, Cable Facade - Oil Sand
appliedenergistics2:facade:0, Cable Facade - Oil Shale
appliedenergistics2:facade:0, Cable Facade - Destabilized Redstone Ore
appliedenergistics2:facade:0, Cable Facade - Energized Netherrack
appliedenergistics2:facade:0, Cable Facade - Resonant End Stone
appliedenergistics2:facade:0, Cable Facade - Oil Sand
appliedenergistics2:facade:0, Cable Facade - Block of Copper
appliedenergistics2:facade:0, Cable Facade - Block of Tin
appliedenergistics2:facade:0, Cable Facade - Block of Silver
appliedenergistics2:facade:0, Cable Facade - Block of Lead
appliedenergistics2:facade:0, Cable Facade - Block of Aluminum
appliedenergistics2:facade:0, Cable Facade - Block of Nickel
appliedenergistics2:facade:0, Cable Facade - Block of Platinum
appliedenergistics2:facade:0, Cable Facade - Block of Iridium
appliedenergistics2:facade:0, Cable Facade - Block of Mana Infused Metal
appliedenergistics2:facade:0, Cable Facade - Block of Steel
appliedenergistics2:facade:0, Cable Facade - Block of Electrum
appliedenergistics2:facade:0, Cable Facade - Block of Invar
appliedenergistics2:facade:0, Cable Facade - Block of Bronze
appliedenergistics2:facade:0, Cable Facade - Block of Constantan
appliedenergistics2:facade:0, Cable Facade - Block of Signalum
appliedenergistics2:facade:0, Cable Facade - Block of Lumium
appliedenergistics2:facade:0, Cable Facade - Block of Enderium
appliedenergistics2:facade:0, Cable Facade - Block of Charcoal
appliedenergistics2:facade:0, Cable Facade - Block of Coal Coke
appliedenergistics2:facade:0, Cable Facade - Black Rockwool
appliedenergistics2:facade:0, Cable Facade - Red Rockwool
appliedenergistics2:facade:0, Cable Facade - Green Rockwool
appliedenergistics2:facade:0, Cable Facade - Brown Rockwool
appliedenergistics2:facade:0, Cable Facade - Blue Rockwool
appliedenergistics2:facade:0, Cable Facade - Purple Rockwool
appliedenergistics2:facade:0, Cable Facade - Cyan Rockwool
appliedenergistics2:facade:0, Cable Facade - Light Gray Rockwool
appliedenergistics2:facade:0, Cable Facade - Gray Rockwool
appliedenergistics2:facade:0, Cable Facade - Pink Rockwool
appliedenergistics2:facade:0, Cable Facade - Lime Rockwool
appliedenergistics2:facade:0, Cable Facade - Yellow Rockwool
appliedenergistics2:facade:0, Cable Facade - Light Blue Rockwool
appliedenergistics2:facade:0, Cable Facade - Magenta Rockwool
appliedenergistics2:facade:0, Cable Facade - Orange Rockwool
appliedenergistics2:facade:0, Cable Facade - White Rockwool
appliedenergistics2:facade:0, Cable Facade - Bog Earth
appliedenergistics2:facade:0, Cable Facade - Humus
appliedenergistics2:facade:0, Cable Facade - Apatite Ore
appliedenergistics2:facade:0, Cable Facade - Copper Ore
appliedenergistics2:facade:0, Cable Facade - Tin Ore
appliedenergistics2:facade:0, Cable Facade - Block of Apatite
appliedenergistics2:facade:0, Cable Facade - Block of Copper
appliedenergistics2:facade:0, Cable Facade - Block of Tin
appliedenergistics2:facade:0, Cable Facade - Block of Bronze
appliedenergistics2:facade:0, Cable Facade - Ash Bricks
appliedenergistics2:facade:0, Cable Facade - Larch Wood
appliedenergistics2:facade:0, Cable Facade - Teak Wood
appliedenergistics2:facade:0, Cable Facade - Desert Acacia Wood
appliedenergistics2:facade:0, Cable Facade - Lime Wood
appliedenergistics2:facade:0, Cable Facade - Chestnut Wood
appliedenergistics2:facade:0, Cable Facade - Wenge Wood
appliedenergistics2:facade:0, Cable Facade - Baobab Wood
appliedenergistics2:facade:0, Cable Facade - Sequoia Wood
appliedenergistics2:facade:0, Cable Facade - Kapok Wood
appliedenergistics2:facade:0, Cable Facade - Ebony Wood
appliedenergistics2:facade:0, Cable Facade - Mahogany Wood
appliedenergistics2:facade:0, Cable Facade - Balsa Wood
appliedenergistics2:facade:0, Cable Facade - Willow Wood
appliedenergistics2:facade:0, Cable Facade - Walnut Wood
appliedenergistics2:facade:0, Cable Facade - Greenheart Wood
appliedenergistics2:facade:0, Cable Facade - Cherry Wood
appliedenergistics2:facade:0, Cable Facade - Mahoe Wood
appliedenergistics2:facade:0, Cable Facade - Poplar Wood
appliedenergistics2:facade:0, Cable Facade - Palm Wood
appliedenergistics2:facade:0, Cable Facade - Papaya Wood
appliedenergistics2:facade:0, Cable Facade - Pine Wood
appliedenergistics2:facade:0, Cable Facade - Plum Wood
appliedenergistics2:facade:0, Cable Facade - Maple Wood
appliedenergistics2:facade:0, Cable Facade - Citrus Wood
appliedenergistics2:facade:0, Cable Facade - Giant Sequoia Wood
appliedenergistics2:facade:0, Cable Facade - Ipe Wood
appliedenergistics2:facade:0, Cable Facade - Padauk Wood
appliedenergistics2:facade:0, Cable Facade - Cocobolo Wood
appliedenergistics2:facade:0, Cable Facade - Zebrawood Wood
appliedenergistics2:facade:0, Cable Facade - Larch Wood (Fireproof)
appliedenergistics2:facade:0, Cable Facade - Teak Wood (Fireproof)
appliedenergistics2:facade:0, Cable Facade - Desert Acacia Wood (Fireproof)
appliedenergistics2:facade:0, Cable Facade - Lime Wood (Fireproof)
appliedenergistics2:facade:0, Cable Facade - Chestnut Wood (Fireproof)
appliedenergistics2:facade:0, Cable Facade - Wenge Wood (Fireproof)
appliedenergistics2:facade:0, Cable Facade - Baobab Wood (Fireproof)
appliedenergistics2:facade:0, Cable Facade - Sequoia Wood (Fireproof)
appliedenergistics2:facade:0, Cable Facade - Kapok Wood (Fireproof)
appliedenergistics2:facade:0, Cable Facade - Ebony Wood (Fireproof)
appliedenergistics2:facade:0, Cable Facade - Mahogany Wood (Fireproof)
appliedenergistics2:facade:0, Cable Facade - Balsa Wood (Fireproof)
appliedenergistics2:facade:0, Cable Facade - Willow Wood (Fireproof)
appliedenergistics2:facade:0, Cable Facade - Walnut Wood (Fireproof)
appliedenergistics2:facade:0, Cable Facade - Greenheart Wood (Fireproof)
appliedenergistics2:facade:0, Cable Facade - Cherry Wood (Fireproof)
appliedenergistics2:facade:0, Cable Facade - Mahoe Wood (Fireproof)
appliedenergistics2:facade:0, Cable Facade - Poplar Wood (Fireproof)
appliedenergistics2:facade:0, Cable Facade - Palm Wood (Fireproof)
appliedenergistics2:facade:0, Cable Facade - Papaya Wood (Fireproof)
appliedenergistics2:facade:0, Cable Facade - Pine Wood (Fireproof)
appliedenergistics2:facade:0, Cable Facade - Plum Wood (Fireproof)
appliedenergistics2:facade:0, Cable Facade - Maple Wood (Fireproof)
appliedenergistics2:facade:0, Cable Facade - Citrus Wood (Fireproof)
appliedenergistics2:facade:0, Cable Facade - Giant Sequoia Wood (Fireproof)
appliedenergistics2:facade:0, Cable Facade - Ipe Wood (Fireproof)
appliedenergistics2:facade:0, Cable Facade - Padauk Wood (Fireproof)
appliedenergistics2:facade:0, Cable Facade - Cocobolo Wood (Fireproof)
appliedenergistics2:facade:0, Cable Facade - Zebrawood Wood (Fireproof)
appliedenergistics2:facade:0, Cable Facade - Oak Wood (Fireproof)
appliedenergistics2:facade:0, Cable Facade - Spruce Wood (Fireproof)
appliedenergistics2:facade:0, Cable Facade - Birch Wood (Fireproof)
appliedenergistics2:facade:0, Cable Facade - Jungle Wood (Fireproof)
appliedenergistics2:facade:0, Cable Facade - Acacia Wood (Fireproof)
appliedenergistics2:facade:0, Cable Facade - Dark Oak Wood (Fireproof)
appliedenergistics2:facade:0, Cable Facade - Larch Wood Planks
appliedenergistics2:facade:0, Cable Facade - Teak Wood Planks
appliedenergistics2:facade:0, Cable Facade - Desert Acacia Wood Planks
appliedenergistics2:facade:0, Cable Facade - Lime Wood Planks
appliedenergistics2:facade:0, Cable Facade - Chestnut Wood Planks
appliedenergistics2:facade:0, Cable Facade - Wenge Wood Planks
appliedenergistics2:facade:0, Cable Facade - Baobab Wood Planks
appliedenergistics2:facade:0, Cable Facade - Sequoia Wood Planks
appliedenergistics2:facade:0, Cable Facade - Kapok Wood Planks
appliedenergistics2:facade:0, Cable Facade - Ebony Wood Planks
appliedenergistics2:facade:0, Cable Facade - Mahogany Wood Planks
appliedenergistics2:facade:0, Cable Facade - Balsa Wood Planks
appliedenergistics2:facade:0, Cable Facade - Willow Wood Planks
appliedenergistics2:facade:0, Cable Facade - Walnut Wood Planks
appliedenergistics2:facade:0, Cable Facade - Greenheart Wood Planks
appliedenergistics2:facade:0, Cable Facade - Cherry Wood Planks
appliedenergistics2:facade:0, Cable Facade - Mahoe Wood Planks
appliedenergistics2:facade:0, Cable Facade - Poplar Wood Planks
appliedenergistics2:facade:0, Cable Facade - Palm Wood Planks
appliedenergistics2:facade:0, Cable Facade - Papaya Wood Planks
appliedenergistics2:facade:0, Cable Facade - Pine Wood Planks
appliedenergistics2:facade:0, Cable Facade - Plum Wood Planks
appliedenergistics2:facade:0, Cable Facade - Maple Wood Planks
appliedenergistics2:facade:0, Cable Facade - Citrus Wood Planks
appliedenergistics2:facade:0, Cable Facade - Giant Sequoia Wood Planks
appliedenergistics2:facade:0, Cable Facade - Ipe Wood Planks
appliedenergistics2:facade:0, Cable Facade - Padauk Wood Planks
appliedenergistics2:facade:0, Cable Facade - Cocobolo Wood Planks
appliedenergistics2:facade:0, Cable Facade - Zebrawood Wood Planks
appliedenergistics2:facade:0, Cable Facade - Larch Wood Planks (Fireproof)
appliedenergistics2:facade:0, Cable Facade - Teak Wood Planks (Fireproof)
appliedenergistics2:facade:0, Cable Facade - Desert Acacia Wood Planks (Fireproof)
appliedenergistics2:facade:0, Cable Facade - Lime Wood Planks (Fireproof)
appliedenergistics2:facade:0, Cable Facade - Chestnut Wood Planks (Fireproof)
appliedenergistics2:facade:0, Cable Facade - Wenge Wood Planks (Fireproof)
appliedenergistics2:facade:0, Cable Facade - Baobab Wood Planks (Fireproof)
appliedenergistics2:facade:0, Cable Facade - Sequoia Wood Planks (Fireproof)
appliedenergistics2:facade:0, Cable Facade - Kapok Wood Planks (Fireproof)
appliedenergistics2:facade:0, Cable Facade - Ebony Wood Planks (Fireproof)
appliedenergistics2:facade:0, Cable Facade - Mahogany Wood Planks (Fireproof)
appliedenergistics2:facade:0, Cable Facade - Balsa Wood Planks (Fireproof)
appliedenergistics2:facade:0, Cable Facade - Willow Wood Planks (Fireproof)
appliedenergistics2:facade:0, Cable Facade - Walnut Wood Planks (Fireproof)
appliedenergistics2:facade:0, Cable Facade - Greenheart Wood Planks (Fireproof)
appliedenergistics2:facade:0, Cable Facade - Cherry Wood Planks (Fireproof)
appliedenergistics2:facade:0, Cable Facade - Mahoe Wood Planks (Fireproof)
appliedenergistics2:facade:0, Cable Facade - Poplar Wood Planks (Fireproof)
appliedenergistics2:facade:0, Cable Facade - Palm Wood Planks (Fireproof)
appliedenergistics2:facade:0, Cable Facade - Papaya Wood Planks (Fireproof)
appliedenergistics2:facade:0, Cable Facade - Pine Wood Planks (Fireproof)
appliedenergistics2:facade:0, Cable Facade - Plum Wood Planks (Fireproof)
appliedenergistics2:facade:0, Cable Facade - Maple Wood Planks (Fireproof)
appliedenergistics2:facade:0, Cable Facade - Citrus Wood Planks (Fireproof)
appliedenergistics2:facade:0, Cable Facade - Giant Sequoia Wood Planks (Fireproof)
appliedenergistics2:facade:0, Cable Facade - Ipe Wood Planks (Fireproof)
appliedenergistics2:facade:0, Cable Facade - Padauk Wood Planks (Fireproof)
appliedenergistics2:facade:0, Cable Facade - Cocobolo Wood Planks (Fireproof)
appliedenergistics2:facade:0, Cable Facade - Zebrawood Wood Planks (Fireproof)
appliedenergistics2:facade:0, Cable Facade - Oak Wood Planks (Fireproof)
appliedenergistics2:facade:0, Cable Facade - Spruce Wood Planks (Fireproof)
appliedenergistics2:facade:0, Cable Facade - Birch Wood Planks (Fireproof)
appliedenergistics2:facade:0, Cable Facade - Jungle Wood Planks (Fireproof)
appliedenergistics2:facade:0, Cable Facade - Acacia Wood Planks (Fireproof)
appliedenergistics2:facade:0, Cable Facade - Dark Oak Wood Planks (Fireproof)
appliedenergistics2:facade:0, Cable Facade - Apple Oak Leaves
appliedenergistics2:facade:0, Cable Facade - Dark Oak Leaves
appliedenergistics2:facade:0, Cable Facade - Silver Birch Leaves
appliedenergistics2:facade:0, Cable Facade - Silver Lime Leaves
appliedenergistics2:facade:0, Cable Facade - Common Walnut Leaves
appliedenergistics2:facade:0, Cable Facade - Sweet Chestnut Leaves
appliedenergistics2:facade:0, Cable Facade - Hill Cherry Leaves
appliedenergistics2:facade:0, Cable Facade - Lemon Leaves
appliedenergistics2:facade:0, Cable Facade - Plum Leaves
appliedenergistics2:facade:0, Cable Facade - Sugar Maple Leaves
appliedenergistics2:facade:0, Cable Facade - Red Spruce Leaves
appliedenergistics2:facade:0, Cable Facade - Mundane Larch Leaves
appliedenergistics2:facade:0, Cable Facade - Bull Pine Leaves
appliedenergistics2:facade:0, Cable Facade - Coast Sequoia Leaves
appliedenergistics2:facade:0, Cable Facade - Giant Sequoia Leaves
appliedenergistics2:facade:0, Cable Facade - Jungle Leaves
appliedenergistics2:facade:0, Cable Facade - Teak Leaves
appliedenergistics2:facade:0, Cable Facade - Ipe Leaves
appliedenergistics2:facade:0, Cable Facade - Kapok Leaves
appliedenergistics2:facade:0, Cable Facade - Myrtle Ebony Leaves
appliedenergistics2:facade:0, Cable Facade - Zebrawood Leaves
appliedenergistics2:facade:0, Cable Facade - Yellow Meranti Leaves
appliedenergistics2:facade:0, Cable Facade - Acacia Leaves
appliedenergistics2:facade:0, Cable Facade - Desert Acacia Leaves
appliedenergistics2:facade:0, Cable Facade - Padauk Leaves
appliedenergistics2:facade:0, Cable Facade - Balsa Leaves
appliedenergistics2:facade:0, Cable Facade - Cocobolo Leaves
appliedenergistics2:facade:0, Cable Facade - Wenge Leaves
appliedenergistics2:facade:0, Cable Facade - Grandidier's Baobab Leaves
appliedenergistics2:facade:0, Cable Facade - Blue Mahoe Leaves
appliedenergistics2:facade:0, Cable Facade - White Willow Leaves
appliedenergistics2:facade:0, Cable Facade - Sipiri Leaves
appliedenergistics2:facade:0, Cable Facade - Papaya Leaves
appliedenergistics2:facade:0, Cable Facade - Date Palm Leaves
appliedenergistics2:facade:0, Cable Facade - White Poplar Leaves
appliedenergistics2:facade:0, Cable Facade - Honey Comb Block
appliedenergistics2:facade:0, Cable Facade - Simmering Comb Block
appliedenergistics2:facade:0, Cable Facade - Stringy Comb Block
appliedenergistics2:facade:0, Cable Facade - Frozen Comb Block
appliedenergistics2:facade:0, Cable Facade - Dripping Comb Block
appliedenergistics2:facade:0, Cable Facade - Silky Comb Block
appliedenergistics2:facade:0, Cable Facade - Parched Comb Block
appliedenergistics2:facade:0, Cable Facade - Mossy Comb Block
appliedenergistics2:facade:0, Cable Facade - Mellow Comb Block
appliedenergistics2:facade:0, Cable Facade - Greenhouse Block
appliedenergistics2:facade:0, Cable Facade - Greenhouse Energy Distributor
appliedenergistics2:facade:0, Cable Facade - Greenhouse Control
appliedenergistics2:facade:0, Cable Facade - Greenhouse Screen
appliedenergistics2:facade:0, Cable Facade - Greenhouse Hygroregulator
appliedenergistics2:facade:0, Cable Facade - Greenhouse Heater
appliedenergistics2:facade:0, Cable Facade - Greenhouse Fan
appliedenergistics2:facade:0, Cable Facade - Greenhouse Humidifier
appliedenergistics2:facade:0, Cable Facade - Greenhouse Dehumidifier
appliedenergistics2:facade:0, Cable Facade - Block of Charcoal
appliedenergistics2:facade:0, Cable Facade - Wood Pile
appliedenergistics2:facade:0, Cable Facade - Decorative Wood Pile
appliedenergistics2:facade:0, Cable Facade - Ash Block
appliedenergistics2:facade:0, Cable Facade - Ash Block
appliedenergistics2:facade:0, Cable Facade - Ash Block
appliedenergistics2:facade:0, Cable Facade - Ash Block
appliedenergistics2:facade:0, Cable Facade - Loam
appliedenergistics2:facade:0, Cable Facade - Nickel-Iron Battery
appliedenergistics2:facade:0, Cable Facade - Nickel-Zinc Battery
appliedenergistics2:facade:0, Cable Facade - Zinc-Carbon Battery
appliedenergistics2:facade:0, Cable Facade - Expended Zinc-Carbon Battery
appliedenergistics2:facade:0, Cable Facade - Zinc-Silver Battery
appliedenergistics2:facade:0, Cable Facade - Expended Zinc-Silver Battery
appliedenergistics2:facade:0, Cable Facade - Block of Coal Coke
appliedenergistics2:facade:0, Cable Facade - Block of Copper
appliedenergistics2:facade:0, Cable Facade - Block of Tin
appliedenergistics2:facade:0, Cable Facade - Block of Lead
appliedenergistics2:facade:0, Cable Facade - Block of Silver
appliedenergistics2:facade:0, Cable Facade - Block of Steel
appliedenergistics2:facade:0, Cable Facade - Block of Bronze
appliedenergistics2:facade:0, Cable Facade - Block of Nickel
appliedenergistics2:facade:0, Cable Facade - Block of Invar
appliedenergistics2:facade:0, Cable Facade - Block of Zinc
appliedenergistics2:facade:0, Cable Facade - Block of Brass
appliedenergistics2:facade:0, Cable Facade - Abyssal Stone
appliedenergistics2:facade:0, Cable Facade - Jaded Stone
appliedenergistics2:facade:0, Cable Facade - Quarried Stone
appliedenergistics2:facade:0, Cable Facade - Crushed Obsidian
appliedenergistics2:facade:0, Cable Facade - Sulfur Ore
appliedenergistics2:facade:0, Cable Facade - Saltpeter Ore
appliedenergistics2:facade:0, Cable Facade - Dark Diamond Ore
appliedenergistics2:facade:0, Cable Facade - Dark Emerald Ore
appliedenergistics2:facade:0, Cable Facade - Dark Lapis Lazuli Ore
appliedenergistics2:facade:0, Cable Facade - Copper Ore
appliedenergistics2:facade:0, Cable Facade - Tin Ore
appliedenergistics2:facade:0, Cable Facade - Lead Ore
appliedenergistics2:facade:0, Cable Facade - Silver Ore
appliedenergistics2:facade:0, Cable Facade - Nickel Ore
appliedenergistics2:facade:0, Cable Facade - Zinc Ore
appliedenergistics2:facade:0, Cable Facade - Poor Iron Ore
appliedenergistics2:facade:0, Cable Facade - Poor Gold Ore
appliedenergistics2:facade:0, Cable Facade - Poor Copper Ore
appliedenergistics2:facade:0, Cable Facade - Poor Tin Ore
appliedenergistics2:facade:0, Cable Facade - Poor Lead Ore
appliedenergistics2:facade:0, Cable Facade - Poor Silver Ore
appliedenergistics2:facade:0, Cable Facade - Poor Nickel Ore
appliedenergistics2:facade:0, Cable Facade - Poor Zinc Ore
appliedenergistics2:facade:0, Cable Facade - tile.railcraft.ore.magic.name
appliedenergistics2:facade:0, Cable Facade - Saltpeter Ore Spawner
appliedenergistics2:facade:0, Cable Facade - Abyssal Stone Paver
appliedenergistics2:facade:0, Cable Facade - Abyssal Stone Brick
appliedenergistics2:facade:0, Cable Facade - Polished Abyssal Stone
appliedenergistics2:facade:0, Cable Facade - Chiseled Abyssal Stone
appliedenergistics2:facade:0, Cable Facade - Etched Abyssal Stone
appliedenergistics2:facade:0, Cable Facade - Abyssal Cobblestone
appliedenergistics2:facade:0, Cable Facade - Bleached Bone Stone Paver
appliedenergistics2:facade:0, Cable Facade - Bleached Bone Stone Brick
appliedenergistics2:facade:0, Cable Facade - Polished Bleached Bone Stone
appliedenergistics2:facade:0, Cable Facade - Chiseled Bleached Bone Stone
appliedenergistics2:facade:0, Cable Facade - Etched Bleached Bone Stone
appliedenergistics2:facade:0, Cable Facade - Bleached Bone Cobblestone
appliedenergistics2:facade:0, Cable Facade - Blood Stained Stone Paver
appliedenergistics2:facade:0, Cable Facade - Blood Stained Stone Brick
appliedenergistics2:facade:0, Cable Facade - Polished Blood Stained Stone
appliedenergistics2:facade:0, Cable Facade - Chiseled Blood Stained Stone
appliedenergistics2:facade:0, Cable Facade - Etched Blood Stained Stone
appliedenergistics2:facade:0, Cable Facade - Blood Stained Cobblestone
appliedenergistics2:facade:0, Cable Facade - Frost Bound Stone Paver
appliedenergistics2:facade:0, Cable Facade - Frost Bound Stone Brick
appliedenergistics2:facade:0, Cable Facade - Polished Frost Bound Stone
appliedenergistics2:facade:0, Cable Facade - Chiseled Frost Bound Stone
appliedenergistics2:facade:0, Cable Facade - Etched Frost Bound Stone
appliedenergistics2:facade:0, Cable Facade - Frost Bound Cobblestone
appliedenergistics2:facade:0, Cable Facade - Infernal Stone Paver
appliedenergistics2:facade:0, Cable Facade - Infernal Stone Brick
appliedenergistics2:facade:0, Cable Facade - Polished Infernal Stone
appliedenergistics2:facade:0, Cable Facade - Chiseled Infernal Stone
appliedenergistics2:facade:0, Cable Facade - Etched Infernal Stone
appliedenergistics2:facade:0, Cable Facade - Infernal Cobblestone
appliedenergistics2:facade:0, Cable Facade - Jaded Stone Paver
appliedenergistics2:facade:0, Cable Facade - Jaded Stone Brick
appliedenergistics2:facade:0, Cable Facade - Polished Jaded Stone
appliedenergistics2:facade:0, Cable Facade - Chiseled Jaded Stone
appliedenergistics2:facade:0, Cable Facade - Etched Jaded Stone
appliedenergistics2:facade:0, Cable Facade - Jaded Cobblestone
appliedenergistics2:facade:0, Cable Facade - Quarried Paver
appliedenergistics2:facade:0, Cable Facade - Quarried Brick
appliedenergistics2:facade:0, Cable Facade - Polished Quarried Stone
appliedenergistics2:facade:0, Cable Facade - Chiseled Quarried Stone
appliedenergistics2:facade:0, Cable Facade - Etched Quarried Stone
appliedenergistics2:facade:0, Cable Facade - Quarried Cobblestone
appliedenergistics2:facade:0, Cable Facade - Sandy Stone Paver
appliedenergistics2:facade:0, Cable Facade - Sandy Stone Brick
appliedenergistics2:facade:0, Cable Facade - Polished Sandy Stone
appliedenergistics2:facade:0, Cable Facade - Chiseled Sandy Stone
appliedenergistics2:facade:0, Cable Facade - Etched Sandy Stone
appliedenergistics2:facade:0, Cable Facade - Sandy Cobblestone
appliedenergistics2:facade:0, Cable Facade - Badlands Stone Paver
appliedenergistics2:facade:0, Cable Facade - Badlands Stone Brick
appliedenergistics2:facade:0, Cable Facade - Polished Badlands Stone
appliedenergistics2:facade:0, Cable Facade - Chiseled Badlands Stone
appliedenergistics2:facade:0, Cable Facade - Etched Badlands Stone
appliedenergistics2:facade:0, Cable Facade - Badlands Cobblestone
appliedenergistics2:facade:0, Cable Facade - Nether Brick
appliedenergistics2:facade:0, Cable Facade - Fitted Nether Brick
appliedenergistics2:facade:0, Cable Facade - Polished Nether Stone
appliedenergistics2:facade:0, Cable Facade - Chiseled Nether Stone
appliedenergistics2:facade:0, Cable Facade - Etched Nether Stone
appliedenergistics2:facade:0, Cable Facade - Nether Cobblestone
appliedenergistics2:facade:0, Cable Facade - Red Nether Brick
appliedenergistics2:facade:0, Cable Facade - Red Nether Brick
appliedenergistics2:facade:0, Cable Facade - Polished Red Nether Stone
appliedenergistics2:facade:0, Cable Facade - Chiseled Red Nether Stone
appliedenergistics2:facade:0, Cable Facade - Etched Red Nether Stone
appliedenergistics2:facade:0, Cable Facade - Red Nether Cobblestone
appliedenergistics2:facade:0, Cable Facade - Andesite Paver
appliedenergistics2:facade:0, Cable Facade - Andesite Brick
appliedenergistics2:facade:0, Cable Facade - Polished Andesite
appliedenergistics2:facade:0, Cable Facade - Chiseled Andesite
appliedenergistics2:facade:0, Cable Facade - Etched Andesite
appliedenergistics2:facade:0, Cable Facade - Andesite Cobblestone
appliedenergistics2:facade:0, Cable Facade - Diorite Paver
appliedenergistics2:facade:0, Cable Facade - Diorite Brick
appliedenergistics2:facade:0, Cable Facade - Polished Diorite
appliedenergistics2:facade:0, Cable Facade - Chiseled Diorite
appliedenergistics2:facade:0, Cable Facade - Etched Diorite
appliedenergistics2:facade:0, Cable Facade - Diorite Cobblestone
appliedenergistics2:facade:0, Cable Facade - Granite Paver
appliedenergistics2:facade:0, Cable Facade - Granite Brick
appliedenergistics2:facade:0, Cable Facade - Polished Granite
appliedenergistics2:facade:0, Cable Facade - Chiseled Granite
appliedenergistics2:facade:0, Cable Facade - Etched Granite
appliedenergistics2:facade:0, Cable Facade - Granite Cobblestone
appliedenergistics2:facade:0, Cable Facade - Pearlized Paver
appliedenergistics2:facade:0, Cable Facade - Pearlized Stone Brick
appliedenergistics2:facade:0, Cable Facade - Polished Pearlized Stone
appliedenergistics2:facade:0, Cable Facade - Chiseled Pearlized Stone
appliedenergistics2:facade:0, Cable Facade - Etched Pearlized Stone
appliedenergistics2:facade:0, Cable Facade - Pearlized Cobblestone
appliedenergistics2:facade:0, Cable Facade - Creosote Wood Block
appliedenergistics2:facade:0, Cable Facade - White Reinforced Concrete
appliedenergistics2:facade:0, Cable Facade - Orange Reinforced Concrete
appliedenergistics2:facade:0, Cable Facade - Magenta Reinforced Concrete
appliedenergistics2:facade:0, Cable Facade - Light Blue Reinforced Concrete
appliedenergistics2:facade:0, Cable Facade - Yellow Reinforced Concrete
appliedenergistics2:facade:0, Cable Facade - Lime Reinforced Concrete
appliedenergistics2:facade:0, Cable Facade - Pink Reinforced Concrete
appliedenergistics2:facade:0, Cable Facade - Gray Reinforced Concrete
appliedenergistics2:facade:0, Cable Facade - Reinforced Concrete
appliedenergistics2:facade:0, Cable Facade - Cyan Reinforced Concrete
appliedenergistics2:facade:0, Cable Facade - Purple Reinforced Concrete
appliedenergistics2:facade:0, Cable Facade - Blue Reinforced Concrete
appliedenergistics2:facade:0, Cable Facade - Brown Reinforced Concrete
appliedenergistics2:facade:0, Cable Facade - Green Reinforced Concrete
appliedenergistics2:facade:0, Cable Facade - Red Reinforced Concrete
appliedenergistics2:facade:0, Cable Facade - Black Reinforced Concrete
appliedenergistics2:facade:0, Cable Facade - Worldspike Point
appliedenergistics2:facade:0, Cable Facade - Copper Ore
appliedenergistics2:facade:0, Cable Facade - Tin Ore
appliedenergistics2:facade:0, Cable Facade - Lead Ore
appliedenergistics2:facade:0, Cable Facade - Thorium Ore
appliedenergistics2:facade:0, Cable Facade - Uranium Ore
appliedenergistics2:facade:0, Cable Facade - Boron Ore
appliedenergistics2:facade:0, Cable Facade - Lithium Ore
appliedenergistics2:facade:0, Cable Facade - Magnesium Ore
appliedenergistics2:facade:0, Cable Facade - Copper Block
appliedenergistics2:facade:0, Cable Facade - Tin Block
appliedenergistics2:facade:0, Cable Facade - Lead Block
appliedenergistics2:facade:0, Cable Facade - Thorium Block
appliedenergistics2:facade:0, Cable Facade - Uranium Block
appliedenergistics2:facade:0, Cable Facade - Boron Block
appliedenergistics2:facade:0, Cable Facade - Lithium Block
appliedenergistics2:facade:0, Cable Facade - Magnesium Block
appliedenergistics2:facade:0, Cable Facade - Graphite Block
appliedenergistics2:facade:0, Cable Facade - Beryllium Block
appliedenergistics2:facade:0, Cable Facade - Zirconium Block
appliedenergistics2:facade:0, Cable Facade - Manganese Block
appliedenergistics2:facade:0, Cable Facade - Aluminum Block
appliedenergistics2:facade:0, Cable Facade - Silver Block
appliedenergistics2:facade:0, Cable Facade - Manganese Oxide Block
appliedenergistics2:facade:0, Cable Facade - Manganese Dioxide Block
appliedenergistics2:facade:0, Cable Facade - Zirconia Block
appliedenergistics2:facade:0, Cable Facade - Palladium Block
appliedenergistics2:facade:0, Cable Facade - Tin Oxide Block
appliedenergistics2:facade:0, Cable Facade - Nickel Oxide Block
appliedenergistics2:facade:0, Cable Facade - Cobalt Oxide Block
appliedenergistics2:facade:0, Cable Facade - Ruthenium Oxide Block
appliedenergistics2:facade:0, Cable Facade - Iridium Oxide Block
appliedenergistics2:facade:0, Cable Facade - Molybdenum Block
appliedenergistics2:facade:0, Cable Facade - Copper Oxide Block
appliedenergistics2:facade:0, Cable Facade - Cobalt Block
appliedenergistics2:facade:0, Cable Facade - Nickel Block
appliedenergistics2:facade:0, Cable Facade - Platinum Block
appliedenergistics2:facade:0, Cable Facade - Uranium-238 Block
appliedenergistics2:facade:0, Cable Facade - Neptunium-237 Block
appliedenergistics2:facade:0, Cable Facade - Plutonium-242 Block
appliedenergistics2:facade:0, Cable Facade - Americium-243 Block
appliedenergistics2:facade:0, Cable Facade - Curium-246 Block
appliedenergistics2:facade:0, Cable Facade - Berkelium-247 Block
appliedenergistics2:facade:0, Cable Facade - Californium-252 Block
appliedenergistics2:facade:0, Cable Facade - Supercold Ice
appliedenergistics2:facade:0, Cable Facade - Heavy Water Moderator
appliedenergistics2:facade:0, Cable Facade - Beryllium-Carbon Neutron Reflector
appliedenergistics2:facade:0, Cable Facade - Lead-Steel Neutron Reflector
appliedenergistics2:facade:0, Cable Facade - Glowing Mushroom Block
appliedenergistics2:facade:0, Cable Facade - Wasteland Earth
appliedenergistics2:facade:0, Cable Facade - Wasteland Portal
appliedenergistics2:facade:0, Cable Facade - Tritium Lamp
appliedenergistics2:facade:0, Cable Facade - Solidified Corium
appliedenergistics2:facade:0, Cable Facade - Fertilized Dirt
appliedenergistics2:facade:0, Cable Facade - Lapis Glass
appliedenergistics2:facade:0, Cable Facade - Lapis Lamp
appliedenergistics2:facade:0, Cable Facade - Dyeing Machine
appliedenergistics2:facade:0, Cable Facade - Bean Pod
appliedenergistics2:facade:0, Cable Facade - Spectre Block
appliedenergistics2:facade:0, Cable Facade - Quartz Lamp
appliedenergistics2:facade:0, Cable Facade - Quartz Glass
appliedenergistics2:facade:0, Cable Facade - Contact Button
appliedenergistics2:facade:0, Cable Facade - Contact Lever
appliedenergistics2:facade:0, Cable Facade - Superlubricent Ice
appliedenergistics2:facade:0, Cable Facade - Block of Sticks
appliedenergistics2:facade:0, Cable Facade - Returning Block of Sticks
appliedenergistics2:facade:0, Cable Facade - White Luminous Block
appliedenergistics2:facade:0, Cable Facade - Orange Luminous Block
appliedenergistics2:facade:0, Cable Facade - Magenta Luminous Block
appliedenergistics2:facade:0, Cable Facade - Light Blue Luminous Block
appliedenergistics2:facade:0, Cable Facade - Yellow Luminous Block
appliedenergistics2:facade:0, Cable Facade - Lime Luminous Block
appliedenergistics2:facade:0, Cable Facade - Pink Luminous Block
appliedenergistics2:facade:0, Cable Facade - Gray Luminous Block
appliedenergistics2:facade:0, Cable Facade - Light Gray Luminous Block
appliedenergistics2:facade:0, Cable Facade - Cyan Luminous Block
appliedenergistics2:facade:0, Cable Facade - Purple Luminous Block
appliedenergistics2:facade:0, Cable Facade - Blue Luminous Block
appliedenergistics2:facade:0, Cable Facade - Brown Luminous Block
appliedenergistics2:facade:0, Cable Facade - Green Luminous Block
appliedenergistics2:facade:0, Cable Facade - Red Luminous Block
appliedenergistics2:facade:0, Cable Facade - Black Luminous Block
appliedenergistics2:facade:0, Cable Facade - White Translucent Luminous Block
appliedenergistics2:facade:0, Cable Facade - Orange Translucent Luminous Block
appliedenergistics2:facade:0, Cable Facade - Magenta Translucent Luminous Block
appliedenergistics2:facade:0, Cable Facade - Light Blue Translucent Luminous Block
appliedenergistics2:facade:0, Cable Facade - Yellow Translucent Luminous Block
appliedenergistics2:facade:0, Cable Facade - Lime Translucent Luminous Block
appliedenergistics2:facade:0, Cable Facade - Pink Translucent Luminous Block
appliedenergistics2:facade:0, Cable Facade - Gray Translucent Luminous Block
appliedenergistics2:facade:0, Cable Facade - Light Gray Translucent Luminous Block
appliedenergistics2:facade:0, Cable Facade - Cyan Translucent Luminous Block
appliedenergistics2:facade:0, Cable Facade - Purple Translucent Luminous Block
appliedenergistics2:facade:0, Cable Facade - Blue Translucent Luminous Block
appliedenergistics2:facade:0, Cable Facade - Brown Translucent Luminous Block
appliedenergistics2:facade:0, Cable Facade - Green Translucent Luminous Block
appliedenergistics2:facade:0, Cable Facade - Red Translucent Luminous Block
appliedenergistics2:facade:0, Cable Facade - Black Translucent Luminous Block
appliedenergistics2:facade:0, Cable Facade - Super Lubricent Stone
appliedenergistics2:facade:0, Cable Facade - Trigger Glass
appliedenergistics2:facade:0, Cable Facade - Ancient Brick [INTERNAL]
appliedenergistics2:facade:0, Cable Facade - Sided Block of Redstone
appliedenergistics2:facade:0, Cable Facade - Spectre Planks
appliedenergistics2:facade:0, Cable Facade - Spectre Wood
appliedenergistics2:facade:0, Cable Facade - Spectre Leaves
appliedenergistics2:facade:0, Cable Facade - Biome Cobblestone
appliedenergistics2:facade:0, Cable Facade - Biome Stone
appliedenergistics2:facade:0, Cable Facade - Biome Stone Bricks
appliedenergistics2:facade:0, Cable Facade - Cracked Biome Stone Bricks
appliedenergistics2:facade:0, Cable Facade - Chiseled Biome Stone Bricks
appliedenergistics2:facade:0, Cable Facade - Biome Glass
appliedenergistics2:facade:0, Cable Facade - White Grass
appliedenergistics2:facade:0, Cable Facade - Orange Grass
appliedenergistics2:facade:0, Cable Facade - Magenta Grass
appliedenergistics2:facade:0, Cable Facade - Light Blue Grass
appliedenergistics2:facade:0, Cable Facade - Yellow Grass
appliedenergistics2:facade:0, Cable Facade - Lime Grass
appliedenergistics2:facade:0, Cable Facade - Pink Grass
appliedenergistics2:facade:0, Cable Facade - Gray Grass
appliedenergistics2:facade:0, Cable Facade - Light Gray Grass
appliedenergistics2:facade:0, Cable Facade - Cyan Grass
appliedenergistics2:facade:0, Cable Facade - Purple Grass
appliedenergistics2:facade:0, Cable Facade - Blue Grass
appliedenergistics2:facade:0, Cable Facade - Brown Grass
appliedenergistics2:facade:0, Cable Facade - Green Grass
appliedenergistics2:facade:0, Cable Facade - Red Grass
appliedenergistics2:facade:0, Cable Facade - Black Grass
appliedenergistics2:facade:0, Cable Facade - Rainbow Lamp
appliedenergistics2:facade:0, Cable Facade - White Stained Bricks
appliedenergistics2:facade:0, Cable Facade - Orange Stained Bricks
appliedenergistics2:facade:0, Cable Facade - Magenta Stained Bricks
appliedenergistics2:facade:0, Cable Facade - Light Blue Stained Bricks
appliedenergistics2:facade:0, Cable Facade - Yellow Stained Bricks
appliedenergistics2:facade:0, Cable Facade - Lime Stained Bricks
appliedenergistics2:facade:0, Cable Facade - Pink Stained Bricks
appliedenergistics2:facade:0, Cable Facade - Gray Stained Bricks
appliedenergistics2:facade:0, Cable Facade - Light Gray Stained Bricks
appliedenergistics2:facade:0, Cable Facade - Cyan Stained Bricks
appliedenergistics2:facade:0, Cable Facade - Purple Stained Bricks
appliedenergistics2:facade:0, Cable Facade - Blue Stained Bricks
appliedenergistics2:facade:0, Cable Facade - Brown Stained Bricks
appliedenergistics2:facade:0, Cable Facade - Green Stained Bricks
appliedenergistics2:facade:0, Cable Facade - Red Stained Bricks
appliedenergistics2:facade:0, Cable Facade - Black Stained Bricks
appliedenergistics2:facade:0, Cable Facade - Luminous White Stained Bricks
appliedenergistics2:facade:0, Cable Facade - Luminous Orange Stained Bricks
appliedenergistics2:facade:0, Cable Facade - Luminous Magenta Stained Bricks
appliedenergistics2:facade:0, Cable Facade - Luminous Light Blue Stained Bricks
appliedenergistics2:facade:0, Cable Facade - Luminous Yellow Stained Bricks
appliedenergistics2:facade:0, Cable Facade - Luminous Lime Stained Bricks
appliedenergistics2:facade:0, Cable Facade - Luminous Pink Stained Bricks
appliedenergistics2:facade:0, Cable Facade - Luminous Gray Stained Bricks
appliedenergistics2:facade:0, Cable Facade - Luminous Light Gray Stained Bricks
appliedenergistics2:facade:0, Cable Facade - Luminous Cyan Stained Bricks
appliedenergistics2:facade:0, Cable Facade - Luminous Purple Stained Bricks
appliedenergistics2:facade:0, Cable Facade - Luminous Blue Stained Bricks
appliedenergistics2:facade:0, Cable Facade - Luminous Brown Stained Bricks
appliedenergistics2:facade:0, Cable Facade - Luminous Green Stained Bricks
appliedenergistics2:facade:0, Cable Facade - Luminous Red Stained Bricks
appliedenergistics2:facade:0, Cable Facade - Luminous Black Stained Bricks
appliedenergistics2:facade:0, Cable Facade - Stone Pillar
appliedenergistics2:facade:0, Cable Facade - Andesite Pillar
appliedenergistics2:facade:0, Cable Facade - Diorite Pillar
appliedenergistics2:facade:0, Cable Facade - Granite Pillar
appliedenergistics2:facade:0, Cable Facade - Slate Pillar
appliedenergistics2:facade:0, Cable Facade - Slate
appliedenergistics2:facade:0, Cable Facade - Slate Roof
appliedenergistics2:facade:0, Cable Facade - Slate Tile
appliedenergistics2:facade:0, Cable Facade - Slate Brick
appliedenergistics2:facade:0, Cable Facade - Chiseled Slate
appliedenergistics2:facade:0, Cable Facade - Clay Wall
appliedenergistics2:facade:0, Cable Facade - Crossed Clay Wall
appliedenergistics2:facade:0, Cable Facade - Diagonal Clay Wall
appliedenergistics2:facade:0, Cable Facade - White Painted Wood
appliedenergistics2:facade:0, Cable Facade - Orange Painted Wood
appliedenergistics2:facade:0, Cable Facade - Magenta Painted Wood
appliedenergistics2:facade:0, Cable Facade - Light Blue Painted Wood
appliedenergistics2:facade:0, Cable Facade - Yellow Painted Wood
appliedenergistics2:facade:0, Cable Facade - Lime Painted Wood
appliedenergistics2:facade:0, Cable Facade - Pink Painted Wood
appliedenergistics2:facade:0, Cable Facade - Gray Painted Wood
appliedenergistics2:facade:0, Cable Facade - Light Gray Painted Wood
appliedenergistics2:facade:0, Cable Facade - Cyan Painted Wood
appliedenergistics2:facade:0, Cable Facade - Purple Painted Wood
appliedenergistics2:facade:0, Cable Facade - Blue Painted Wood
appliedenergistics2:facade:0, Cable Facade - Brown Painted Wood
appliedenergistics2:facade:0, Cable Facade - Green Painted Wood
appliedenergistics2:facade:0, Cable Facade - Red Painted Wood
appliedenergistics2:facade:0, Cable Facade - Black Painted Wood
appliedenergistics2:facade:0, Cable Facade - Fertile Soil
appliedenergistics2:facade:0, Cable Facade - Olive Wood Planks
appliedenergistics2:facade:0, Cable Facade - Ironwood Planks
appliedenergistics2:facade:0, Cable Facade - Olive Wood
appliedenergistics2:facade:0, Cable Facade - Ironwood
appliedenergistics2:facade:0, Cable Facade - Olive Leaves
appliedenergistics2:facade:0, Cable Facade - Ironwood Leaves
appliedenergistics2:facade:0, Cable Facade - Apple Leaves
appliedenergistics2:facade:0, Cable Facade - Certus Quartz Ore
appliedenergistics2:facade:0, Cable Facade - Charged Certus Quartz Ore
appliedenergistics2:facade:0, Cable Facade - Certus Quartz Block
appliedenergistics2:facade:0, Cable Facade - Certus Quartz Pillar
appliedenergistics2:facade:0, Cable Facade - Chiseled Certus Quartz Block
appliedenergistics2:facade:0, Cable Facade - Quartz Glass
appliedenergistics2:facade:0, Cable Facade - Vibrant Quartz Glass
appliedenergistics2:facade:0, Cable Facade - Fluix Block
appliedenergistics2:facade:0, Cable Facade - Sky Stone
appliedenergistics2:facade:0, Cable Facade - Sky Stone Block
appliedenergistics2:facade:0, Cable Facade - Sky Stone Brick
appliedenergistics2:facade:0, Cable Facade - Sky Stone Small Brick
appliedenergistics2:facade:0, Cable Facade - Spruce Bookshelf
appliedenergistics2:facade:0, Cable Facade - Lit Redstone Lamp
appliedenergistics2:facade:0, Cable Facade - Blaze Lantern
appliedenergistics2:facade:0, Cable Facade - Sugar Block
appliedenergistics2:facade:0, Cable Facade - Gravisand
appliedenergistics2:facade:0, Cable Facade - Swamp Oak Leaves
appliedenergistics2:facade:0, Cable Facade - White Cave Crystal
appliedenergistics2:facade:0, Cable Facade - Ender Biotite Ore
appliedenergistics2:facade:0, Cable Facade - Block of Biotite
appliedenergistics2:facade:0, Cable Facade - Chiseled Biotite Block
appliedenergistics2:facade:0, Cable Facade - Pillar Biotite Block
appliedenergistics2:facade:0, Cable Facade - Jasper
appliedenergistics2:facade:0, Cable Facade - Slate
appliedenergistics2:facade:0, Cable Facade - Brimstone
appliedenergistics2:facade:0, Cable Facade - Brimstone Bricks
appliedenergistics2:facade:0, Cable Facade - Elder Prismarine
appliedenergistics2:facade:0, Cable Facade - Elder Sea Lantern
appliedenergistics2:facade:0, Cable Facade - Glowcelium
appliedenergistics2:facade:0, Cable Facade - Glowshroom
appliedenergistics2:facade:0, Cable Facade - Polished Sandstone
appliedenergistics2:facade:0, Cable Facade - Polished Stone
appliedenergistics2:facade:0, Cable Facade - White Stained Planks
appliedenergistics2:facade:0, Cable Facade - Terracotta Shingles
appliedenergistics2:facade:0, Cable Facade - White Terracotta Shingles
appliedenergistics2:facade:0, Cable Facade - Oak Bark
appliedenergistics2:facade:0, Cable Facade - Sturdy Stone
appliedenergistics2:facade:0, Cable Facade - Iron Plate
appliedenergistics2:facade:0, Cable Facade - Sandy Bricks
appliedenergistics2:facade:0, Cable Facade - Thatch
appliedenergistics2:facade:0, Cable Facade - Charred Nether Brick
appliedenergistics2:facade:0, Cable Facade - Granite Bricks
appliedenergistics2:facade:0, Cable Facade - Chiseled Granite Bricks
appliedenergistics2:facade:0, Cable Facade - Midori Block
appliedenergistics2:facade:0, Cable Facade - Midori Pillar
appliedenergistics2:facade:0, Cable Facade - Magma Bricks
appliedenergistics2:facade:0, Cable Facade - Vertical Oak Wood Planks
appliedenergistics2:facade:0, Cable Facade - Vertical White Stained Planks
appliedenergistics2:facade:0, Cable Facade - Duskbound Block
appliedenergistics2:facade:0, Cable Facade - Duskbound Lantern
appliedenergistics2:facade:0, Cable Facade - Granite Pavement
appliedenergistics2:facade:0, Cable Facade - Sugar Cane Block
appliedenergistics2:facade:0, Cable Facade - Snow Bricks
appliedenergistics2:facade:0, Cable Facade - Carved Oak Wood
appliedenergistics2:facade:0, Cable Facade - Soul Sandstone
appliedenergistics2:facade:0, Cable Facade - Turf Block
appliedenergistics2:facade:0, Cable Facade - Netherwrought Stone
appliedenergistics2:facade:0, Cable Facade - White Quilted Wool
appliedenergistics2:facade:0, Cable Facade - Block of Smokey Quartz
appliedenergistics2:facade:0, Cable Facade - Chiseled Smokey Quartz Block
appliedenergistics2:facade:0, Cable Facade - Pillar Smokey Quartz Block
appliedenergistics2:facade:0, Cable Facade - Block of Mana Quartz
appliedenergistics2:facade:0, Cable Facade - Chiseled Mana Quartz Block
appliedenergistics2:facade:0, Cable Facade - Pillar Mana Quartz Block
appliedenergistics2:facade:0, Cable Facade - Block of Blaze Quartz
appliedenergistics2:facade:0, Cable Facade - Chiseled Blaze Quartz Block
appliedenergistics2:facade:0, Cable Facade - Pillar Blaze Quartz Block
appliedenergistics2:facade:0, Cable Facade - Block of Lavender Quartz
appliedenergistics2:facade:0, Cable Facade - Chiseled Lavender Quartz Block
appliedenergistics2:facade:0, Cable Facade - Pillar Lavender Quartz Block
appliedenergistics2:facade:0, Cable Facade - Block of Redquartz
appliedenergistics2:facade:0, Cable Facade - Chiseled Redquartz Block
appliedenergistics2:facade:0, Cable Facade - Pillar Redquartz Block
appliedenergistics2:facade:0, Cable Facade - Block of Elven Quartz
appliedenergistics2:facade:0, Cable Facade - Chiseled Elven Quartz Block
appliedenergistics2:facade:0, Cable Facade - Pillar Elven Quartz Block
appliedenergistics2:facade:0, Cable Facade - Block of Sunny Quartz
appliedenergistics2:facade:0, Cable Facade - Chiseled Sunny Quartz Block
appliedenergistics2:facade:0, Cable Facade - Pillar Sunny Quartz Block
appliedenergistics2:facade:0, Cable Facade - Metamorphic Forest Stone
appliedenergistics2:facade:0, Cable Facade - Metamorphic Plains Stone
appliedenergistics2:facade:0, Cable Facade - Metamorphic Mountain Stone
appliedenergistics2:facade:0, Cable Facade - Metamorphic Fungal Stone
appliedenergistics2:facade:0, Cable Facade - Metamorphic Swamp Stone
appliedenergistics2:facade:0, Cable Facade - Metamorphic Desert Stone
appliedenergistics2:facade:0, Cable Facade - Metamorphic Taiga Stone
appliedenergistics2:facade:0, Cable Facade - Metamorphic Mesa Stone
appliedenergistics2:facade:0, Cable Facade - Metamorphic Forest Cobblestone
appliedenergistics2:facade:0, Cable Facade - Metamorphic Plains Cobblestone
appliedenergistics2:facade:0, Cable Facade - Metamorphic Mountain Cobblestone
appliedenergistics2:facade:0, Cable Facade - Metamorphic Fungal Cobblestone
appliedenergistics2:facade:0, Cable Facade - Metamorphic Swamp Cobblestone
appliedenergistics2:facade:0, Cable Facade - Metamorphic Desert Cobblestone
appliedenergistics2:facade:0, Cable Facade - Metamorphic Taiga Cobblestone
appliedenergistics2:facade:0, Cable Facade - Metamorphic Mesa Cobblestone
appliedenergistics2:facade:0, Cable Facade - Metamorphic Forest Stone Bricks
appliedenergistics2:facade:0, Cable Facade - Metamorphic Plains Stone Bricks
appliedenergistics2:facade:0, Cable Facade - Metamorphic Mountain Stone Bricks
appliedenergistics2:facade:0, Cable Facade - Metamorphic Fungal Stone Bricks
appliedenergistics2:facade:0, Cable Facade - Metamorphic Swamp Stone Bricks
appliedenergistics2:facade:0, Cable Facade - Metamorphic Desert Stone Bricks
appliedenergistics2:facade:0, Cable Facade - Metamorphic Taiga Stone Bricks
appliedenergistics2:facade:0, Cable Facade - Metamorphic Mesa Stone Bricks
appliedenergistics2:facade:0, Cable Facade - Chiseled Metamorphic Forest Stone Brick
appliedenergistics2:facade:0, Cable Facade - Chiseled Metamorphic Plains Stone Brick
appliedenergistics2:facade:0, Cable Facade - Chiseled Metamorphic Mountain Stone Brick
appliedenergistics2:facade:0, Cable Facade - Chiseled Metamorphic Fungal Stone Brick
appliedenergistics2:facade:0, Cable Facade - Chiseled Metamorphic Swamp Stone Brick
appliedenergistics2:facade:0, Cable Facade - Chiseled Metamorphic Desert Stone Brick
appliedenergistics2:facade:0, Cable Facade - Chiseled Metamorphic Taiga Stone Brick
appliedenergistics2:facade:0, Cable Facade - Chiseled Metamorphic Mesa Stone Brick
appliedenergistics2:facade:0, Cable Facade - White Portuguese Pavement
appliedenergistics2:facade:0, Cable Facade - Black Portuguese Pavement
appliedenergistics2:facade:0, Cable Facade - Blue Portuguese Pavement
appliedenergistics2:facade:0, Cable Facade - Red Portuguese Pavement
appliedenergistics2:facade:0, Cable Facade - Yellow Portuguese Pavement
appliedenergistics2:facade:0, Cable Facade - Green Portuguese Pavement
appliedenergistics2:facade:0, Cable Facade - Livingrock
appliedenergistics2:facade:0, Cable Facade - Livingrock Brick
appliedenergistics2:facade:0, Cable Facade - Mossy Livingrock Brick
appliedenergistics2:facade:0, Cable Facade - Cracked Livingrock Brick
appliedenergistics2:facade:0, Cable Facade - Chiseled Livingrock Brick
appliedenergistics2:facade:0, Cable Facade - Livingwood
appliedenergistics2:facade:0, Cable Facade - Livingwood Planks
appliedenergistics2:facade:0, Cable Facade - Mossy Livingwood Planks
appliedenergistics2:facade:0, Cable Facade - Framed Livingwood
appliedenergistics2:facade:0, Cable Facade - Pattern Framed Livingwood
appliedenergistics2:facade:0, Cable Facade - Glimmering Livingwood
appliedenergistics2:facade:0, Cable Facade - Force Relay
appliedenergistics2:facade:0, Cable Facade - Alchemy Catalyst
appliedenergistics2:facade:0, Cable Facade - Block of Manasteel
appliedenergistics2:facade:0, Cable Facade - Block of Terrasteel
appliedenergistics2:facade:0, Cable Facade - Block of Elementium
appliedenergistics2:facade:0, Cable Facade - Block of Mana Diamond
appliedenergistics2:facade:0, Cable Facade - Block of Dragonstone
appliedenergistics2:facade:0, Cable Facade - Dreamwood
appliedenergistics2:facade:0, Cable Facade - Dreamwood Planks
appliedenergistics2:facade:0, Cable Facade - Mossy Dreamwood Planks
appliedenergistics2:facade:0, Cable Facade - Framed Dreamwood
appliedenergistics2:facade:0, Cable Facade - Pattern Framed Dreamwood
appliedenergistics2:facade:0, Cable Facade - Glimmering Dreamwood
appliedenergistics2:facade:0, Cable Facade - Conjuration Catalyst
appliedenergistics2:facade:0, Cable Facade - Azulejo
appliedenergistics2:facade:0, Cable Facade - Azulejo
appliedenergistics2:facade:0, Cable Facade - Azulejo
appliedenergistics2:facade:0, Cable Facade - Azulejo
appliedenergistics2:facade:0, Cable Facade - Azulejo
appliedenergistics2:facade:0, Cable Facade - Azulejo
appliedenergistics2:facade:0, Cable Facade - Azulejo
appliedenergistics2:facade:0, Cable Facade - Azulejo
appliedenergistics2:facade:0, Cable Facade - Azulejo
appliedenergistics2:facade:0, Cable Facade - Azulejo
appliedenergistics2:facade:0, Cable Facade - Azulejo
appliedenergistics2:facade:0, Cable Facade - Azulejo
appliedenergistics2:facade:0, Cable Facade - Azulejo
appliedenergistics2:facade:0, Cable Facade - Azulejo
appliedenergistics2:facade:0, Cable Facade - Azulejo
appliedenergistics2:facade:0, Cable Facade - Azulejo
appliedenergistics2:facade:0, Cable Facade - Enchanted Soil
appliedenergistics2:facade:0, Cable Facade - White Petal Block
appliedenergistics2:facade:0, Cable Facade - Orange Petal Block
appliedenergistics2:facade:0, Cable Facade - Magenta Petal Block
appliedenergistics2:facade:0, Cable Facade - Light Blue Petal Block
appliedenergistics2:facade:0, Cable Facade - Yellow Petal Block
appliedenergistics2:facade:0, Cable Facade - Lime Petal Block
appliedenergistics2:facade:0, Cable Facade - Pink Petal Block
appliedenergistics2:facade:0, Cable Facade - Gray Petal Block
appliedenergistics2:facade:0, Cable Facade - Light Gray Petal Block
appliedenergistics2:facade:0, Cable Facade - Cyan Petal Block
appliedenergistics2:facade:0, Cable Facade - Purple Petal Block
appliedenergistics2:facade:0, Cable Facade - Blue Petal Block
appliedenergistics2:facade:0, Cable Facade - Brown Petal Block
appliedenergistics2:facade:0, Cable Facade - Green Petal Block
appliedenergistics2:facade:0, Cable Facade - Red Petal Block
appliedenergistics2:facade:0, Cable Facade - Black Petal Block
appliedenergistics2:facade:0, Cable Facade - Blaze Mesh
appliedenergistics2:facade:0, Cable Facade - Living Root
appliedenergistics2:facade:0, Cable Facade - Fel Pumpkin
appliedenergistics2:facade:0, Cable Facade - Manastorm Charge
appliedenergistics2:facade:0, Cable Facade - Shimmerrock
appliedenergistics2:facade:0, Cable Facade - Shimmerwood Planks
appliedenergistics2:facade:0, Cable Facade - Dry Grass
appliedenergistics2:facade:0, Cable Facade - Golden Grass
appliedenergistics2:facade:0, Cable Facade - Vivid Grass
appliedenergistics2:facade:0, Cable Facade - Scorched Grass
appliedenergistics2:facade:0, Cable Facade - Infused Grass
appliedenergistics2:facade:0, Cable Facade - Mutated Grass
appliedenergistics2:facade:0, Cable Facade - Block of Aluminum
appliedenergistics2:facade:0, Cable Facade - Block of Aluminum
appliedenergistics2:facade:0, Cable Facade - Block of Aluminum
appliedenergistics2:facade:0, Cable Facade - Block of Aluminum
appliedenergistics2:facade:0, Cable Facade - Block of Aluminum
appliedenergistics2:facade:0, Cable Facade - Block of Aluminum
appliedenergistics2:facade:0, Cable Facade - Block of Aluminum
appliedenergistics2:facade:0, Cable Facade - Andesite
appliedenergistics2:facade:0, Cable Facade - Andesite
appliedenergistics2:facade:0, Cable Facade - Andesite
appliedenergistics2:facade:0, Cable Facade - Andesite
appliedenergistics2:facade:0, Cable Facade - Andesite
appliedenergistics2:facade:0, Cable Facade - Andesite
appliedenergistics2:facade:0, Cable Facade - Andesite
appliedenergistics2:facade:0, Cable Facade - Andesite
appliedenergistics2:facade:0, Cable Facade - Andesite
appliedenergistics2:facade:0, Cable Facade - Andesite
appliedenergistics2:facade:0, Cable Facade - Andesite
appliedenergistics2:facade:0, Cable Facade - Andesite
appliedenergistics2:facade:0, Cable Facade - Andesite
appliedenergistics2:facade:0, Cable Facade - Andesite
appliedenergistics2:facade:0, Cable Facade - Andesite
appliedenergistics2:facade:0, Cable Facade - Andesite
appliedenergistics2:facade:0, Cable Facade - Andesite
appliedenergistics2:facade:0, Cable Facade - Andesite
appliedenergistics2:facade:0, Cable Facade - Andesite
appliedenergistics2:facade:0, Cable Facade - Andesite
appliedenergistics2:facade:0, Cable Facade - Andesite
appliedenergistics2:facade:0, Cable Facade - Andesite
appliedenergistics2:facade:0, Cable Facade - Andesite
appliedenergistics2:facade:0, Cable Facade - Andesite
appliedenergistics2:facade:0, Cable Facade - Andesite
appliedenergistics2:facade:0, Cable Facade - Andesite
appliedenergistics2:facade:0, Cable Facade - Andesite
appliedenergistics2:facade:0, Cable Facade - Andesite
appliedenergistics2:facade:0, Cable Facade - Andesite
appliedenergistics2:facade:0, Cable Facade - Andesite
appliedenergistics2:facade:0, Cable Facade - Andesite
appliedenergistics2:facade:0, Cable Facade - Andesite
appliedenergistics2:facade:0, Cable Facade - Andesite
appliedenergistics2:facade:0, Cable Facade - Antiblock
appliedenergistics2:facade:0, Cable Facade - Antiblock
appliedenergistics2:facade:0, Cable Facade - Antiblock
appliedenergistics2:facade:0, Cable Facade - Antiblock
appliedenergistics2:facade:0, Cable Facade - Antiblock
appliedenergistics2:facade:0, Cable Facade - Antiblock
appliedenergistics2:facade:0, Cable Facade - Antiblock
appliedenergistics2:facade:0, Cable Facade - Antiblock
appliedenergistics2:facade:0, Cable Facade - Antiblock
appliedenergistics2:facade:0, Cable Facade - Antiblock
appliedenergistics2:facade:0, Cable Facade - Antiblock
appliedenergistics2:facade:0, Cable Facade - Antiblock
appliedenergistics2:facade:0, Cable Facade - Antiblock
appliedenergistics2:facade:0, Cable Facade - Antiblock
appliedenergistics2:facade:0, Cable Facade - Antiblock
appliedenergistics2:facade:0, Cable Facade - Antiblock
appliedenergistics2:facade:0, Cable Facade - Basalt
appliedenergistics2:facade:0, Cable Facade - Basalt
appliedenergistics2:facade:0, Cable Facade - Basalt
appliedenergistics2:facade:0, Cable Facade - Basalt
appliedenergistics2:facade:0, Cable Facade - Basalt
appliedenergistics2:facade:0, Cable Facade - Basalt
appliedenergistics2:facade:0, Cable Facade - Basalt
appliedenergistics2:facade:0, Cable Facade - Basalt
appliedenergistics2:facade:0, Cable Facade - Basalt
appliedenergistics2:facade:0, Cable Facade - Basalt
appliedenergistics2:facade:0, Cable Facade - Basalt
appliedenergistics2:facade:0, Cable Facade - Basalt
appliedenergistics2:facade:0, Cable Facade - Basalt
appliedenergistics2:facade:0, Cable Facade - Basalt
appliedenergistics2:facade:0, Cable Facade - Basalt
appliedenergistics2:facade:0, Cable Facade - Basalt
appliedenergistics2:facade:0, Cable Facade - Basalt
appliedenergistics2:facade:0, Cable Facade - Basalt
appliedenergistics2:facade:0, Cable Facade - Basalt
appliedenergistics2:facade:0, Cable Facade - Basalt
appliedenergistics2:facade:0, Cable Facade - Basalt
appliedenergistics2:facade:0, Cable Facade - Basalt
appliedenergistics2:facade:0, Cable Facade - Basalt
appliedenergistics2:facade:0, Cable Facade - Basalt
appliedenergistics2:facade:0, Cable Facade - Basalt
appliedenergistics2:facade:0, Cable Facade - Basalt
appliedenergistics2:facade:0, Cable Facade - Basalt
appliedenergistics2:facade:0, Cable Facade - Basalt
appliedenergistics2:facade:0, Cable Facade - Basalt
appliedenergistics2:facade:0, Cable Facade - Basalt
appliedenergistics2:facade:0, Cable Facade - Basalt
appliedenergistics2:facade:0, Cable Facade - Basalt
appliedenergistics2:facade:0, Cable Facade - Basalt
appliedenergistics2:facade:0, Cable Facade - Basalt
appliedenergistics2:facade:0, Cable Facade - Oak Bookshelf
appliedenergistics2:facade:0, Cable Facade - Oak Bookshelf
appliedenergistics2:facade:0, Cable Facade - Oak Bookshelf
appliedenergistics2:facade:0, Cable Facade - Oak Bookshelf
appliedenergistics2:facade:0, Cable Facade - Oak Bookshelf
appliedenergistics2:facade:0, Cable Facade - Oak Bookshelf
appliedenergistics2:facade:0, Cable Facade - Oak Bookshelf
appliedenergistics2:facade:0, Cable Facade - Oak Bookshelf
appliedenergistics2:facade:0, Cable Facade - Oak Bookshelf
appliedenergistics2:facade:0, Cable Facade - Oak Bookshelf
appliedenergistics2:facade:0, Cable Facade - Spruce Bookshelf
appliedenergistics2:facade:0, Cable Facade - Spruce Bookshelf
appliedenergistics2:facade:0, Cable Facade - Spruce Bookshelf
appliedenergistics2:facade:0, Cable Facade - Spruce Bookshelf
appliedenergistics2:facade:0, Cable Facade - Spruce Bookshelf
appliedenergistics2:facade:0, Cable Facade - Spruce Bookshelf
appliedenergistics2:facade:0, Cable Facade - Spruce Bookshelf
appliedenergistics2:facade:0, Cable Facade - Spruce Bookshelf
appliedenergistics2:facade:0, Cable Facade - Spruce Bookshelf
appliedenergistics2:facade:0, Cable Facade - Spruce Bookshelf
appliedenergistics2:facade:0, Cable Facade - Birch Bookshelf
appliedenergistics2:facade:0, Cable Facade - Birch Bookshelf
appliedenergistics2:facade:0, Cable Facade - Birch Bookshelf
appliedenergistics2:facade:0, Cable Facade - Birch Bookshelf
appliedenergistics2:facade:0, Cable Facade - Birch Bookshelf
appliedenergistics2:facade:0, Cable Facade - Birch Bookshelf
appliedenergistics2:facade:0, Cable Facade - Birch Bookshelf
appliedenergistics2:facade:0, Cable Facade - Birch Bookshelf
appliedenergistics2:facade:0, Cable Facade - Birch Bookshelf
appliedenergistics2:facade:0, Cable Facade - Birch Bookshelf
appliedenergistics2:facade:0, Cable Facade - Jungle Bookshelf
appliedenergistics2:facade:0, Cable Facade - Jungle Bookshelf
appliedenergistics2:facade:0, Cable Facade - Jungle Bookshelf
appliedenergistics2:facade:0, Cable Facade - Jungle Bookshelf
appliedenergistics2:facade:0, Cable Facade - Jungle Bookshelf
appliedenergistics2:facade:0, Cable Facade - Jungle Bookshelf
appliedenergistics2:facade:0, Cable Facade - Jungle Bookshelf
appliedenergistics2:facade:0, Cable Facade - Jungle Bookshelf
appliedenergistics2:facade:0, Cable Facade - Jungle Bookshelf
appliedenergistics2:facade:0, Cable Facade - Jungle Bookshelf
appliedenergistics2:facade:0, Cable Facade - Acacia Bookshelf
appliedenergistics2:facade:0, Cable Facade - Acacia Bookshelf
appliedenergistics2:facade:0, Cable Facade - Acacia Bookshelf
appliedenergistics2:facade:0, Cable Facade - Acacia Bookshelf
appliedenergistics2:facade:0, Cable Facade - Acacia Bookshelf
appliedenergistics2:facade:0, Cable Facade - Acacia Bookshelf
appliedenergistics2:facade:0, Cable Facade - Acacia Bookshelf
appliedenergistics2:facade:0, Cable Facade - Acacia Bookshelf
appliedenergistics2:facade:0, Cable Facade - Acacia Bookshelf
appliedenergistics2:facade:0, Cable Facade - Acacia Bookshelf
appliedenergistics2:facade:0, Cable Facade - Dark Oak Bookshelf
appliedenergistics2:facade:0, Cable Facade - Dark Oak Bookshelf
appliedenergistics2:facade:0, Cable Facade - Dark Oak Bookshelf
appliedenergistics2:facade:0, Cable Facade - Dark Oak Bookshelf
appliedenergistics2:facade:0, Cable Facade - Dark Oak Bookshelf
appliedenergistics2:facade:0, Cable Facade - Dark Oak Bookshelf
appliedenergistics2:facade:0, Cable Facade - Dark Oak Bookshelf
appliedenergistics2:facade:0, Cable Facade - Dark Oak Bookshelf
appliedenergistics2:facade:0, Cable Facade - Dark Oak Bookshelf
appliedenergistics2:facade:0, Cable Facade - Dark Oak Bookshelf
appliedenergistics2:facade:0, Cable Facade - Bricks
appliedenergistics2:facade:0, Cable Facade - Bricks
appliedenergistics2:facade:0, Cable Facade - Bricks
appliedenergistics2:facade:0, Cable Facade - Bricks
appliedenergistics2:facade:0, Cable Facade - Bricks
appliedenergistics2:facade:0, Cable Facade - Bricks
appliedenergistics2:facade:0, Cable Facade - Bricks
appliedenergistics2:facade:0, Cable Facade - Bricks
appliedenergistics2:facade:0, Cable Facade - Bricks
appliedenergistics2:facade:0, Cable Facade - Bricks
appliedenergistics2:facade:0, Cable Facade - Bricks
appliedenergistics2:facade:0, Cable Facade - Bricks
appliedenergistics2:facade:0, Cable Facade - Bricks
appliedenergistics2:facade:0, Cable Facade - Bricks
appliedenergistics2:facade:0, Cable Facade - Bricks
appliedenergistics2:facade:0, Cable Facade - Bricks
appliedenergistics2:facade:0, Cable Facade - Bricks
appliedenergistics2:facade:0, Cable Facade - Bricks
appliedenergistics2:facade:0, Cable Facade - Bricks
appliedenergistics2:facade:0, Cable Facade - Bricks
appliedenergistics2:facade:0, Cable Facade - Bricks
appliedenergistics2:facade:0, Cable Facade - Bricks
appliedenergistics2:facade:0, Cable Facade - Bricks
appliedenergistics2:facade:0, Cable Facade - Bricks
appliedenergistics2:facade:0, Cable Facade - Bricks
appliedenergistics2:facade:0, Cable Facade - Bricks
appliedenergistics2:facade:0, Cable Facade - Bricks
appliedenergistics2:facade:0, Cable Facade - Bricks
appliedenergistics2:facade:0, Cable Facade - Bricks
appliedenergistics2:facade:0, Cable Facade - Bricks
appliedenergistics2:facade:0, Cable Facade - Bricks
appliedenergistics2:facade:0, Cable Facade - Bricks
appliedenergistics2:facade:0, Cable Facade - Block of Bronze
appliedenergistics2:facade:0, Cable Facade - Block of Bronze
appliedenergistics2:facade:0, Cable Facade - Block of Bronze
appliedenergistics2:facade:0, Cable Facade - Block of Bronze
appliedenergistics2:facade:0, Cable Facade - Block of Bronze
appliedenergistics2:facade:0, Cable Facade - Block of Bronze
appliedenergistics2:facade:0, Cable Facade - Block of Bronze
appliedenergistics2:facade:0, Cable Facade - Brownstone
appliedenergistics2:facade:0, Cable Facade - Brownstone
appliedenergistics2:facade:0, Cable Facade - Brownstone
appliedenergistics2:facade:0, Cable Facade - Brownstone
appliedenergistics2:facade:0, Cable Facade - Brownstone
appliedenergistics2:facade:0, Cable Facade - Brownstone
appliedenergistics2:facade:0, Cable Facade - Brownstone
appliedenergistics2:facade:0, Cable Facade - Brownstone
appliedenergistics2:facade:0, Cable Facade - Brownstone
appliedenergistics2:facade:0, Cable Facade - Brownstone
appliedenergistics2:facade:0, Cable Facade - Block of Certus Quartz
appliedenergistics2:facade:0, Cable Facade - Block of Certus Quartz
appliedenergistics2:facade:0, Cable Facade - Block of Certus Quartz
appliedenergistics2:facade:0, Cable Facade - Block of Certus Quartz
appliedenergistics2:facade:0, Cable Facade - Block of Certus Quartz
appliedenergistics2:facade:0, Cable Facade - Block of Certus Quartz
appliedenergistics2:facade:0, Cable Facade - Block of Certus Quartz
appliedenergistics2:facade:0, Cable Facade - Block of Certus Quartz
appliedenergistics2:facade:0, Cable Facade - Block of Certus Quartz
appliedenergistics2:facade:0, Cable Facade - Block of Certus Quartz
appliedenergistics2:facade:0, Cable Facade - Block of Certus Quartz
appliedenergistics2:facade:0, Cable Facade - Block of Certus Quartz
appliedenergistics2:facade:0, Cable Facade - Block of Certus Quartz
appliedenergistics2:facade:0, Cable Facade - Block of Certus Quartz
appliedenergistics2:facade:0, Cable Facade - Block of Certus Quartz
appliedenergistics2:facade:0, Cable Facade - Block of Certus Quartz
appliedenergistics2:facade:0, Cable Facade - Block of Certus Quartz
appliedenergistics2:facade:0, Cable Facade - Block of Certus Quartz
appliedenergistics2:facade:0, Cable Facade - Block of Certus Quartz
appliedenergistics2:facade:0, Cable Facade - Block of Certus Quartz
appliedenergistics2:facade:0, Cable Facade - Block of Certus Quartz
appliedenergistics2:facade:0, Cable Facade - Block of Certus Quartz
appliedenergistics2:facade:0, Cable Facade - Block of Certus Quartz
appliedenergistics2:facade:0, Cable Facade - Block of Certus Quartz
appliedenergistics2:facade:0, Cable Facade - Block of Certus Quartz
appliedenergistics2:facade:0, Cable Facade - Block of Certus Quartz
appliedenergistics2:facade:0, Cable Facade - Block of Certus Quartz
appliedenergistics2:facade:0, Cable Facade - Block of Certus Quartz
appliedenergistics2:facade:0, Cable Facade - Block of Certus Quartz
appliedenergistics2:facade:0, Cable Facade - Block of Certus Quartz
appliedenergistics2:facade:0, Cable Facade - Block of Certus Quartz
appliedenergistics2:facade:0, Cable Facade - Block of Certus Quartz
appliedenergistics2:facade:0, Cable Facade - Block of Certus Quartz
appliedenergistics2:facade:0, Cable Facade - Block of Certus Quartz
appliedenergistics2:facade:0, Cable Facade - Block of Charcoal
appliedenergistics2:facade:0, Cable Facade - Block of Charcoal
appliedenergistics2:facade:0, Cable Facade - Block of Charcoal
appliedenergistics2:facade:0, Cable Facade - Block of Charcoal
appliedenergistics2:facade:0, Cable Facade - Block of Charcoal
appliedenergistics2:facade:0, Cable Facade - Block of Charcoal
appliedenergistics2:facade:0, Cable Facade - Block of Charcoal
appliedenergistics2:facade:0, Cable Facade - Block of Charcoal
appliedenergistics2:facade:0, Cable Facade - Block of Charcoal
appliedenergistics2:facade:0, Cable Facade - Block of Charcoal
appliedenergistics2:facade:0, Cable Facade - Block of Charcoal
appliedenergistics2:facade:0, Cable Facade - Block of Charcoal
appliedenergistics2:facade:0, Cable Facade - Block of Charcoal
appliedenergistics2:facade:0, Cable Facade - Block of Charcoal
appliedenergistics2:facade:0, Cable Facade - Block of Charcoal
appliedenergistics2:facade:0, Cable Facade - Block of Charcoal
appliedenergistics2:facade:0, Cable Facade - Block of Charcoal
appliedenergistics2:facade:0, Cable Facade - Block of Charcoal
appliedenergistics2:facade:0, Cable Facade - Block of Charcoal
appliedenergistics2:facade:0, Cable Facade - Block of Charcoal
appliedenergistics2:facade:0, Cable Facade - Block of Charcoal
appliedenergistics2:facade:0, Cable Facade - Block of Charcoal
appliedenergistics2:facade:0, Cable Facade - Block of Charcoal
appliedenergistics2:facade:0, Cable Facade - Block of Charcoal
appliedenergistics2:facade:0, Cable Facade - Block of Charcoal
appliedenergistics2:facade:0, Cable Facade - Block of Charcoal
appliedenergistics2:facade:0, Cable Facade - Block of Charcoal
appliedenergistics2:facade:0, Cable Facade - Block of Charcoal
appliedenergistics2:facade:0, Cable Facade - Block of Charcoal
appliedenergistics2:facade:0, Cable Facade - Block of Charcoal
appliedenergistics2:facade:0, Cable Facade - Block of Charcoal
appliedenergistics2:facade:0, Cable Facade - Block of Charcoal
appliedenergistics2:facade:0, Cable Facade - Block of Charcoal
appliedenergistics2:facade:0, Cable Facade - Block of Charcoal
appliedenergistics2:facade:0, Cable Facade - Block of Cobalt
appliedenergistics2:facade:0, Cable Facade - Block of Cobalt
appliedenergistics2:facade:0, Cable Facade - Block of Cobalt
appliedenergistics2:facade:0, Cable Facade - Block of Cobalt
appliedenergistics2:facade:0, Cable Facade - Block of Cobalt
appliedenergistics2:facade:0, Cable Facade - Block of Cobalt
appliedenergistics2:facade:0, Cable Facade - Block of Cobalt
appliedenergistics2:facade:0, Cable Facade - Cobblestone
appliedenergistics2:facade:0, Cable Facade - Cobblestone
appliedenergistics2:facade:0, Cable Facade - Cobblestone
appliedenergistics2:facade:0, Cable Facade - Cobblestone
appliedenergistics2:facade:0, Cable Facade - Cobblestone
appliedenergistics2:facade:0, Cable Facade - Cobblestone
appliedenergistics2:facade:0, Cable Facade - Cobblestone
appliedenergistics2:facade:0, Cable Facade - Cobblestone
appliedenergistics2:facade:0, Cable Facade - Cobblestone
appliedenergistics2:facade:0, Cable Facade - Cobblestone
appliedenergistics2:facade:0, Cable Facade - Cobblestone
appliedenergistics2:facade:0, Cable Facade - Cobblestone
appliedenergistics2:facade:0, Cable Facade - Cobblestone
appliedenergistics2:facade:0, Cable Facade - Cobblestone
appliedenergistics2:facade:0, Cable Facade - Cobblestone
appliedenergistics2:facade:0, Cable Facade - Cobblestone
appliedenergistics2:facade:0, Cable Facade - Cobblestone
appliedenergistics2:facade:0, Cable Facade - Cobblestone
appliedenergistics2:facade:0, Cable Facade - Cobblestone
appliedenergistics2:facade:0, Cable Facade - Cobblestone
appliedenergistics2:facade:0, Cable Facade - Cobblestone
appliedenergistics2:facade:0, Cable Facade - Cobblestone
appliedenergistics2:facade:0, Cable Facade - Cobblestone
appliedenergistics2:facade:0, Cable Facade - Cobblestone
appliedenergistics2:facade:0, Cable Facade - Cobblestone
appliedenergistics2:facade:0, Cable Facade - Cobblestone
appliedenergistics2:facade:0, Cable Facade - Cobblestone
appliedenergistics2:facade:0, Cable Facade - Cobblestone
appliedenergistics2:facade:0, Cable Facade - Cobblestone
appliedenergistics2:facade:0, Cable Facade - Cobblestone
appliedenergistics2:facade:0, Cable Facade - Cobblestone
appliedenergistics2:facade:0, Cable Facade - Cobblestone
appliedenergistics2:facade:0, Cable Facade - Cobblestone
appliedenergistics2:facade:0, Cable Facade - Cobblestone
appliedenergistics2:facade:0, Cable Facade - Cobblestone
appliedenergistics2:facade:0, Cable Facade - Cobblestone
appliedenergistics2:facade:0, Cable Facade - Block of Coal
appliedenergistics2:facade:0, Cable Facade - Block of Coal
appliedenergistics2:facade:0, Cable Facade - Block of Coal
appliedenergistics2:facade:0, Cable Facade - Block of Coal
appliedenergistics2:facade:0, Cable Facade - Block of Coal
appliedenergistics2:facade:0, Cable Facade - Block of Coal
appliedenergistics2:facade:0, Cable Facade - Block of Coal
appliedenergistics2:facade:0, Cable Facade - Block of Coal
appliedenergistics2:facade:0, Cable Facade - Block of Coal
appliedenergistics2:facade:0, Cable Facade - Block of Coal
appliedenergistics2:facade:0, Cable Facade - Block of Coal
appliedenergistics2:facade:0, Cable Facade - Block of Coal
appliedenergistics2:facade:0, Cable Facade - Block of Coal
appliedenergistics2:facade:0, Cable Facade - Block of Coal
appliedenergistics2:facade:0, Cable Facade - Block of Coal
appliedenergistics2:facade:0, Cable Facade - Block of Coal
appliedenergistics2:facade:0, Cable Facade - Block of Coal
appliedenergistics2:facade:0, Cable Facade - Block of Coal
appliedenergistics2:facade:0, Cable Facade - Block of Coal
appliedenergistics2:facade:0, Cable Facade - Block of Coal
appliedenergistics2:facade:0, Cable Facade - Block of Coal
appliedenergistics2:facade:0, Cable Facade - Block of Coal
appliedenergistics2:facade:0, Cable Facade - Block of Coal
appliedenergistics2:facade:0, Cable Facade - Block of Coal
appliedenergistics2:facade:0, Cable Facade - Block of Coal
appliedenergistics2:facade:0, Cable Facade - Block of Coal
appliedenergistics2:facade:0, Cable Facade - Block of Coal
appliedenergistics2:facade:0, Cable Facade - Block of Coal
appliedenergistics2:facade:0, Cable Facade - Block of Coal
appliedenergistics2:facade:0, Cable Facade - Block of Coal
appliedenergistics2:facade:0, Cable Facade - Block of Coal
appliedenergistics2:facade:0, Cable Facade - Block of Coal
appliedenergistics2:facade:0, Cable Facade - Block of Coal
appliedenergistics2:facade:0, Cable Facade - Block of Coal
appliedenergistics2:facade:0, Cable Facade - Block of Coal Coke
appliedenergistics2:facade:0, Cable Facade - Block of Coal Coke
appliedenergistics2:facade:0, Cable Facade - Block of Coal Coke
appliedenergistics2:facade:0, Cable Facade - Block of Coal Coke
appliedenergistics2:facade:0, Cable Facade - Block of Coal Coke
appliedenergistics2:facade:0, Cable Facade - Block of Coal Coke
appliedenergistics2:facade:0, Cable Facade - Block of Coal Coke
appliedenergistics2:facade:0, Cable Facade - Block of Coal Coke
appliedenergistics2:facade:0, Cable Facade - Block of Coal Coke
appliedenergistics2:facade:0, Cable Facade - Block of Coal Coke
appliedenergistics2:facade:0, Cable Facade - Block of Coal Coke
appliedenergistics2:facade:0, Cable Facade - Block of Coal Coke
appliedenergistics2:facade:0, Cable Facade - Block of Coal Coke
appliedenergistics2:facade:0, Cable Facade - Block of Coal Coke
appliedenergistics2:facade:0, Cable Facade - Block of Coal Coke
appliedenergistics2:facade:0, Cable Facade - Block of Coal Coke
appliedenergistics2:facade:0, Cable Facade - Block of Coal Coke
appliedenergistics2:facade:0, Cable Facade - Block of Coal Coke
appliedenergistics2:facade:0, Cable Facade - Block of Coal Coke
appliedenergistics2:facade:0, Cable Facade - Block of Coal Coke
appliedenergistics2:facade:0, Cable Facade - Block of Coal Coke
appliedenergistics2:facade:0, Cable Facade - Block of Coal Coke
appliedenergistics2:facade:0, Cable Facade - Block of Coal Coke
appliedenergistics2:facade:0, Cable Facade - Block of Coal Coke
appliedenergistics2:facade:0, Cable Facade - Block of Coal Coke
appliedenergistics2:facade:0, Cable Facade - Block of Coal Coke
appliedenergistics2:facade:0, Cable Facade - Block of Coal Coke
appliedenergistics2:facade:0, Cable Facade - Block of Coal Coke
appliedenergistics2:facade:0, Cable Facade - Block of Coal Coke
appliedenergistics2:facade:0, Cable Facade - Block of Coal Coke
appliedenergistics2:facade:0, Cable Facade - Block of Coal Coke
appliedenergistics2:facade:0, Cable Facade - Block of Coal Coke
appliedenergistics2:facade:0, Cable Facade - Block of Coal Coke
appliedenergistics2:facade:0, Cable Facade - Block of Coal Coke
appliedenergistics2:facade:0, Cable Facade - Moss Stone
appliedenergistics2:facade:0, Cable Facade - Moss Stone
appliedenergistics2:facade:0, Cable Facade - Moss Stone
appliedenergistics2:facade:0, Cable Facade - Moss Stone
appliedenergistics2:facade:0, Cable Facade - Moss Stone
appliedenergistics2:facade:0, Cable Facade - Moss Stone
appliedenergistics2:facade:0, Cable Facade - Moss Stone
appliedenergistics2:facade:0, Cable Facade - Moss Stone
appliedenergistics2:facade:0, Cable Facade - Moss Stone
appliedenergistics2:facade:0, Cable Facade - Moss Stone
appliedenergistics2:facade:0, Cable Facade - Moss Stone
appliedenergistics2:facade:0, Cable Facade - Moss Stone
appliedenergistics2:facade:0, Cable Facade - Moss Stone
appliedenergistics2:facade:0, Cable Facade - Moss Stone
appliedenergistics2:facade:0, Cable Facade - Moss Stone
appliedenergistics2:facade:0, Cable Facade - Moss Stone
appliedenergistics2:facade:0, Cable Facade - Moss Stone
appliedenergistics2:facade:0, Cable Facade - Moss Stone
appliedenergistics2:facade:0, Cable Facade - Moss Stone
appliedenergistics2:facade:0, Cable Facade - Moss Stone
appliedenergistics2:facade:0, Cable Facade - Moss Stone
appliedenergistics2:facade:0, Cable Facade - Moss Stone
appliedenergistics2:facade:0, Cable Facade - Moss Stone
appliedenergistics2:facade:0, Cable Facade - Moss Stone
appliedenergistics2:facade:0, Cable Facade - Moss Stone
appliedenergistics2:facade:0, Cable Facade - Moss Stone
appliedenergistics2:facade:0, Cable Facade - Moss Stone
appliedenergistics2:facade:0, Cable Facade - Moss Stone
appliedenergistics2:facade:0, Cable Facade - Moss Stone
appliedenergistics2:facade:0, Cable Facade - Moss Stone
appliedenergistics2:facade:0, Cable Facade - Moss Stone
appliedenergistics2:facade:0, Cable Facade - Moss Stone
appliedenergistics2:facade:0, Cable Facade - Moss Stone
appliedenergistics2:facade:0, Cable Facade - Black Concrete
appliedenergistics2:facade:0, Cable Facade - Black Concrete
appliedenergistics2:facade:0, Cable Facade - Black Concrete
appliedenergistics2:facade:0, Cable Facade - Black Concrete
appliedenergistics2:facade:0, Cable Facade - Black Concrete
appliedenergistics2:facade:0, Cable Facade - Black Concrete
appliedenergistics2:facade:0, Cable Facade - Black Concrete
appliedenergistics2:facade:0, Cable Facade - Black Concrete
appliedenergistics2:facade:0, Cable Facade - Black Concrete
appliedenergistics2:facade:0, Cable Facade - Black Concrete
appliedenergistics2:facade:0, Cable Facade - Black Concrete
appliedenergistics2:facade:0, Cable Facade - Black Concrete
appliedenergistics2:facade:0, Cable Facade - Black Concrete
appliedenergistics2:facade:0, Cable Facade - Black Concrete
appliedenergistics2:facade:0, Cable Facade - Black Concrete
appliedenergistics2:facade:0, Cable Facade - Black Concrete
appliedenergistics2:facade:0, Cable Facade - Black Concrete
appliedenergistics2:facade:0, Cable Facade - Black Concrete
appliedenergistics2:facade:0, Cable Facade - Black Concrete
appliedenergistics2:facade:0, Cable Facade - Black Concrete
appliedenergistics2:facade:0, Cable Facade - Black Concrete
appliedenergistics2:facade:0, Cable Facade - Black Concrete
appliedenergistics2:facade:0, Cable Facade - Black Concrete
appliedenergistics2:facade:0, Cable Facade - Black Concrete
appliedenergistics2:facade:0, Cable Facade - Black Concrete
appliedenergistics2:facade:0, Cable Facade - Black Concrete
appliedenergistics2:facade:0, Cable Facade - Black Concrete
appliedenergistics2:facade:0, Cable Facade - Black Concrete
appliedenergistics2:facade:0, Cable Facade - Black Concrete
appliedenergistics2:facade:0, Cable Facade - Black Concrete
appliedenergistics2:facade:0, Cable Facade - Black Concrete
appliedenergistics2:facade:0, Cable Facade - Black Concrete
appliedenergistics2:facade:0, Cable Facade - Black Concrete
appliedenergistics2:facade:0, Cable Facade - Red Concrete
appliedenergistics2:facade:0, Cable Facade - Red Concrete
appliedenergistics2:facade:0, Cable Facade - Red Concrete
appliedenergistics2:facade:0, Cable Facade - Red Concrete
appliedenergistics2:facade:0, Cable Facade - Red Concrete
appliedenergistics2:facade:0, Cable Facade - Red Concrete
appliedenergistics2:facade:0, Cable Facade - Red Concrete
appliedenergistics2:facade:0, Cable Facade - Red Concrete
appliedenergistics2:facade:0, Cable Facade - Red Concrete
appliedenergistics2:facade:0, Cable Facade - Red Concrete
appliedenergistics2:facade:0, Cable Facade - Red Concrete
appliedenergistics2:facade:0, Cable Facade - Red Concrete
appliedenergistics2:facade:0, Cable Facade - Red Concrete
appliedenergistics2:facade:0, Cable Facade - Red Concrete
appliedenergistics2:facade:0, Cable Facade - Red Concrete
appliedenergistics2:facade:0, Cable Facade - Red Concrete
appliedenergistics2:facade:0, Cable Facade - Red Concrete
appliedenergistics2:facade:0, Cable Facade - Red Concrete
appliedenergistics2:facade:0, Cable Facade - Red Concrete
appliedenergistics2:facade:0, Cable Facade - Red Concrete
appliedenergistics2:facade:0, Cable Facade - Red Concrete
appliedenergistics2:facade:0, Cable Facade - Red Concrete
appliedenergistics2:facade:0, Cable Facade - Red Concrete
appliedenergistics2:facade:0, Cable Facade - Red Concrete
appliedenergistics2:facade:0, Cable Facade - Red Concrete
appliedenergistics2:facade:0, Cable Facade - Red Concrete
appliedenergistics2:facade:0, Cable Facade - Red Concrete
appliedenergistics2:facade:0, Cable Facade - Red Concrete
appliedenergistics2:facade:0, Cable Facade - Red Concrete
appliedenergistics2:facade:0, Cable Facade - Red Concrete
appliedenergistics2:facade:0, Cable Facade - Red Concrete
appliedenergistics2:facade:0, Cable Facade - Red Concrete
appliedenergistics2:facade:0, Cable Facade - Red Concrete
appliedenergistics2:facade:0, Cable Facade - Green Concrete
appliedenergistics2:facade:0, Cable Facade - Green Concrete
appliedenergistics2:facade:0, Cable Facade - Green Concrete
appliedenergistics2:facade:0, Cable Facade - Green Concrete
appliedenergistics2:facade:0, Cable Facade - Green Concrete
appliedenergistics2:facade:0, Cable Facade - Green Concrete
appliedenergistics2:facade:0, Cable Facade - Green Concrete
appliedenergistics2:facade:0, Cable Facade - Green Concrete
appliedenergistics2:facade:0, Cable Facade - Green Concrete
appliedenergistics2:facade:0, Cable Facade - Green Concrete
appliedenergistics2:facade:0, Cable Facade - Green Concrete
appliedenergistics2:facade:0, Cable Facade - Green Concrete
appliedenergistics2:facade:0, Cable Facade - Green Concrete
appliedenergistics2:facade:0, Cable Facade - Green Concrete
appliedenergistics2:facade:0, Cable Facade - Green Concrete
appliedenergistics2:facade:0, Cable Facade - Green Concrete
appliedenergistics2:facade:0, Cable Facade - Green Concrete
appliedenergistics2:facade:0, Cable Facade - Green Concrete
appliedenergistics2:facade:0, Cable Facade - Green Concrete
appliedenergistics2:facade:0, Cable Facade - Green Concrete
appliedenergistics2:facade:0, Cable Facade - Green Concrete
appliedenergistics2:facade:0, Cable Facade - Green Concrete
appliedenergistics2:facade:0, Cable Facade - Green Concrete
appliedenergistics2:facade:0, Cable Facade - Green Concrete
appliedenergistics2:facade:0, Cable Facade - Green Concrete
appliedenergistics2:facade:0, Cable Facade - Green Concrete
appliedenergistics2:facade:0, Cable Facade - Green Concrete
appliedenergistics2:facade:0, Cable Facade - Green Concrete
appliedenergistics2:facade:0, Cable Facade - Green Concrete
appliedenergistics2:facade:0, Cable Facade - Green Concrete
appliedenergistics2:facade:0, Cable Facade - Green Concrete
appliedenergistics2:facade:0, Cable Facade - Green Concrete
appliedenergistics2:facade:0, Cable Facade - Green Concrete
appliedenergistics2:facade:0, Cable Facade - Brown Concrete
appliedenergistics2:facade:0, Cable Facade - Brown Concrete
appliedenergistics2:facade:0, Cable Facade - Brown Concrete
appliedenergistics2:facade:0, Cable Facade - Brown Concrete
appliedenergistics2:facade:0, Cable Facade - Brown Concrete
appliedenergistics2:facade:0, Cable Facade - Brown Concrete
appliedenergistics2:facade:0, Cable Facade - Brown Concrete
appliedenergistics2:facade:0, Cable Facade - Brown Concrete
appliedenergistics2:facade:0, Cable Facade - Brown Concrete
appliedenergistics2:facade:0, Cable Facade - Brown Concrete
appliedenergistics2:facade:0, Cable Facade - Brown Concrete
appliedenergistics2:facade:0, Cable Facade - Brown Concrete
appliedenergistics2:facade:0, Cable Facade - Brown Concrete
appliedenergistics2:facade:0, Cable Facade - Brown Concrete
appliedenergistics2:facade:0, Cable Facade - Brown Concrete
appliedenergistics2:facade:0, Cable Facade - Brown Concrete
appliedenergistics2:facade:0, Cable Facade - Brown Concrete
appliedenergistics2:facade:0, Cable Facade - Brown Concrete
appliedenergistics2:facade:0, Cable Facade - Brown Concrete
appliedenergistics2:facade:0, Cable Facade - Brown Concrete
appliedenergistics2:facade:0, Cable Facade - Brown Concrete
appliedenergistics2:facade:0, Cable Facade - Brown Concrete
appliedenergistics2:facade:0, Cable Facade - Brown Concrete
appliedenergistics2:facade:0, Cable Facade - Brown Concrete
appliedenergistics2:facade:0, Cable Facade - Brown Concrete
appliedenergistics2:facade:0, Cable Facade - Brown Concrete
appliedenergistics2:facade:0, Cable Facade - Brown Concrete
appliedenergistics2:facade:0, Cable Facade - Brown Concrete
appliedenergistics2:facade:0, Cable Facade - Brown Concrete
appliedenergistics2:facade:0, Cable Facade - Brown Concrete
appliedenergistics2:facade:0, Cable Facade - Brown Concrete
appliedenergistics2:facade:0, Cable Facade - Brown Concrete
appliedenergistics2:facade:0, Cable Facade - Brown Concrete
appliedenergistics2:facade:0, Cable Facade - Blue Concrete
appliedenergistics2:facade:0, Cable Facade - Blue Concrete
appliedenergistics2:facade:0, Cable Facade - Blue Concrete
appliedenergistics2:facade:0, Cable Facade - Blue Concrete
appliedenergistics2:facade:0, Cable Facade - Blue Concrete
appliedenergistics2:facade:0, Cable Facade - Blue Concrete
appliedenergistics2:facade:0, Cable Facade - Blue Concrete
appliedenergistics2:facade:0, Cable Facade - Blue Concrete
appliedenergistics2:facade:0, Cable Facade - Blue Concrete
appliedenergistics2:facade:0, Cable Facade - Blue Concrete
appliedenergistics2:facade:0, Cable Facade - Blue Concrete
appliedenergistics2:facade:0, Cable Facade - Blue Concrete
appliedenergistics2:facade:0, Cable Facade - Blue Concrete
appliedenergistics2:facade:0, Cable Facade - Blue Concrete
appliedenergistics2:facade:0, Cable Facade - Blue Concrete
appliedenergistics2:facade:0, Cable Facade - Blue Concrete
appliedenergistics2:facade:0, Cable Facade - Blue Concrete
appliedenergistics2:facade:0, Cable Facade - Blue Concrete
appliedenergistics2:facade:0, Cable Facade - Blue Concrete
appliedenergistics2:facade:0, Cable Facade - Blue Concrete
appliedenergistics2:facade:0, Cable Facade - Blue Concrete
appliedenergistics2:facade:0, Cable Facade - Blue Concrete
appliedenergistics2:facade:0, Cable Facade - Blue Concrete
appliedenergistics2:facade:0, Cable Facade - Blue Concrete
appliedenergistics2:facade:0, Cable Facade - Blue Concrete
appliedenergistics2:facade:0, Cable Facade - Blue Concrete
appliedenergistics2:facade:0, Cable Facade - Blue Concrete
appliedenergistics2:facade:0, Cable Facade - Blue Concrete
appliedenergistics2:facade:0, Cable Facade - Blue Concrete
appliedenergistics2:facade:0, Cable Facade - Blue Concrete
appliedenergistics2:facade:0, Cable Facade - Blue Concrete
appliedenergistics2:facade:0, Cable Facade - Blue Concrete
appliedenergistics2:facade:0, Cable Facade - Blue Concrete
appliedenergistics2:facade:0, Cable Facade - Purple Concrete
appliedenergistics2:facade:0, Cable Facade - Purple Concrete
appliedenergistics2:facade:0, Cable Facade - Purple Concrete
appliedenergistics2:facade:0, Cable Facade - Purple Concrete
appliedenergistics2:facade:0, Cable Facade - Purple Concrete
appliedenergistics2:facade:0, Cable Facade - Purple Concrete
appliedenergistics2:facade:0, Cable Facade - Purple Concrete
appliedenergistics2:facade:0, Cable Facade - Purple Concrete
appliedenergistics2:facade:0, Cable Facade - Purple Concrete
appliedenergistics2:facade:0, Cable Facade - Purple Concrete
appliedenergistics2:facade:0, Cable Facade - Purple Concrete
appliedenergistics2:facade:0, Cable Facade - Purple Concrete
appliedenergistics2:facade:0, Cable Facade - Purple Concrete
appliedenergistics2:facade:0, Cable Facade - Purple Concrete
appliedenergistics2:facade:0, Cable Facade - Purple Concrete
appliedenergistics2:facade:0, Cable Facade - Purple Concrete
appliedenergistics2:facade:0, Cable Facade - Purple Concrete
appliedenergistics2:facade:0, Cable Facade - Purple Concrete
appliedenergistics2:facade:0, Cable Facade - Purple Concrete
appliedenergistics2:facade:0, Cable Facade - Purple Concrete
appliedenergistics2:facade:0, Cable Facade - Purple Concrete
appliedenergistics2:facade:0, Cable Facade - Purple Concrete
appliedenergistics2:facade:0, Cable Facade - Purple Concrete
appliedenergistics2:facade:0, Cable Facade - Purple Concrete
appliedenergistics2:facade:0, Cable Facade - Purple Concrete
appliedenergistics2:facade:0, Cable Facade - Purple Concrete
appliedenergistics2:facade:0, Cable Facade - Purple Concrete
appliedenergistics2:facade:0, Cable Facade - Purple Concrete
appliedenergistics2:facade:0, Cable Facade - Purple Concrete
appliedenergistics2:facade:0, Cable Facade - Purple Concrete
appliedenergistics2:facade:0, Cable Facade - Purple Concrete
appliedenergistics2:facade:0, Cable Facade - Purple Concrete
appliedenergistics2:facade:0, Cable Facade - Purple Concrete
appliedenergistics2:facade:0, Cable Facade - Cyan Concrete
appliedenergistics2:facade:0, Cable Facade - Cyan Concrete
appliedenergistics2:facade:0, Cable Facade - Cyan Concrete
appliedenergistics2:facade:0, Cable Facade - Cyan Concrete
appliedenergistics2:facade:0, Cable Facade - Cyan Concrete
appliedenergistics2:facade:0, Cable Facade - Cyan Concrete
appliedenergistics2:facade:0, Cable Facade - Cyan Concrete
appliedenergistics2:facade:0, Cable Facade - Cyan Concrete
appliedenergistics2:facade:0, Cable Facade - Cyan Concrete
appliedenergistics2:facade:0, Cable Facade - Cyan Concrete
appliedenergistics2:facade:0, Cable Facade - Cyan Concrete
appliedenergistics2:facade:0, Cable Facade - Cyan Concrete
appliedenergistics2:facade:0, Cable Facade - Cyan Concrete
appliedenergistics2:facade:0, Cable Facade - Cyan Concrete
appliedenergistics2:facade:0, Cable Facade - Cyan Concrete
appliedenergistics2:facade:0, Cable Facade - Cyan Concrete
appliedenergistics2:facade:0, Cable Facade - Cyan Concrete
appliedenergistics2:facade:0, Cable Facade - Cyan Concrete
appliedenergistics2:facade:0, Cable Facade - Cyan Concrete
appliedenergistics2:facade:0, Cable Facade - Cyan Concrete
appliedenergistics2:facade:0, Cable Facade - Cyan Concrete
appliedenergistics2:facade:0, Cable Facade - Cyan Concrete
appliedenergistics2:facade:0, Cable Facade - Cyan Concrete
appliedenergistics2:facade:0, Cable Facade - Cyan Concrete
appliedenergistics2:facade:0, Cable Facade - Cyan Concrete
appliedenergistics2:facade:0, Cable Facade - Cyan Concrete
appliedenergistics2:facade:0, Cable Facade - Cyan Concrete
appliedenergistics2:facade:0, Cable Facade - Cyan Concrete
appliedenergistics2:facade:0, Cable Facade - Cyan Concrete
appliedenergistics2:facade:0, Cable Facade - Cyan Concrete
appliedenergistics2:facade:0, Cable Facade - Cyan Concrete
appliedenergistics2:facade:0, Cable Facade - Cyan Concrete
appliedenergistics2:facade:0, Cable Facade - Cyan Concrete
appliedenergistics2:facade:0, Cable Facade - Light Gray Concrete
appliedenergistics2:facade:0, Cable Facade - Light Gray Concrete
appliedenergistics2:facade:0, Cable Facade - Light Gray Concrete
appliedenergistics2:facade:0, Cable Facade - Light Gray Concrete
appliedenergistics2:facade:0, Cable Facade - Light Gray Concrete
appliedenergistics2:facade:0, Cable Facade - Light Gray Concrete
appliedenergistics2:facade:0, Cable Facade - Light Gray Concrete
appliedenergistics2:facade:0, Cable Facade - Light Gray Concrete
appliedenergistics2:facade:0, Cable Facade - Light Gray Concrete
appliedenergistics2:facade:0, Cable Facade - Light Gray Concrete
appliedenergistics2:facade:0, Cable Facade - Light Gray Concrete
appliedenergistics2:facade:0, Cable Facade - Light Gray Concrete
appliedenergistics2:facade:0, Cable Facade - Light Gray Concrete
appliedenergistics2:facade:0, Cable Facade - Light Gray Concrete
appliedenergistics2:facade:0, Cable Facade - Light Gray Concrete
appliedenergistics2:facade:0, Cable Facade - Light Gray Concrete
appliedenergistics2:facade:0, Cable Facade - Light Gray Concrete
appliedenergistics2:facade:0, Cable Facade - Light Gray Concrete
appliedenergistics2:facade:0, Cable Facade - Light Gray Concrete
appliedenergistics2:facade:0, Cable Facade - Light Gray Concrete
appliedenergistics2:facade:0, Cable Facade - Light Gray Concrete
appliedenergistics2:facade:0, Cable Facade - Light Gray Concrete
appliedenergistics2:facade:0, Cable Facade - Light Gray Concrete
appliedenergistics2:facade:0, Cable Facade - Light Gray Concrete
appliedenergistics2:facade:0, Cable Facade - Light Gray Concrete
appliedenergistics2:facade:0, Cable Facade - Light Gray Concrete
appliedenergistics2:facade:0, Cable Facade - Light Gray Concrete
appliedenergistics2:facade:0, Cable Facade - Light Gray Concrete
appliedenergistics2:facade:0, Cable Facade - Light Gray Concrete
appliedenergistics2:facade:0, Cable Facade - Light Gray Concrete
appliedenergistics2:facade:0, Cable Facade - Light Gray Concrete
appliedenergistics2:facade:0, Cable Facade - Light Gray Concrete
appliedenergistics2:facade:0, Cable Facade - Light Gray Concrete
appliedenergistics2:facade:0, Cable Facade - Gray Concrete
appliedenergistics2:facade:0, Cable Facade - Gray Concrete
appliedenergistics2:facade:0, Cable Facade - Gray Concrete
appliedenergistics2:facade:0, Cable Facade - Gray Concrete
appliedenergistics2:facade:0, Cable Facade - Gray Concrete
appliedenergistics2:facade:0, Cable Facade - Gray Concrete
appliedenergistics2:facade:0, Cable Facade - Gray Concrete
appliedenergistics2:facade:0, Cable Facade - Gray Concrete
appliedenergistics2:facade:0, Cable Facade - Gray Concrete
appliedenergistics2:facade:0, Cable Facade - Gray Concrete
appliedenergistics2:facade:0, Cable Facade - Gray Concrete
appliedenergistics2:facade:0, Cable Facade - Gray Concrete
appliedenergistics2:facade:0, Cable Facade - Gray Concrete
appliedenergistics2:facade:0, Cable Facade - Gray Concrete
appliedenergistics2:facade:0, Cable Facade - Gray Concrete
appliedenergistics2:facade:0, Cable Facade - Gray Concrete
appliedenergistics2:facade:0, Cable Facade - Gray Concrete
appliedenergistics2:facade:0, Cable Facade - Gray Concrete
appliedenergistics2:facade:0, Cable Facade - Gray Concrete
appliedenergistics2:facade:0, Cable Facade - Gray Concrete
appliedenergistics2:facade:0, Cable Facade - Gray Concrete
appliedenergistics2:facade:0, Cable Facade - Gray Concrete
appliedenergistics2:facade:0, Cable Facade - Gray Concrete
appliedenergistics2:facade:0, Cable Facade - Gray Concrete
appliedenergistics2:facade:0, Cable Facade - Gray Concrete
appliedenergistics2:facade:0, Cable Facade - Gray Concrete
appliedenergistics2:facade:0, Cable Facade - Gray Concrete
appliedenergistics2:facade:0, Cable Facade - Gray Concrete
appliedenergistics2:facade:0, Cable Facade - Gray Concrete
appliedenergistics2:facade:0, Cable Facade - Gray Concrete
appliedenergistics2:facade:0, Cable Facade - Gray Concrete
appliedenergistics2:facade:0, Cable Facade - Gray Concrete
appliedenergistics2:facade:0, Cable Facade - Gray Concrete
appliedenergistics2:facade:0, Cable Facade - Pink Concrete
appliedenergistics2:facade:0, Cable Facade - Pink Concrete
appliedenergistics2:facade:0, Cable Facade - Pink Concrete
appliedenergistics2:facade:0, Cable Facade - Pink Concrete
appliedenergistics2:facade:0, Cable Facade - Pink Concrete
appliedenergistics2:facade:0, Cable Facade - Pink Concrete
appliedenergistics2:facade:0, Cable Facade - Pink Concrete
appliedenergistics2:facade:0, Cable Facade - Pink Concrete
appliedenergistics2:facade:0, Cable Facade - Pink Concrete
appliedenergistics2:facade:0, Cable Facade - Pink Concrete
appliedenergistics2:facade:0, Cable Facade - Pink Concrete
appliedenergistics2:facade:0, Cable Facade - Pink Concrete
appliedenergistics2:facade:0, Cable Facade - Pink Concrete
appliedenergistics2:facade:0, Cable Facade - Pink Concrete
appliedenergistics2:facade:0, Cable Facade - Pink Concrete
appliedenergistics2:facade:0, Cable Facade - Pink Concrete
appliedenergistics2:facade:0, Cable Facade - Pink Concrete
appliedenergistics2:facade:0, Cable Facade - Pink Concrete
appliedenergistics2:facade:0, Cable Facade - Pink Concrete
appliedenergistics2:facade:0, Cable Facade - Pink Concrete
appliedenergistics2:facade:0, Cable Facade - Pink Concrete
appliedenergistics2:facade:0, Cable Facade - Pink Concrete
appliedenergistics2:facade:0, Cable Facade - Pink Concrete
appliedenergistics2:facade:0, Cable Facade - Pink Concrete
appliedenergistics2:facade:0, Cable Facade - Pink Concrete
appliedenergistics2:facade:0, Cable Facade - Pink Concrete
appliedenergistics2:facade:0, Cable Facade - Pink Concrete
appliedenergistics2:facade:0, Cable Facade - Pink Concrete
appliedenergistics2:facade:0, Cable Facade - Pink Concrete
appliedenergistics2:facade:0, Cable Facade - Pink Concrete
appliedenergistics2:facade:0, Cable Facade - Pink Concrete
appliedenergistics2:facade:0, Cable Facade - Pink Concrete
appliedenergistics2:facade:0, Cable Facade - Pink Concrete
appliedenergistics2:facade:0, Cable Facade - Lime Concrete
appliedenergistics2:facade:0, Cable Facade - Lime Concrete
appliedenergistics2:facade:0, Cable Facade - Lime Concrete
appliedenergistics2:facade:0, Cable Facade - Lime Concrete
appliedenergistics2:facade:0, Cable Facade - Lime Concrete
appliedenergistics2:facade:0, Cable Facade - Lime Concrete
appliedenergistics2:facade:0, Cable Facade - Lime Concrete
appliedenergistics2:facade:0, Cable Facade - Lime Concrete
appliedenergistics2:facade:0, Cable Facade - Lime Concrete
appliedenergistics2:facade:0, Cable Facade - Lime Concrete
appliedenergistics2:facade:0, Cable Facade - Lime Concrete
appliedenergistics2:facade:0, Cable Facade - Lime Concrete
appliedenergistics2:facade:0, Cable Facade - Lime Concrete
appliedenergistics2:facade:0, Cable Facade - Lime Concrete
appliedenergistics2:facade:0, Cable Facade - Lime Concrete
appliedenergistics2:facade:0, Cable Facade - Lime Concrete
appliedenergistics2:facade:0, Cable Facade - Lime Concrete
appliedenergistics2:facade:0, Cable Facade - Lime Concrete
appliedenergistics2:facade:0, Cable Facade - Lime Concrete
appliedenergistics2:facade:0, Cable Facade - Lime Concrete
appliedenergistics2:facade:0, Cable Facade - Lime Concrete
appliedenergistics2:facade:0, Cable Facade - Lime Concrete
appliedenergistics2:facade:0, Cable Facade - Lime Concrete
appliedenergistics2:facade:0, Cable Facade - Lime Concrete
appliedenergistics2:facade:0, Cable Facade - Lime Concrete
appliedenergistics2:facade:0, Cable Facade - Lime Concrete
appliedenergistics2:facade:0, Cable Facade - Lime Concrete
appliedenergistics2:facade:0, Cable Facade - Lime Concrete
appliedenergistics2:facade:0, Cable Facade - Lime Concrete
appliedenergistics2:facade:0, Cable Facade - Lime Concrete
appliedenergistics2:facade:0, Cable Facade - Lime Concrete
appliedenergistics2:facade:0, Cable Facade - Lime Concrete
appliedenergistics2:facade:0, Cable Facade - Lime Concrete
appliedenergistics2:facade:0, Cable Facade - Yellow Concrete
appliedenergistics2:facade:0, Cable Facade - Yellow Concrete
appliedenergistics2:facade:0, Cable Facade - Yellow Concrete
appliedenergistics2:facade:0, Cable Facade - Yellow Concrete
appliedenergistics2:facade:0, Cable Facade - Yellow Concrete
appliedenergistics2:facade:0, Cable Facade - Yellow Concrete
appliedenergistics2:facade:0, Cable Facade - Yellow Concrete
appliedenergistics2:facade:0, Cable Facade - Yellow Concrete
appliedenergistics2:facade:0, Cable Facade - Yellow Concrete
appliedenergistics2:facade:0, Cable Facade - Yellow Concrete
appliedenergistics2:facade:0, Cable Facade - Yellow Concrete
appliedenergistics2:facade:0, Cable Facade - Yellow Concrete
appliedenergistics2:facade:0, Cable Facade - Yellow Concrete
appliedenergistics2:facade:0, Cable Facade - Yellow Concrete
appliedenergistics2:facade:0, Cable Facade - Yellow Concrete
appliedenergistics2:facade:0, Cable Facade - Yellow Concrete
appliedenergistics2:facade:0, Cable Facade - Yellow Concrete
appliedenergistics2:facade:0, Cable Facade - Yellow Concrete
appliedenergistics2:facade:0, Cable Facade - Yellow Concrete
appliedenergistics2:facade:0, Cable Facade - Yellow Concrete
appliedenergistics2:facade:0, Cable Facade - Yellow Concrete
appliedenergistics2:facade:0, Cable Facade - Yellow Concrete
appliedenergistics2:facade:0, Cable Facade - Yellow Concrete
appliedenergistics2:facade:0, Cable Facade - Yellow Concrete
appliedenergistics2:facade:0, Cable Facade - Yellow Concrete
appliedenergistics2:facade:0, Cable Facade - Yellow Concrete
appliedenergistics2:facade:0, Cable Facade - Yellow Concrete
appliedenergistics2:facade:0, Cable Facade - Yellow Concrete
appliedenergistics2:facade:0, Cable Facade - Yellow Concrete
appliedenergistics2:facade:0, Cable Facade - Yellow Concrete
appliedenergistics2:facade:0, Cable Facade - Yellow Concrete
appliedenergistics2:facade:0, Cable Facade - Yellow Concrete
appliedenergistics2:facade:0, Cable Facade - Yellow Concrete
appliedenergistics2:facade:0, Cable Facade - Light Blue Concrete
appliedenergistics2:facade:0, Cable Facade - Light Blue Concrete
appliedenergistics2:facade:0, Cable Facade - Light Blue Concrete
appliedenergistics2:facade:0, Cable Facade - Light Blue Concrete
appliedenergistics2:facade:0, Cable Facade - Light Blue Concrete
appliedenergistics2:facade:0, Cable Facade - Light Blue Concrete
appliedenergistics2:facade:0, Cable Facade - Light Blue Concrete
appliedenergistics2:facade:0, Cable Facade - Light Blue Concrete
appliedenergistics2:facade:0, Cable Facade - Light Blue Concrete
appliedenergistics2:facade:0, Cable Facade - Light Blue Concrete
appliedenergistics2:facade:0, Cable Facade - Light Blue Concrete
appliedenergistics2:facade:0, Cable Facade - Light Blue Concrete
appliedenergistics2:facade:0, Cable Facade - Light Blue Concrete
appliedenergistics2:facade:0, Cable Facade - Light Blue Concrete
appliedenergistics2:facade:0, Cable Facade - Light Blue Concrete
appliedenergistics2:facade:0, Cable Facade - Light Blue Concrete
appliedenergistics2:facade:0, Cable Facade - Light Blue Concrete
appliedenergistics2:facade:0, Cable Facade - Light Blue Concrete
appliedenergistics2:facade:0, Cable Facade - Light Blue Concrete
appliedenergistics2:facade:0, Cable Facade - Light Blue Concrete
appliedenergistics2:facade:0, Cable Facade - Light Blue Concrete
appliedenergistics2:facade:0, Cable Facade - Light Blue Concrete
appliedenergistics2:facade:0, Cable Facade - Light Blue Concrete
appliedenergistics2:facade:0, Cable Facade - Light Blue Concrete
appliedenergistics2:facade:0, Cable Facade - Light Blue Concrete
appliedenergistics2:facade:0, Cable Facade - Light Blue Concrete
appliedenergistics2:facade:0, Cable Facade - Light Blue Concrete
appliedenergistics2:facade:0, Cable Facade - Light Blue Concrete
appliedenergistics2:facade:0, Cable Facade - Light Blue Concrete
appliedenergistics2:facade:0, Cable Facade - Light Blue Concrete
appliedenergistics2:facade:0, Cable Facade - Light Blue Concrete
appliedenergistics2:facade:0, Cable Facade - Light Blue Concrete
appliedenergistics2:facade:0, Cable Facade - Light Blue Concrete
appliedenergistics2:facade:0, Cable Facade - Magenta Concrete
appliedenergistics2:facade:0, Cable Facade - Magenta Concrete
appliedenergistics2:facade:0, Cable Facade - Magenta Concrete
appliedenergistics2:facade:0, Cable Facade - Magenta Concrete
appliedenergistics2:facade:0, Cable Facade - Magenta Concrete
appliedenergistics2:facade:0, Cable Facade - Magenta Concrete
appliedenergistics2:facade:0, Cable Facade - Magenta Concrete
appliedenergistics2:facade:0, Cable Facade - Magenta Concrete
appliedenergistics2:facade:0, Cable Facade - Magenta Concrete
appliedenergistics2:facade:0, Cable Facade - Magenta Concrete
appliedenergistics2:facade:0, Cable Facade - Magenta Concrete
appliedenergistics2:facade:0, Cable Facade - Magenta Concrete
appliedenergistics2:facade:0, Cable Facade - Magenta Concrete
appliedenergistics2:facade:0, Cable Facade - Magenta Concrete
appliedenergistics2:facade:0, Cable Facade - Magenta Concrete
appliedenergistics2:facade:0, Cable Facade - Magenta Concrete
appliedenergistics2:facade:0, Cable Facade - Magenta Concrete
appliedenergistics2:facade:0, Cable Facade - Magenta Concrete
appliedenergistics2:facade:0, Cable Facade - Magenta Concrete
appliedenergistics2:facade:0, Cable Facade - Magenta Concrete
appliedenergistics2:facade:0, Cable Facade - Magenta Concrete
appliedenergistics2:facade:0, Cable Facade - Magenta Concrete
appliedenergistics2:facade:0, Cable Facade - Magenta Concrete
appliedenergistics2:facade:0, Cable Facade - Magenta Concrete
appliedenergistics2:facade:0, Cable Facade - Magenta Concrete
appliedenergistics2:facade:0, Cable Facade - Magenta Concrete
appliedenergistics2:facade:0, Cable Facade - Magenta Concrete
appliedenergistics2:facade:0, Cable Facade - Magenta Concrete
appliedenergistics2:facade:0, Cable Facade - Magenta Concrete
appliedenergistics2:facade:0, Cable Facade - Magenta Concrete
appliedenergistics2:facade:0, Cable Facade - Magenta Concrete
appliedenergistics2:facade:0, Cable Facade - Magenta Concrete
appliedenergistics2:facade:0, Cable Facade - Magenta Concrete
appliedenergistics2:facade:0, Cable Facade - Orange Concrete
appliedenergistics2:facade:0, Cable Facade - Orange Concrete
appliedenergistics2:facade:0, Cable Facade - Orange Concrete
appliedenergistics2:facade:0, Cable Facade - Orange Concrete
appliedenergistics2:facade:0, Cable Facade - Orange Concrete
appliedenergistics2:facade:0, Cable Facade - Orange Concrete
appliedenergistics2:facade:0, Cable Facade - Orange Concrete
appliedenergistics2:facade:0, Cable Facade - Orange Concrete
appliedenergistics2:facade:0, Cable Facade - Orange Concrete
appliedenergistics2:facade:0, Cable Facade - Orange Concrete
appliedenergistics2:facade:0, Cable Facade - Orange Concrete
appliedenergistics2:facade:0, Cable Facade - Orange Concrete
appliedenergistics2:facade:0, Cable Facade - Orange Concrete
appliedenergistics2:facade:0, Cable Facade - Orange Concrete
appliedenergistics2:facade:0, Cable Facade - Orange Concrete
appliedenergistics2:facade:0, Cable Facade - Orange Concrete
appliedenergistics2:facade:0, Cable Facade - Orange Concrete
appliedenergistics2:facade:0, Cable Facade - Orange Concrete
appliedenergistics2:facade:0, Cable Facade - Orange Concrete
appliedenergistics2:facade:0, Cable Facade - Orange Concrete
appliedenergistics2:facade:0, Cable Facade - Orange Concrete
appliedenergistics2:facade:0, Cable Facade - Orange Concrete
appliedenergistics2:facade:0, Cable Facade - Orange Concrete
appliedenergistics2:facade:0, Cable Facade - Orange Concrete
appliedenergistics2:facade:0, Cable Facade - Orange Concrete
appliedenergistics2:facade:0, Cable Facade - Orange Concrete
appliedenergistics2:facade:0, Cable Facade - Orange Concrete
appliedenergistics2:facade:0, Cable Facade - Orange Concrete
appliedenergistics2:facade:0, Cable Facade - Orange Concrete
appliedenergistics2:facade:0, Cable Facade - Orange Concrete
appliedenergistics2:facade:0, Cable Facade - Orange Concrete
appliedenergistics2:facade:0, Cable Facade - Orange Concrete
appliedenergistics2:facade:0, Cable Facade - Orange Concrete
appliedenergistics2:facade:0, Cable Facade - White Concrete
appliedenergistics2:facade:0, Cable Facade - White Concrete
appliedenergistics2:facade:0, Cable Facade - White Concrete
appliedenergistics2:facade:0, Cable Facade - White Concrete
appliedenergistics2:facade:0, Cable Facade - White Concrete
appliedenergistics2:facade:0, Cable Facade - White Concrete
appliedenergistics2:facade:0, Cable Facade - White Concrete
appliedenergistics2:facade:0, Cable Facade - White Concrete
appliedenergistics2:facade:0, Cable Facade - White Concrete
appliedenergistics2:facade:0, Cable Facade - White Concrete
appliedenergistics2:facade:0, Cable Facade - White Concrete
appliedenergistics2:facade:0, Cable Facade - White Concrete
appliedenergistics2:facade:0, Cable Facade - White Concrete
appliedenergistics2:facade:0, Cable Facade - White Concrete
appliedenergistics2:facade:0, Cable Facade - White Concrete
appliedenergistics2:facade:0, Cable Facade - White Concrete
appliedenergistics2:facade:0, Cable Facade - White Concrete
appliedenergistics2:facade:0, Cable Facade - White Concrete
appliedenergistics2:facade:0, Cable Facade - White Concrete
appliedenergistics2:facade:0, Cable Facade - White Concrete
appliedenergistics2:facade:0, Cable Facade - White Concrete
appliedenergistics2:facade:0, Cable Facade - White Concrete
appliedenergistics2:facade:0, Cable Facade - White Concrete
appliedenergistics2:facade:0, Cable Facade - White Concrete
appliedenergistics2:facade:0, Cable Facade - White Concrete
appliedenergistics2:facade:0, Cable Facade - White Concrete
appliedenergistics2:facade:0, Cable Facade - White Concrete
appliedenergistics2:facade:0, Cable Facade - White Concrete
appliedenergistics2:facade:0, Cable Facade - White Concrete
appliedenergistics2:facade:0, Cable Facade - White Concrete
appliedenergistics2:facade:0, Cable Facade - White Concrete
appliedenergistics2:facade:0, Cable Facade - White Concrete
appliedenergistics2:facade:0, Cable Facade - White Concrete
appliedenergistics2:facade:0, Cable Facade - Block of Copper
appliedenergistics2:facade:0, Cable Facade - Block of Copper
appliedenergistics2:facade:0, Cable Facade - Block of Copper
appliedenergistics2:facade:0, Cable Facade - Block of Copper
appliedenergistics2:facade:0, Cable Facade - Block of Copper
appliedenergistics2:facade:0, Cable Facade - Block of Copper
appliedenergistics2:facade:0, Cable Facade - Block of Copper
appliedenergistics2:facade:0, Cable Facade - Block of Diamond
appliedenergistics2:facade:0, Cable Facade - Block of Diamond
appliedenergistics2:facade:0, Cable Facade - Block of Diamond
appliedenergistics2:facade:0, Cable Facade - Block of Diamond
appliedenergistics2:facade:0, Cable Facade - Block of Diamond
appliedenergistics2:facade:0, Cable Facade - Block of Diamond
appliedenergistics2:facade:0, Cable Facade - Block of Diamond
appliedenergistics2:facade:0, Cable Facade - Block of Diamond
appliedenergistics2:facade:0, Cable Facade - Block of Diamond
appliedenergistics2:facade:0, Cable Facade - Block of Diamond
appliedenergistics2:facade:0, Cable Facade - Block of Diamond
appliedenergistics2:facade:0, Cable Facade - Block of Diamond
appliedenergistics2:facade:0, Cable Facade - Diorite
appliedenergistics2:facade:0, Cable Facade - Diorite
appliedenergistics2:facade:0, Cable Facade - Diorite
appliedenergistics2:facade:0, Cable Facade - Diorite
appliedenergistics2:facade:0, Cable Facade - Diorite
appliedenergistics2:facade:0, Cable Facade - Diorite
appliedenergistics2:facade:0, Cable Facade - Diorite
appliedenergistics2:facade:0, Cable Facade - Diorite
appliedenergistics2:facade:0, Cable Facade - Diorite
appliedenergistics2:facade:0, Cable Facade - Diorite
appliedenergistics2:facade:0, Cable Facade - Diorite
appliedenergistics2:facade:0, Cable Facade - Diorite
appliedenergistics2:facade:0, Cable Facade - Diorite
appliedenergistics2:facade:0, Cable Facade - Diorite
appliedenergistics2:facade:0, Cable Facade - Diorite
appliedenergistics2:facade:0, Cable Facade - Diorite
appliedenergistics2:facade:0, Cable Facade - Diorite
appliedenergistics2:facade:0, Cable Facade - Diorite
appliedenergistics2:facade:0, Cable Facade - Diorite
appliedenergistics2:facade:0, Cable Facade - Diorite
appliedenergistics2:facade:0, Cable Facade - Diorite
appliedenergistics2:facade:0, Cable Facade - Diorite
appliedenergistics2:facade:0, Cable Facade - Diorite
appliedenergistics2:facade:0, Cable Facade - Diorite
appliedenergistics2:facade:0, Cable Facade - Diorite
appliedenergistics2:facade:0, Cable Facade - Diorite
appliedenergistics2:facade:0, Cable Facade - Diorite
appliedenergistics2:facade:0, Cable Facade - Diorite
appliedenergistics2:facade:0, Cable Facade - Diorite
appliedenergistics2:facade:0, Cable Facade - Diorite
appliedenergistics2:facade:0, Cable Facade - Diorite
appliedenergistics2:facade:0, Cable Facade - Diorite
appliedenergistics2:facade:0, Cable Facade - Diorite
appliedenergistics2:facade:0, Cable Facade - Dirt
appliedenergistics2:facade:0, Cable Facade - Dirt
appliedenergistics2:facade:0, Cable Facade - Dirt
appliedenergistics2:facade:0, Cable Facade - Dirt
appliedenergistics2:facade:0, Cable Facade - Dirt
appliedenergistics2:facade:0, Cable Facade - Dirt
appliedenergistics2:facade:0, Cable Facade - Dirt
appliedenergistics2:facade:0, Cable Facade - Dirt
appliedenergistics2:facade:0, Cable Facade - Dirt
appliedenergistics2:facade:0, Cable Facade - Dirt
appliedenergistics2:facade:0, Cable Facade - Dirt
appliedenergistics2:facade:0, Cable Facade - Dirt
appliedenergistics2:facade:0, Cable Facade - Dirt
appliedenergistics2:facade:0, Cable Facade - Dirt
appliedenergistics2:facade:0, Cable Facade - Dirt
appliedenergistics2:facade:0, Cable Facade - Dirt
appliedenergistics2:facade:0, Cable Facade - Block of Electrum
appliedenergistics2:facade:0, Cable Facade - Block of Electrum
appliedenergistics2:facade:0, Cable Facade - Block of Electrum
appliedenergistics2:facade:0, Cable Facade - Block of Electrum
appliedenergistics2:facade:0, Cable Facade - Block of Electrum
appliedenergistics2:facade:0, Cable Facade - Block of Electrum
appliedenergistics2:facade:0, Cable Facade - Block of Electrum
appliedenergistics2:facade:0, Cable Facade - Block of Emerald
appliedenergistics2:facade:0, Cable Facade - Block of Emerald
appliedenergistics2:facade:0, Cable Facade - Block of Emerald
appliedenergistics2:facade:0, Cable Facade - Block of Emerald
appliedenergistics2:facade:0, Cable Facade - Block of Emerald
appliedenergistics2:facade:0, Cable Facade - Block of Emerald
appliedenergistics2:facade:0, Cable Facade - Block of Emerald
appliedenergistics2:facade:0, Cable Facade - Block of Emerald
appliedenergistics2:facade:0, Cable Facade - Block of Emerald
appliedenergistics2:facade:0, Cable Facade - Block of Emerald
appliedenergistics2:facade:0, Cable Facade - Block of Emerald
appliedenergistics2:facade:0, Cable Facade - Block of Emerald
appliedenergistics2:facade:0, Cable Facade - Block of Emerald
appliedenergistics2:facade:0, Cable Facade - Block of Emerald
appliedenergistics2:facade:0, Cable Facade - Purpur Block
appliedenergistics2:facade:0, Cable Facade - Purpur Block
appliedenergistics2:facade:0, Cable Facade - Purpur Block
appliedenergistics2:facade:0, Cable Facade - Purpur Block
appliedenergistics2:facade:0, Cable Facade - Purpur Block
appliedenergistics2:facade:0, Cable Facade - Purpur Block
appliedenergistics2:facade:0, Cable Facade - Purpur Block
appliedenergistics2:facade:0, Cable Facade - Purpur Block
appliedenergistics2:facade:0, Cable Facade - Purpur Block
appliedenergistics2:facade:0, Cable Facade - Purpur Block
appliedenergistics2:facade:0, Cable Facade - Purpur Block
appliedenergistics2:facade:0, Cable Facade - Purpur Block
appliedenergistics2:facade:0, Cable Facade - Purpur Block
appliedenergistics2:facade:0, Cable Facade - Purpur Block
appliedenergistics2:facade:0, Cable Facade - Purpur Block
appliedenergistics2:facade:0, Cable Facade - Purpur Block
appliedenergistics2:facade:0, Cable Facade - Purpur Block
appliedenergistics2:facade:0, Cable Facade - Purpur Block
appliedenergistics2:facade:0, Cable Facade - Purpur Block
appliedenergistics2:facade:0, Cable Facade - Purpur Block
appliedenergistics2:facade:0, Cable Facade - Purpur Block
appliedenergistics2:facade:0, Cable Facade - Purpur Block
appliedenergistics2:facade:0, Cable Facade - Purpur Block
appliedenergistics2:facade:0, Cable Facade - Purpur Block
appliedenergistics2:facade:0, Cable Facade - Purpur Block
appliedenergistics2:facade:0, Cable Facade - Purpur Block
appliedenergistics2:facade:0, Cable Facade - Purpur Block
appliedenergistics2:facade:0, Cable Facade - Purpur Block
appliedenergistics2:facade:0, Cable Facade - Purpur Block
appliedenergistics2:facade:0, Cable Facade - Purpur Block
appliedenergistics2:facade:0, Cable Facade - Purpur Block
appliedenergistics2:facade:0, Cable Facade - Endstone
appliedenergistics2:facade:0, Cable Facade - Endstone
appliedenergistics2:facade:0, Cable Facade - Endstone
appliedenergistics2:facade:0, Cable Facade - Endstone
appliedenergistics2:facade:0, Cable Facade - Endstone
appliedenergistics2:facade:0, Cable Facade - Endstone
appliedenergistics2:facade:0, Cable Facade - Endstone
appliedenergistics2:facade:0, Cable Facade - Endstone
appliedenergistics2:facade:0, Cable Facade - Endstone
appliedenergistics2:facade:0, Cable Facade - Endstone
appliedenergistics2:facade:0, Cable Facade - Endstone
appliedenergistics2:facade:0, Cable Facade - Endstone
appliedenergistics2:facade:0, Cable Facade - Endstone
appliedenergistics2:facade:0, Cable Facade - Endstone
appliedenergistics2:facade:0, Cable Facade - Endstone
appliedenergistics2:facade:0, Cable Facade - Endstone
appliedenergistics2:facade:0, Cable Facade - Endstone
appliedenergistics2:facade:0, Cable Facade - Endstone
appliedenergistics2:facade:0, Cable Facade - Endstone
appliedenergistics2:facade:0, Cable Facade - Endstone
appliedenergistics2:facade:0, Cable Facade - Endstone
appliedenergistics2:facade:0, Cable Facade - Endstone
appliedenergistics2:facade:0, Cable Facade - Endstone
appliedenergistics2:facade:0, Cable Facade - Endstone
appliedenergistics2:facade:0, Cable Facade - Endstone
appliedenergistics2:facade:0, Cable Facade - Endstone
appliedenergistics2:facade:0, Cable Facade - Endstone
appliedenergistics2:facade:0, Cable Facade - Endstone
appliedenergistics2:facade:0, Cable Facade - Endstone
appliedenergistics2:facade:0, Cable Facade - Endstone
appliedenergistics2:facade:0, Cable Facade - Endstone
appliedenergistics2:facade:0, Cable Facade - Endstone
appliedenergistics2:facade:0, Cable Facade - Endstone
appliedenergistics2:facade:0, Cable Facade - Factory Block
appliedenergistics2:facade:0, Cable Facade - Factory Block
appliedenergistics2:facade:0, Cable Facade - Factory Block
appliedenergistics2:facade:0, Cable Facade - Factory Block
appliedenergistics2:facade:0, Cable Facade - Factory Block
appliedenergistics2:facade:0, Cable Facade - Factory Block
appliedenergistics2:facade:0, Cable Facade - Factory Block
appliedenergistics2:facade:0, Cable Facade - Factory Block
appliedenergistics2:facade:0, Cable Facade - Factory Block
appliedenergistics2:facade:0, Cable Facade - Factory Block
appliedenergistics2:facade:0, Cable Facade - Factory Block
appliedenergistics2:facade:0, Cable Facade - Factory Block
appliedenergistics2:facade:0, Cable Facade - Factory Block
appliedenergistics2:facade:0, Cable Facade - Factory Block
appliedenergistics2:facade:0, Cable Facade - Factory Block
appliedenergistics2:facade:0, Cable Facade - Factory Block
appliedenergistics2:facade:0, Cable Facade - Factory Block
appliedenergistics2:facade:0, Cable Facade - Factory Block
appliedenergistics2:facade:0, Cable Facade - Factory Block
appliedenergistics2:facade:0, Cable Facade - Factory Block
appliedenergistics2:facade:0, Cable Facade - Factory Block
appliedenergistics2:facade:0, Cable Facade - Futura Block
appliedenergistics2:facade:0, Cable Facade - Futura Block
appliedenergistics2:facade:0, Cable Facade - Futura Block
appliedenergistics2:facade:0, Cable Facade - Futura Block
appliedenergistics2:facade:0, Cable Facade - Futura Block
appliedenergistics2:facade:0, Cable Facade - Futura Block
appliedenergistics2:facade:0, Cable Facade - Glowstone
appliedenergistics2:facade:0, Cable Facade - Glowstone
appliedenergistics2:facade:0, Cable Facade - Glowstone
appliedenergistics2:facade:0, Cable Facade - Glowstone
appliedenergistics2:facade:0, Cable Facade - Glowstone
appliedenergistics2:facade:0, Cable Facade - Glowstone
appliedenergistics2:facade:0, Cable Facade - Glowstone
appliedenergistics2:facade:0, Cable Facade - Glowstone
appliedenergistics2:facade:0, Cable Facade - Glowstone
appliedenergistics2:facade:0, Cable Facade - Glowstone
appliedenergistics2:facade:0, Cable Facade - Glowstone
appliedenergistics2:facade:0, Cable Facade - Glowstone
appliedenergistics2:facade:0, Cable Facade - Glowstone
appliedenergistics2:facade:0, Cable Facade - Glowstone
appliedenergistics2:facade:0, Cable Facade - Glowstone
appliedenergistics2:facade:0, Cable Facade - Glowstone
appliedenergistics2:facade:0, Cable Facade - Glowstone
appliedenergistics2:facade:0, Cable Facade - Glowstone
appliedenergistics2:facade:0, Cable Facade - Glowstone
appliedenergistics2:facade:0, Cable Facade - Glowstone
appliedenergistics2:facade:0, Cable Facade - Glowstone
appliedenergistics2:facade:0, Cable Facade - Glowstone
appliedenergistics2:facade:0, Cable Facade - Glowstone
appliedenergistics2:facade:0, Cable Facade - Glowstone
appliedenergistics2:facade:0, Cable Facade - Glowstone
appliedenergistics2:facade:0, Cable Facade - Glowstone
appliedenergistics2:facade:0, Cable Facade - Glowstone
appliedenergistics2:facade:0, Cable Facade - Glowstone
appliedenergistics2:facade:0, Cable Facade - Glowstone
appliedenergistics2:facade:0, Cable Facade - Glowstone
appliedenergistics2:facade:0, Cable Facade - Glowstone
appliedenergistics2:facade:0, Cable Facade - Glowstone
appliedenergistics2:facade:0, Cable Facade - Glowstone
appliedenergistics2:facade:0, Cable Facade - Block of Gold
appliedenergistics2:facade:0, Cable Facade - Block of Gold
appliedenergistics2:facade:0, Cable Facade - Block of Gold
appliedenergistics2:facade:0, Cable Facade - Block of Gold
appliedenergistics2:facade:0, Cable Facade - Block of Gold
appliedenergistics2:facade:0, Cable Facade - Block of Gold
appliedenergistics2:facade:0, Cable Facade - Block of Gold
appliedenergistics2:facade:0, Cable Facade - Block of Gold
appliedenergistics2:facade:0, Cable Facade - Block of Gold
appliedenergistics2:facade:0, Cable Facade - Block of Gold
appliedenergistics2:facade:0, Cable Facade - Block of Gold
appliedenergistics2:facade:0, Cable Facade - Block of Gold
appliedenergistics2:facade:0, Cable Facade - Block of Gold
appliedenergistics2:facade:0, Cable Facade - Block of Gold
appliedenergistics2:facade:0, Cable Facade - Block of Gold
appliedenergistics2:facade:0, Cable Facade - Block of Gold
appliedenergistics2:facade:0, Cable Facade - Block of Gold
appliedenergistics2:facade:0, Cable Facade - Block of Gold
appliedenergistics2:facade:0, Cable Facade - Block of Gold
appliedenergistics2:facade:0, Cable Facade - Block of Gold
appliedenergistics2:facade:0, Cable Facade - Block of Gold
appliedenergistics2:facade:0, Cable Facade - Granite
appliedenergistics2:facade:0, Cable Facade - Granite
appliedenergistics2:facade:0, Cable Facade - Granite
appliedenergistics2:facade:0, Cable Facade - Granite
appliedenergistics2:facade:0, Cable Facade - Granite
appliedenergistics2:facade:0, Cable Facade - Granite
appliedenergistics2:facade:0, Cable Facade - Granite
appliedenergistics2:facade:0, Cable Facade - Granite
appliedenergistics2:facade:0, Cable Facade - Granite
appliedenergistics2:facade:0, Cable Facade - Granite
appliedenergistics2:facade:0, Cable Facade - Granite
appliedenergistics2:facade:0, Cable Facade - Granite
appliedenergistics2:facade:0, Cable Facade - Granite
appliedenergistics2:facade:0, Cable Facade - Granite
appliedenergistics2:facade:0, Cable Facade - Granite
appliedenergistics2:facade:0, Cable Facade - Granite
appliedenergistics2:facade:0, Cable Facade - Granite
appliedenergistics2:facade:0, Cable Facade - Granite
appliedenergistics2:facade:0, Cable Facade - Granite
appliedenergistics2:facade:0, Cable Facade - Granite
appliedenergistics2:facade:0, Cable Facade - Granite
appliedenergistics2:facade:0, Cable Facade - Granite
appliedenergistics2:facade:0, Cable Facade - Granite
appliedenergistics2:facade:0, Cable Facade - Granite
appliedenergistics2:facade:0, Cable Facade - Granite
appliedenergistics2:facade:0, Cable Facade - Granite
appliedenergistics2:facade:0, Cable Facade - Granite
appliedenergistics2:facade:0, Cable Facade - Granite
appliedenergistics2:facade:0, Cable Facade - Granite
appliedenergistics2:facade:0, Cable Facade - Granite
appliedenergistics2:facade:0, Cable Facade - Granite
appliedenergistics2:facade:0, Cable Facade - Granite
appliedenergistics2:facade:0, Cable Facade - Granite
appliedenergistics2:facade:0, Cable Facade - Terracotta
appliedenergistics2:facade:0, Cable Facade - Terracotta
appliedenergistics2:facade:0, Cable Facade - Terracotta
appliedenergistics2:facade:0, Cable Facade - Terracotta
appliedenergistics2:facade:0, Cable Facade - Terracotta
appliedenergistics2:facade:0, Cable Facade - Terracotta
appliedenergistics2:facade:0, Cable Facade - Terracotta
appliedenergistics2:facade:0, Cable Facade - Terracotta
appliedenergistics2:facade:0, Cable Facade - Terracotta
appliedenergistics2:facade:0, Cable Facade - Terracotta
appliedenergistics2:facade:0, Cable Facade - Terracotta
appliedenergistics2:facade:0, Cable Facade - Terracotta
appliedenergistics2:facade:0, Cable Facade - Terracotta
appliedenergistics2:facade:0, Cable Facade - Terracotta
appliedenergistics2:facade:0, Cable Facade - Terracotta
appliedenergistics2:facade:0, Cable Facade - Terracotta
appliedenergistics2:facade:0, Cable Facade - Terracotta
appliedenergistics2:facade:0, Cable Facade - Terracotta
appliedenergistics2:facade:0, Cable Facade - Terracotta
appliedenergistics2:facade:0, Cable Facade - Terracotta
appliedenergistics2:facade:0, Cable Facade - Terracotta
appliedenergistics2:facade:0, Cable Facade - Terracotta
appliedenergistics2:facade:0, Cable Facade - Terracotta
appliedenergistics2:facade:0, Cable Facade - Terracotta
appliedenergistics2:facade:0, Cable Facade - Terracotta
appliedenergistics2:facade:0, Cable Facade - Terracotta
appliedenergistics2:facade:0, Cable Facade - Terracotta
appliedenergistics2:facade:0, Cable Facade - Terracotta
appliedenergistics2:facade:0, Cable Facade - Terracotta
appliedenergistics2:facade:0, Cable Facade - Terracotta
appliedenergistics2:facade:0, Cable Facade - Terracotta
appliedenergistics2:facade:0, Cable Facade - Terracotta
appliedenergistics2:facade:0, Cable Facade - Terracotta
appliedenergistics2:facade:0, Cable Facade - Block of Invar
appliedenergistics2:facade:0, Cable Facade - Block of Invar
appliedenergistics2:facade:0, Cable Facade - Block of Invar
appliedenergistics2:facade:0, Cable Facade - Block of Invar
appliedenergistics2:facade:0, Cable Facade - Block of Invar
appliedenergistics2:facade:0, Cable Facade - Block of Invar
appliedenergistics2:facade:0, Cable Facade - Block of Invar
appliedenergistics2:facade:0, Cable Facade - Block of Iron
appliedenergistics2:facade:0, Cable Facade - Block of Iron
appliedenergistics2:facade:0, Cable Facade - Block of Iron
appliedenergistics2:facade:0, Cable Facade - Block of Iron
appliedenergistics2:facade:0, Cable Facade - Block of Iron
appliedenergistics2:facade:0, Cable Facade - Block of Iron
appliedenergistics2:facade:0, Cable Facade - Block of Iron
appliedenergistics2:facade:0, Cable Facade - Block of Iron
appliedenergistics2:facade:0, Cable Facade - Block of Iron
appliedenergistics2:facade:0, Cable Facade - Block of Iron
appliedenergistics2:facade:0, Cable Facade - Block of Iron
appliedenergistics2:facade:0, Cable Facade - Block of Iron
appliedenergistics2:facade:0, Cable Facade - Block of Iron
appliedenergistics2:facade:0, Cable Facade - Block of Iron
appliedenergistics2:facade:0, Cable Facade - Block of Iron
appliedenergistics2:facade:0, Cable Facade - Block of Iron
appliedenergistics2:facade:0, Cable Facade - Block of Iron
appliedenergistics2:facade:0, Cable Facade - Block of Iron
appliedenergistics2:facade:0, Cable Facade - Block of Iron
appliedenergistics2:facade:0, Cable Facade - Block of Iron
appliedenergistics2:facade:0, Cable Facade - Block of Iron
appliedenergistics2:facade:0, Cable Facade - Block of Iron
appliedenergistics2:facade:0, Cable Facade - Laboratory Block
appliedenergistics2:facade:0, Cable Facade - Laboratory Block
appliedenergistics2:facade:0, Cable Facade - Laboratory Block
appliedenergistics2:facade:0, Cable Facade - Laboratory Block
appliedenergistics2:facade:0, Cable Facade - Laboratory Block
appliedenergistics2:facade:0, Cable Facade - Laboratory Block
appliedenergistics2:facade:0, Cable Facade - Laboratory Block
appliedenergistics2:facade:0, Cable Facade - Laboratory Block
appliedenergistics2:facade:0, Cable Facade - Laboratory Block
appliedenergistics2:facade:0, Cable Facade - Laboratory Block
appliedenergistics2:facade:0, Cable Facade - Laboratory Block
appliedenergistics2:facade:0, Cable Facade - Laboratory Block
appliedenergistics2:facade:0, Cable Facade - Laboratory Block
appliedenergistics2:facade:0, Cable Facade - Laboratory Block
appliedenergistics2:facade:0, Cable Facade - Laboratory Block
appliedenergistics2:facade:0, Cable Facade - Laboratory Block
appliedenergistics2:facade:0, Cable Facade - Lapis Lazuli Block
appliedenergistics2:facade:0, Cable Facade - Lapis Lazuli Block
appliedenergistics2:facade:0, Cable Facade - Lapis Lazuli Block
appliedenergistics2:facade:0, Cable Facade - Lapis Lazuli Block
appliedenergistics2:facade:0, Cable Facade - Lapis Lazuli Block
appliedenergistics2:facade:0, Cable Facade - Lapis Lazuli Block
appliedenergistics2:facade:0, Cable Facade - Lapis Lazuli Block
appliedenergistics2:facade:0, Cable Facade - Lapis Lazuli Block
appliedenergistics2:facade:0, Cable Facade - Lapis Lazuli Block
appliedenergistics2:facade:0, Cable Facade - Lavastone
appliedenergistics2:facade:0, Cable Facade - Lavastone
appliedenergistics2:facade:0, Cable Facade - Lavastone
appliedenergistics2:facade:0, Cable Facade - Lavastone
appliedenergistics2:facade:0, Cable Facade - Lavastone
appliedenergistics2:facade:0, Cable Facade - Lavastone
appliedenergistics2:facade:0, Cable Facade - Lavastone
appliedenergistics2:facade:0, Cable Facade - Lavastone
appliedenergistics2:facade:0, Cable Facade - Lavastone
appliedenergistics2:facade:0, Cable Facade - Lavastone
appliedenergistics2:facade:0, Cable Facade - Lavastone
appliedenergistics2:facade:0, Cable Facade - Lavastone
appliedenergistics2:facade:0, Cable Facade - Lavastone
appliedenergistics2:facade:0, Cable Facade - Lavastone
appliedenergistics2:facade:0, Cable Facade - Lavastone
appliedenergistics2:facade:0, Cable Facade - Lavastone
appliedenergistics2:facade:0, Cable Facade - Lavastone
appliedenergistics2:facade:0, Cable Facade - Lavastone
appliedenergistics2:facade:0, Cable Facade - Lavastone
appliedenergistics2:facade:0, Cable Facade - Lavastone
appliedenergistics2:facade:0, Cable Facade - Lavastone
appliedenergistics2:facade:0, Cable Facade - Lavastone
appliedenergistics2:facade:0, Cable Facade - Lavastone
appliedenergistics2:facade:0, Cable Facade - Lavastone
appliedenergistics2:facade:0, Cable Facade - Lavastone
appliedenergistics2:facade:0, Cable Facade - Lavastone
appliedenergistics2:facade:0, Cable Facade - Lavastone
appliedenergistics2:facade:0, Cable Facade - Lavastone
appliedenergistics2:facade:0, Cable Facade - Lavastone
appliedenergistics2:facade:0, Cable Facade - Lavastone
appliedenergistics2:facade:0, Cable Facade - Lavastone
appliedenergistics2:facade:0, Cable Facade - Lavastone
appliedenergistics2:facade:0, Cable Facade - Lavastone
appliedenergistics2:facade:0, Cable Facade - Block of Lead
appliedenergistics2:facade:0, Cable Facade - Block of Lead
appliedenergistics2:facade:0, Cable Facade - Block of Lead
appliedenergistics2:facade:0, Cable Facade - Block of Lead
appliedenergistics2:facade:0, Cable Facade - Block of Lead
appliedenergistics2:facade:0, Cable Facade - Block of Lead
appliedenergistics2:facade:0, Cable Facade - Block of Lead
appliedenergistics2:facade:0, Cable Facade - Limestone
appliedenergistics2:facade:0, Cable Facade - Limestone
appliedenergistics2:facade:0, Cable Facade - Limestone
appliedenergistics2:facade:0, Cable Facade - Limestone
appliedenergistics2:facade:0, Cable Facade - Limestone
appliedenergistics2:facade:0, Cable Facade - Limestone
appliedenergistics2:facade:0, Cable Facade - Limestone
appliedenergistics2:facade:0, Cable Facade - Limestone
appliedenergistics2:facade:0, Cable Facade - Limestone
appliedenergistics2:facade:0, Cable Facade - Limestone
appliedenergistics2:facade:0, Cable Facade - Limestone
appliedenergistics2:facade:0, Cable Facade - Limestone
appliedenergistics2:facade:0, Cable Facade - Limestone
appliedenergistics2:facade:0, Cable Facade - Limestone
appliedenergistics2:facade:0, Cable Facade - Limestone
appliedenergistics2:facade:0, Cable Facade - Limestone
appliedenergistics2:facade:0, Cable Facade - Limestone
appliedenergistics2:facade:0, Cable Facade - Limestone
appliedenergistics2:facade:0, Cable Facade - Limestone
appliedenergistics2:facade:0, Cable Facade - Limestone
appliedenergistics2:facade:0, Cable Facade - Limestone
appliedenergistics2:facade:0, Cable Facade - Limestone
appliedenergistics2:facade:0, Cable Facade - Limestone
appliedenergistics2:facade:0, Cable Facade - Limestone
appliedenergistics2:facade:0, Cable Facade - Limestone
appliedenergistics2:facade:0, Cable Facade - Limestone
appliedenergistics2:facade:0, Cable Facade - Limestone
appliedenergistics2:facade:0, Cable Facade - Limestone
appliedenergistics2:facade:0, Cable Facade - Limestone
appliedenergistics2:facade:0, Cable Facade - Limestone
appliedenergistics2:facade:0, Cable Facade - Limestone
appliedenergistics2:facade:0, Cable Facade - Limestone
appliedenergistics2:facade:0, Cable Facade - Limestone
appliedenergistics2:facade:0, Cable Facade - Limestone
appliedenergistics2:facade:0, Cable Facade - Marble
appliedenergistics2:facade:0, Cable Facade - Marble
appliedenergistics2:facade:0, Cable Facade - Marble
appliedenergistics2:facade:0, Cable Facade - Marble
appliedenergistics2:facade:0, Cable Facade - Marble
appliedenergistics2:facade:0, Cable Facade - Marble
appliedenergistics2:facade:0, Cable Facade - Marble
appliedenergistics2:facade:0, Cable Facade - Marble
appliedenergistics2:facade:0, Cable Facade - Marble
appliedenergistics2:facade:0, Cable Facade - Marble
appliedenergistics2:facade:0, Cable Facade - Marble
appliedenergistics2:facade:0, Cable Facade - Marble
appliedenergistics2:facade:0, Cable Facade - Marble
appliedenergistics2:facade:0, Cable Facade - Marble
appliedenergistics2:facade:0, Cable Facade - Marble
appliedenergistics2:facade:0, Cable Facade - Marble
appliedenergistics2:facade:0, Cable Facade - Marble
appliedenergistics2:facade:0, Cable Facade - Marble
appliedenergistics2:facade:0, Cable Facade - Marble
appliedenergistics2:facade:0, Cable Facade - Marble
appliedenergistics2:facade:0, Cable Facade - Marble
appliedenergistics2:facade:0, Cable Facade - Marble
appliedenergistics2:facade:0, Cable Facade - Marble
appliedenergistics2:facade:0, Cable Facade - Marble
appliedenergistics2:facade:0, Cable Facade - Marble
appliedenergistics2:facade:0, Cable Facade - Marble
appliedenergistics2:facade:0, Cable Facade - Marble
appliedenergistics2:facade:0, Cable Facade - Marble
appliedenergistics2:facade:0, Cable Facade - Marble
appliedenergistics2:facade:0, Cable Facade - Marble
appliedenergistics2:facade:0, Cable Facade - Marble
appliedenergistics2:facade:0, Cable Facade - Marble
appliedenergistics2:facade:0, Cable Facade - Marble
appliedenergistics2:facade:0, Cable Facade - Marble
appliedenergistics2:facade:0, Cable Facade - Marble Pillar
appliedenergistics2:facade:0, Cable Facade - Marble Pillar
appliedenergistics2:facade:0, Cable Facade - Marble Pillar
appliedenergistics2:facade:0, Cable Facade - Marble Pillar
appliedenergistics2:facade:0, Cable Facade - Marble Pillar
appliedenergistics2:facade:0, Cable Facade - Marble Pillar
appliedenergistics2:facade:0, Cable Facade - Marble Pillar
appliedenergistics2:facade:0, Cable Facade - Marble Pillar
appliedenergistics2:facade:0, Cable Facade - Marble Pillar
appliedenergistics2:facade:0, Cable Facade - Marble Pillar
appliedenergistics2:facade:0, Cable Facade - Marble Pillar
appliedenergistics2:facade:0, Cable Facade - Marble Pillar
appliedenergistics2:facade:0, Cable Facade - Marble Pillar
appliedenergistics2:facade:0, Cable Facade - Marble Pillar
appliedenergistics2:facade:0, Cable Facade - Marble Pillar
appliedenergistics2:facade:0, Cable Facade - Marble Pillar
appliedenergistics2:facade:0, Cable Facade - Nether Brick
appliedenergistics2:facade:0, Cable Facade - Nether Brick
appliedenergistics2:facade:0, Cable Facade - Nether Brick
appliedenergistics2:facade:0, Cable Facade - Nether Brick
appliedenergistics2:facade:0, Cable Facade - Nether Brick
appliedenergistics2:facade:0, Cable Facade - Nether Brick
appliedenergistics2:facade:0, Cable Facade - Nether Brick
appliedenergistics2:facade:0, Cable Facade - Nether Brick
appliedenergistics2:facade:0, Cable Facade - Nether Brick
appliedenergistics2:facade:0, Cable Facade - Nether Brick
appliedenergistics2:facade:0, Cable Facade - Nether Brick
appliedenergistics2:facade:0, Cable Facade - Nether Brick
appliedenergistics2:facade:0, Cable Facade - Nether Brick
appliedenergistics2:facade:0, Cable Facade - Nether Brick
appliedenergistics2:facade:0, Cable Facade - Nether Brick
appliedenergistics2:facade:0, Cable Facade - Nether Brick
appliedenergistics2:facade:0, Cable Facade - Netherrack
appliedenergistics2:facade:0, Cable Facade - Netherrack
appliedenergistics2:facade:0, Cable Facade - Netherrack
appliedenergistics2:facade:0, Cable Facade - Netherrack
appliedenergistics2:facade:0, Cable Facade - Netherrack
appliedenergistics2:facade:0, Cable Facade - Netherrack
appliedenergistics2:facade:0, Cable Facade - Netherrack
appliedenergistics2:facade:0, Cable Facade - Netherrack
appliedenergistics2:facade:0, Cable Facade - Netherrack
appliedenergistics2:facade:0, Cable Facade - Netherrack
appliedenergistics2:facade:0, Cable Facade - Netherrack
appliedenergistics2:facade:0, Cable Facade - Netherrack
appliedenergistics2:facade:0, Cable Facade - Netherrack
appliedenergistics2:facade:0, Cable Facade - Netherrack
appliedenergistics2:facade:0, Cable Facade - Block of Nickel
appliedenergistics2:facade:0, Cable Facade - Block of Nickel
appliedenergistics2:facade:0, Cable Facade - Block of Nickel
appliedenergistics2:facade:0, Cable Facade - Block of Nickel
appliedenergistics2:facade:0, Cable Facade - Block of Nickel
appliedenergistics2:facade:0, Cable Facade - Block of Nickel
appliedenergistics2:facade:0, Cable Facade - Block of Nickel
appliedenergistics2:facade:0, Cable Facade - Obsidian
appliedenergistics2:facade:0, Cable Facade - Obsidian
appliedenergistics2:facade:0, Cable Facade - Obsidian
appliedenergistics2:facade:0, Cable Facade - Obsidian
appliedenergistics2:facade:0, Cable Facade - Obsidian
appliedenergistics2:facade:0, Cable Facade - Obsidian
appliedenergistics2:facade:0, Cable Facade - Obsidian
appliedenergistics2:facade:0, Cable Facade - Obsidian
appliedenergistics2:facade:0, Cable Facade - Obsidian
appliedenergistics2:facade:0, Cable Facade - Obsidian
appliedenergistics2:facade:0, Cable Facade - Obsidian
appliedenergistics2:facade:0, Cable Facade - Obsidian
appliedenergistics2:facade:0, Cable Facade - Obsidian
appliedenergistics2:facade:0, Cable Facade - Obsidian
appliedenergistics2:facade:0, Cable Facade - Obsidian
appliedenergistics2:facade:0, Cable Facade - Paper Wall
appliedenergistics2:facade:0, Cable Facade - Paper Wall
appliedenergistics2:facade:0, Cable Facade - Paper Wall
appliedenergistics2:facade:0, Cable Facade - Paper Wall
appliedenergistics2:facade:0, Cable Facade - Paper Wall
appliedenergistics2:facade:0, Cable Facade - Paper Wall
appliedenergistics2:facade:0, Cable Facade - Paper Wall
appliedenergistics2:facade:0, Cable Facade - Paper Wall
appliedenergistics2:facade:0, Cable Facade - Paper Wall
appliedenergistics2:facade:0, Cable Facade - Oak Wood Planks
appliedenergistics2:facade:0, Cable Facade - Oak Wood Planks
appliedenergistics2:facade:0, Cable Facade - Oak Wood Planks
appliedenergistics2:facade:0, Cable Facade - Oak Wood Planks
appliedenergistics2:facade:0, Cable Facade - Oak Wood Planks
appliedenergistics2:facade:0, Cable Facade - Oak Wood Planks
appliedenergistics2:facade:0, Cable Facade - Oak Wood Planks
appliedenergistics2:facade:0, Cable Facade - Oak Wood Planks
appliedenergistics2:facade:0, Cable Facade - Oak Wood Planks
appliedenergistics2:facade:0, Cable Facade - Oak Wood Planks
appliedenergistics2:facade:0, Cable Facade - Oak Wood Planks
appliedenergistics2:facade:0, Cable Facade - Oak Wood Planks
appliedenergistics2:facade:0, Cable Facade - Oak Wood Planks
appliedenergistics2:facade:0, Cable Facade - Oak Wood Planks
appliedenergistics2:facade:0, Cable Facade - Oak Wood Planks
appliedenergistics2:facade:0, Cable Facade - Spruce Wood Planks
appliedenergistics2:facade:0, Cable Facade - Spruce Wood Planks
appliedenergistics2:facade:0, Cable Facade - Spruce Wood Planks
appliedenergistics2:facade:0, Cable Facade - Spruce Wood Planks
appliedenergistics2:facade:0, Cable Facade - Spruce Wood Planks
appliedenergistics2:facade:0, Cable Facade - Spruce Wood Planks
appliedenergistics2:facade:0, Cable Facade - Spruce Wood Planks
appliedenergistics2:facade:0, Cable Facade - Spruce Wood Planks
appliedenergistics2:facade:0, Cable Facade - Spruce Wood Planks
appliedenergistics2:facade:0, Cable Facade - Spruce Wood Planks
appliedenergistics2:facade:0, Cable Facade - Spruce Wood Planks
appliedenergistics2:facade:0, Cable Facade - Spruce Wood Planks
appliedenergistics2:facade:0, Cable Facade - Spruce Wood Planks
appliedenergistics2:facade:0, Cable Facade - Spruce Wood Planks
appliedenergistics2:facade:0, Cable Facade - Spruce Wood Planks
appliedenergistics2:facade:0, Cable Facade - Birch Wood Planks
appliedenergistics2:facade:0, Cable Facade - Birch Wood Planks
appliedenergistics2:facade:0, Cable Facade - Birch Wood Planks
appliedenergistics2:facade:0, Cable Facade - Birch Wood Planks
appliedenergistics2:facade:0, Cable Facade - Birch Wood Planks
appliedenergistics2:facade:0, Cable Facade - Birch Wood Planks
appliedenergistics2:facade:0, Cable Facade - Birch Wood Planks
appliedenergistics2:facade:0, Cable Facade - Birch Wood Planks
appliedenergistics2:facade:0, Cable Facade - Birch Wood Planks
appliedenergistics2:facade:0, Cable Facade - Birch Wood Planks
appliedenergistics2:facade:0, Cable Facade - Birch Wood Planks
appliedenergistics2:facade:0, Cable Facade - Birch Wood Planks
appliedenergistics2:facade:0, Cable Facade - Birch Wood Planks
appliedenergistics2:facade:0, Cable Facade - Birch Wood Planks
appliedenergistics2:facade:0, Cable Facade - Birch Wood Planks
appliedenergistics2:facade:0, Cable Facade - Jungle Wood Planks
appliedenergistics2:facade:0, Cable Facade - Jungle Wood Planks
appliedenergistics2:facade:0, Cable Facade - Jungle Wood Planks
appliedenergistics2:facade:0, Cable Facade - Jungle Wood Planks
appliedenergistics2:facade:0, Cable Facade - Jungle Wood Planks
appliedenergistics2:facade:0, Cable Facade - Jungle Wood Planks
appliedenergistics2:facade:0, Cable Facade - Jungle Wood Planks
appliedenergistics2:facade:0, Cable Facade - Jungle Wood Planks
appliedenergistics2:facade:0, Cable Facade - Jungle Wood Planks
appliedenergistics2:facade:0, Cable Facade - Jungle Wood Planks
appliedenergistics2:facade:0, Cable Facade - Jungle Wood Planks
appliedenergistics2:facade:0, Cable Facade - Jungle Wood Planks
appliedenergistics2:facade:0, Cable Facade - Jungle Wood Planks
appliedenergistics2:facade:0, Cable Facade - Jungle Wood Planks
appliedenergistics2:facade:0, Cable Facade - Jungle Wood Planks
appliedenergistics2:facade:0, Cable Facade - Acacia Wood Planks
appliedenergistics2:facade:0, Cable Facade - Acacia Wood Planks
appliedenergistics2:facade:0, Cable Facade - Acacia Wood Planks
appliedenergistics2:facade:0, Cable Facade - Acacia Wood Planks
appliedenergistics2:facade:0, Cable Facade - Acacia Wood Planks
appliedenergistics2:facade:0, Cable Facade - Acacia Wood Planks
appliedenergistics2:facade:0, Cable Facade - Acacia Wood Planks
appliedenergistics2:facade:0, Cable Facade - Acacia Wood Planks
appliedenergistics2:facade:0, Cable Facade - Acacia Wood Planks
appliedenergistics2:facade:0, Cable Facade - Acacia Wood Planks
appliedenergistics2:facade:0, Cable Facade - Acacia Wood Planks
appliedenergistics2:facade:0, Cable Facade - Acacia Wood Planks
appliedenergistics2:facade:0, Cable Facade - Acacia Wood Planks
appliedenergistics2:facade:0, Cable Facade - Acacia Wood Planks
appliedenergistics2:facade:0, Cable Facade - Acacia Wood Planks
appliedenergistics2:facade:0, Cable Facade - Dark Oak Wood Planks
appliedenergistics2:facade:0, Cable Facade - Dark Oak Wood Planks
appliedenergistics2:facade:0, Cable Facade - Dark Oak Wood Planks
appliedenergistics2:facade:0, Cable Facade - Dark Oak Wood Planks
appliedenergistics2:facade:0, Cable Facade - Dark Oak Wood Planks
appliedenergistics2:facade:0, Cable Facade - Dark Oak Wood Planks
appliedenergistics2:facade:0, Cable Facade - Dark Oak Wood Planks
appliedenergistics2:facade:0, Cable Facade - Dark Oak Wood Planks
appliedenergistics2:facade:0, Cable Facade - Dark Oak Wood Planks
appliedenergistics2:facade:0, Cable Facade - Dark Oak Wood Planks
appliedenergistics2:facade:0, Cable Facade - Dark Oak Wood Planks
appliedenergistics2:facade:0, Cable Facade - Dark Oak Wood Planks
appliedenergistics2:facade:0, Cable Facade - Dark Oak Wood Planks
appliedenergistics2:facade:0, Cable Facade - Dark Oak Wood Planks
appliedenergistics2:facade:0, Cable Facade - Dark Oak Wood Planks
appliedenergistics2:facade:0, Cable Facade - Block of Platinum
appliedenergistics2:facade:0, Cable Facade - Block of Platinum
appliedenergistics2:facade:0, Cable Facade - Block of Platinum
appliedenergistics2:facade:0, Cable Facade - Block of Platinum
appliedenergistics2:facade:0, Cable Facade - Block of Platinum
appliedenergistics2:facade:0, Cable Facade - Block of Platinum
appliedenergistics2:facade:0, Cable Facade - Block of Platinum
appliedenergistics2:facade:0, Cable Facade - Prismarine
appliedenergistics2:facade:0, Cable Facade - Prismarine
appliedenergistics2:facade:0, Cable Facade - Prismarine
appliedenergistics2:facade:0, Cable Facade - Prismarine
appliedenergistics2:facade:0, Cable Facade - Prismarine
appliedenergistics2:facade:0, Cable Facade - Prismarine
appliedenergistics2:facade:0, Cable Facade - Prismarine
appliedenergistics2:facade:0, Cable Facade - Prismarine
appliedenergistics2:facade:0, Cable Facade - Prismarine
appliedenergistics2:facade:0, Cable Facade - Prismarine
appliedenergistics2:facade:0, Cable Facade - Prismarine
appliedenergistics2:facade:0, Cable Facade - Prismarine
appliedenergistics2:facade:0, Cable Facade - Prismarine
appliedenergistics2:facade:0, Cable Facade - Prismarine
appliedenergistics2:facade:0, Cable Facade - Prismarine
appliedenergistics2:facade:0, Cable Facade - Prismarine
appliedenergistics2:facade:0, Cable Facade - Prismarine
appliedenergistics2:facade:0, Cable Facade - Prismarine
appliedenergistics2:facade:0, Cable Facade - Prismarine
appliedenergistics2:facade:0, Cable Facade - Prismarine
appliedenergistics2:facade:0, Cable Facade - Prismarine
appliedenergistics2:facade:0, Cable Facade - Prismarine
appliedenergistics2:facade:0, Cable Facade - Prismarine
appliedenergistics2:facade:0, Cable Facade - Prismarine
appliedenergistics2:facade:0, Cable Facade - Prismarine
appliedenergistics2:facade:0, Cable Facade - Prismarine
appliedenergistics2:facade:0, Cable Facade - Prismarine
appliedenergistics2:facade:0, Cable Facade - Prismarine
appliedenergistics2:facade:0, Cable Facade - Prismarine
appliedenergistics2:facade:0, Cable Facade - Prismarine
appliedenergistics2:facade:0, Cable Facade - Prismarine
appliedenergistics2:facade:0, Cable Facade - Prismarine
appliedenergistics2:facade:0, Cable Facade - Block of Quartz
appliedenergistics2:facade:0, Cable Facade - Block of Quartz
appliedenergistics2:facade:0, Cable Facade - Block of Quartz
appliedenergistics2:facade:0, Cable Facade - Block of Quartz
appliedenergistics2:facade:0, Cable Facade - Block of Quartz
appliedenergistics2:facade:0, Cable Facade - Block of Quartz
appliedenergistics2:facade:0, Cable Facade - Block of Quartz
appliedenergistics2:facade:0, Cable Facade - Block of Quartz
appliedenergistics2:facade:0, Cable Facade - Block of Quartz
appliedenergistics2:facade:0, Cable Facade - Block of Quartz
appliedenergistics2:facade:0, Cable Facade - Block of Quartz
appliedenergistics2:facade:0, Cable Facade - Block of Quartz
appliedenergistics2:facade:0, Cable Facade - Block of Quartz
appliedenergistics2:facade:0, Cable Facade - Block of Quartz
appliedenergistics2:facade:0, Cable Facade - Block of Quartz
appliedenergistics2:facade:0, Cable Facade - Block of Quartz
appliedenergistics2:facade:0, Cable Facade - Block of Quartz
appliedenergistics2:facade:0, Cable Facade - Block of Quartz
appliedenergistics2:facade:0, Cable Facade - Block of Quartz
appliedenergistics2:facade:0, Cable Facade - Block of Quartz
appliedenergistics2:facade:0, Cable Facade - Block of Quartz
appliedenergistics2:facade:0, Cable Facade - Block of Quartz
appliedenergistics2:facade:0, Cable Facade - Block of Quartz
appliedenergistics2:facade:0, Cable Facade - Block of Quartz
appliedenergistics2:facade:0, Cable Facade - Block of Quartz
appliedenergistics2:facade:0, Cable Facade - Block of Quartz
appliedenergistics2:facade:0, Cable Facade - Block of Quartz
appliedenergistics2:facade:0, Cable Facade - Block of Quartz
appliedenergistics2:facade:0, Cable Facade - Block of Quartz
appliedenergistics2:facade:0, Cable Facade - Block of Quartz
appliedenergistics2:facade:0, Cable Facade - Block of Quartz
appliedenergistics2:facade:0, Cable Facade - Block of Quartz
appliedenergistics2:facade:0, Cable Facade - Block of Redstone
appliedenergistics2:facade:0, Cable Facade - Block of Redstone
appliedenergistics2:facade:0, Cable Facade - Block of Redstone
appliedenergistics2:facade:0, Cable Facade - Block of Redstone
appliedenergistics2:facade:0, Cable Facade - Block of Redstone
appliedenergistics2:facade:0, Cable Facade - Block of Redstone
appliedenergistics2:facade:0, Cable Facade - Block of Redstone
appliedenergistics2:facade:0, Cable Facade - Block of Redstone
appliedenergistics2:facade:0, Cable Facade - Block of Redstone
appliedenergistics2:facade:0, Cable Facade - Block of Redstone
appliedenergistics2:facade:0, Cable Facade - Block of Redstone
appliedenergistics2:facade:0, Cable Facade - Block of Redstone
appliedenergistics2:facade:0, Cable Facade - Block of Redstone
appliedenergistics2:facade:0, Cable Facade - Block of Redstone
appliedenergistics2:facade:0, Cable Facade - Block of Redstone
appliedenergistics2:facade:0, Cable Facade - Block of Redstone
appliedenergistics2:facade:0, Cable Facade - Block of Redstone
appliedenergistics2:facade:0, Cable Facade - Block of Redstone
appliedenergistics2:facade:0, Cable Facade - Block of Redstone
appliedenergistics2:facade:0, Cable Facade - Block of Redstone
appliedenergistics2:facade:0, Cable Facade - Block of Redstone
appliedenergistics2:facade:0, Cable Facade - Block of Redstone
appliedenergistics2:facade:0, Cable Facade - Block of Redstone
appliedenergistics2:facade:0, Cable Facade - Block of Redstone
appliedenergistics2:facade:0, Cable Facade - Block of Redstone
appliedenergistics2:facade:0, Cable Facade - Block of Redstone
appliedenergistics2:facade:0, Cable Facade - Block of Redstone
appliedenergistics2:facade:0, Cable Facade - Block of Redstone
appliedenergistics2:facade:0, Cable Facade - Sandstone
appliedenergistics2:facade:0, Cable Facade - Sandstone
appliedenergistics2:facade:0, Cable Facade - Sandstone
appliedenergistics2:facade:0, Cable Facade - Sandstone
appliedenergistics2:facade:0, Cable Facade - Sandstone
appliedenergistics2:facade:0, Cable Facade - Sandstone
appliedenergistics2:facade:0, Cable Facade - Sandstone
appliedenergistics2:facade:0, Cable Facade - Sandstone
appliedenergistics2:facade:0, Cable Facade - Sandstone
appliedenergistics2:facade:0, Cable Facade - Sandstone
appliedenergistics2:facade:0, Cable Facade - Sandstone
appliedenergistics2:facade:0, Cable Facade - Sandstone
appliedenergistics2:facade:0, Cable Facade - Sandstone
appliedenergistics2:facade:0, Cable Facade - Sandstone
appliedenergistics2:facade:0, Cable Facade - Sandstone
appliedenergistics2:facade:0, Cable Facade - Sandstone
appliedenergistics2:facade:0, Cable Facade - Sandstone
appliedenergistics2:facade:0, Cable Facade - Sandstone
appliedenergistics2:facade:0, Cable Facade - Sandstone
appliedenergistics2:facade:0, Cable Facade - Sandstone
appliedenergistics2:facade:0, Cable Facade - Sandstone
appliedenergistics2:facade:0, Cable Facade - Sandstone
appliedenergistics2:facade:0, Cable Facade - Sandstone
appliedenergistics2:facade:0, Cable Facade - Sandstone
appliedenergistics2:facade:0, Cable Facade - Sandstone
appliedenergistics2:facade:0, Cable Facade - Sandstone
appliedenergistics2:facade:0, Cable Facade - Sandstone
appliedenergistics2:facade:0, Cable Facade - Sandstone
appliedenergistics2:facade:0, Cable Facade - Sandstone
appliedenergistics2:facade:0, Cable Facade - Sandstone
appliedenergistics2:facade:0, Cable Facade - Sandstone
appliedenergistics2:facade:0, Cable Facade - Sandstone
appliedenergistics2:facade:0, Cable Facade - Sandstone
appliedenergistics2:facade:0, Cable Facade - Sandstone
appliedenergistics2:facade:0, Cable Facade - Red Sandstone
appliedenergistics2:facade:0, Cable Facade - Red Sandstone
appliedenergistics2:facade:0, Cable Facade - Red Sandstone
appliedenergistics2:facade:0, Cable Facade - Red Sandstone
appliedenergistics2:facade:0, Cable Facade - Red Sandstone
appliedenergistics2:facade:0, Cable Facade - Red Sandstone
appliedenergistics2:facade:0, Cable Facade - Red Sandstone
appliedenergistics2:facade:0, Cable Facade - Red Sandstone
appliedenergistics2:facade:0, Cable Facade - Red Sandstone
appliedenergistics2:facade:0, Cable Facade - Red Sandstone
appliedenergistics2:facade:0, Cable Facade - Red Sandstone
appliedenergistics2:facade:0, Cable Facade - Red Sandstone
appliedenergistics2:facade:0, Cable Facade - Red Sandstone
appliedenergistics2:facade:0, Cable Facade - Red Sandstone
appliedenergistics2:facade:0, Cable Facade - Red Sandstone
appliedenergistics2:facade:0, Cable Facade - Red Sandstone
appliedenergistics2:facade:0, Cable Facade - Red Sandstone
appliedenergistics2:facade:0, Cable Facade - Red Sandstone
appliedenergistics2:facade:0, Cable Facade - Red Sandstone
appliedenergistics2:facade:0, Cable Facade - Red Sandstone
appliedenergistics2:facade:0, Cable Facade - Red Sandstone
appliedenergistics2:facade:0, Cable Facade - Red Sandstone
appliedenergistics2:facade:0, Cable Facade - Red Sandstone
appliedenergistics2:facade:0, Cable Facade - Red Sandstone
appliedenergistics2:facade:0, Cable Facade - Red Sandstone
appliedenergistics2:facade:0, Cable Facade - Red Sandstone
appliedenergistics2:facade:0, Cable Facade - Red Sandstone
appliedenergistics2:facade:0, Cable Facade - Red Sandstone
appliedenergistics2:facade:0, Cable Facade - Red Sandstone
appliedenergistics2:facade:0, Cable Facade - Red Sandstone
appliedenergistics2:facade:0, Cable Facade - Red Sandstone
appliedenergistics2:facade:0, Cable Facade - Red Sandstone
appliedenergistics2:facade:0, Cable Facade - Red Sandstone
appliedenergistics2:facade:0, Cable Facade - Red Sandstone
appliedenergistics2:facade:0, Cable Facade - Sandstone Scribbles
appliedenergistics2:facade:0, Cable Facade - Sandstone Scribbles
appliedenergistics2:facade:0, Cable Facade - Sandstone Scribbles
appliedenergistics2:facade:0, Cable Facade - Sandstone Scribbles
appliedenergistics2:facade:0, Cable Facade - Sandstone Scribbles
appliedenergistics2:facade:0, Cable Facade - Sandstone Scribbles
appliedenergistics2:facade:0, Cable Facade - Sandstone Scribbles
appliedenergistics2:facade:0, Cable Facade - Sandstone Scribbles
appliedenergistics2:facade:0, Cable Facade - Sandstone Scribbles
appliedenergistics2:facade:0, Cable Facade - Sandstone Scribbles
appliedenergistics2:facade:0, Cable Facade - Sandstone Scribbles
appliedenergistics2:facade:0, Cable Facade - Sandstone Scribbles
appliedenergistics2:facade:0, Cable Facade - Sandstone Scribbles
appliedenergistics2:facade:0, Cable Facade - Sandstone Scribbles
appliedenergistics2:facade:0, Cable Facade - Sandstone Scribbles
appliedenergistics2:facade:0, Cable Facade - Sandstone Scribbles
appliedenergistics2:facade:0, Cable Facade - Red Sandstone Scribbles
appliedenergistics2:facade:0, Cable Facade - Red Sandstone Scribbles
appliedenergistics2:facade:0, Cable Facade - Red Sandstone Scribbles
appliedenergistics2:facade:0, Cable Facade - Red Sandstone Scribbles
appliedenergistics2:facade:0, Cable Facade - Red Sandstone Scribbles
appliedenergistics2:facade:0, Cable Facade - Red Sandstone Scribbles
appliedenergistics2:facade:0, Cable Facade - Red Sandstone Scribbles
appliedenergistics2:facade:0, Cable Facade - Red Sandstone Scribbles
appliedenergistics2:facade:0, Cable Facade - Red Sandstone Scribbles
appliedenergistics2:facade:0, Cable Facade - Red Sandstone Scribbles
appliedenergistics2:facade:0, Cable Facade - Red Sandstone Scribbles
appliedenergistics2:facade:0, Cable Facade - Red Sandstone Scribbles
appliedenergistics2:facade:0, Cable Facade - Red Sandstone Scribbles
appliedenergistics2:facade:0, Cable Facade - Red Sandstone Scribbles
appliedenergistics2:facade:0, Cable Facade - Red Sandstone Scribbles
appliedenergistics2:facade:0, Cable Facade - Red Sandstone Scribbles
appliedenergistics2:facade:0, Cable Facade - Block of Silver
appliedenergistics2:facade:0, Cable Facade - Block of Silver
appliedenergistics2:facade:0, Cable Facade - Block of Silver
appliedenergistics2:facade:0, Cable Facade - Block of Silver
appliedenergistics2:facade:0, Cable Facade - Block of Silver
appliedenergistics2:facade:0, Cable Facade - Block of Silver
appliedenergistics2:facade:0, Cable Facade - Block of Silver
appliedenergistics2:facade:0, Cable Facade - Block of Steel
appliedenergistics2:facade:0, Cable Facade - Block of Steel
appliedenergistics2:facade:0, Cable Facade - Block of Steel
appliedenergistics2:facade:0, Cable Facade - Block of Steel
appliedenergistics2:facade:0, Cable Facade - Block of Steel
appliedenergistics2:facade:0, Cable Facade - Block of Steel
appliedenergistics2:facade:0, Cable Facade - Block of Steel
appliedenergistics2:facade:0, Cable Facade - Chiseled Stone
appliedenergistics2:facade:0, Cable Facade - Chiseled Stone
appliedenergistics2:facade:0, Cable Facade - Chiseled Stone
appliedenergistics2:facade:0, Cable Facade - Chiseled Stone
appliedenergistics2:facade:0, Cable Facade - Chiseled Stone
appliedenergistics2:facade:0, Cable Facade - Chiseled Stone
appliedenergistics2:facade:0, Cable Facade - Chiseled Stone
appliedenergistics2:facade:0, Cable Facade - Chiseled Stone
appliedenergistics2:facade:0, Cable Facade - Chiseled Stone
appliedenergistics2:facade:0, Cable Facade - Chiseled Stone
appliedenergistics2:facade:0, Cable Facade - Chiseled Stone
appliedenergistics2:facade:0, Cable Facade - Chiseled Stone
appliedenergistics2:facade:0, Cable Facade - Chiseled Stone
appliedenergistics2:facade:0, Cable Facade - Chiseled Stone
appliedenergistics2:facade:0, Cable Facade - Chiseled Stone
appliedenergistics2:facade:0, Cable Facade - Chiseled Stone
appliedenergistics2:facade:0, Cable Facade - Chiseled Stone
appliedenergistics2:facade:0, Cable Facade - Chiseled Stone
appliedenergistics2:facade:0, Cable Facade - Chiseled Stone
appliedenergistics2:facade:0, Cable Facade - Chiseled Stone
appliedenergistics2:facade:0, Cable Facade - Chiseled Stone
appliedenergistics2:facade:0, Cable Facade - Chiseled Stone
appliedenergistics2:facade:0, Cable Facade - Chiseled Stone
appliedenergistics2:facade:0, Cable Facade - Chiseled Stone
appliedenergistics2:facade:0, Cable Facade - Chiseled Stone
appliedenergistics2:facade:0, Cable Facade - Chiseled Stone
appliedenergistics2:facade:0, Cable Facade - Chiseled Stone
appliedenergistics2:facade:0, Cable Facade - Chiseled Stone
appliedenergistics2:facade:0, Cable Facade - Chiseled Stone
appliedenergistics2:facade:0, Cable Facade - Chiseled Stone
appliedenergistics2:facade:0, Cable Facade - Chiseled Stone
appliedenergistics2:facade:0, Cable Facade - Chiseled Stone
appliedenergistics2:facade:0, Cable Facade - Chiseled Stone
appliedenergistics2:facade:0, Cable Facade - Chiseled Stone
appliedenergistics2:facade:0, Cable Facade - Chiseled Stone
appliedenergistics2:facade:0, Cable Facade - Chiseled Stone
appliedenergistics2:facade:0, Cable Facade - Factory Block
appliedenergistics2:facade:0, Cable Facade - Factory Block
appliedenergistics2:facade:0, Cable Facade - Factory Block
appliedenergistics2:facade:0, Cable Facade - Factory Block
appliedenergistics2:facade:0, Cable Facade - Factory Block
appliedenergistics2:facade:0, Cable Facade - Factory Block
appliedenergistics2:facade:0, Cable Facade - Factory Block
appliedenergistics2:facade:0, Cable Facade - Factory Block
appliedenergistics2:facade:0, Cable Facade - Factory Block
appliedenergistics2:facade:0, Cable Facade - Factory Block
appliedenergistics2:facade:0, Cable Facade - Factory Block
appliedenergistics2:facade:0, Cable Facade - Factory Block
appliedenergistics2:facade:0, Cable Facade - Factory Block
appliedenergistics2:facade:0, Cable Facade - Factory Block
appliedenergistics2:facade:0, Cable Facade - Factory Block
appliedenergistics2:facade:0, Cable Facade - Factory Block
appliedenergistics2:facade:0, Cable Facade - Factory Block
appliedenergistics2:facade:0, Cable Facade - Factory Block
appliedenergistics2:facade:0, Cable Facade - Factory Block
appliedenergistics2:facade:0, Cable Facade - Factory Block
appliedenergistics2:facade:0, Cable Facade - Factory Block
appliedenergistics2:facade:0, Cable Facade - Factory Block
appliedenergistics2:facade:0, Cable Facade - Factory Block
appliedenergistics2:facade:0, Cable Facade - Factory Block
appliedenergistics2:facade:0, Cable Facade - Factory Block
appliedenergistics2:facade:0, Cable Facade - Temple Block
appliedenergistics2:facade:0, Cable Facade - Temple Block
appliedenergistics2:facade:0, Cable Facade - Temple Block
appliedenergistics2:facade:0, Cable Facade - Temple Block
appliedenergistics2:facade:0, Cable Facade - Temple Block
appliedenergistics2:facade:0, Cable Facade - Temple Block
appliedenergistics2:facade:0, Cable Facade - Temple Block
appliedenergistics2:facade:0, Cable Facade - Temple Block
appliedenergistics2:facade:0, Cable Facade - Temple Block
appliedenergistics2:facade:0, Cable Facade - Temple Block
appliedenergistics2:facade:0, Cable Facade - Temple Block
appliedenergistics2:facade:0, Cable Facade - Temple Block
appliedenergistics2:facade:0, Cable Facade - Temple Block
appliedenergistics2:facade:0, Cable Facade - Temple Block
appliedenergistics2:facade:0, Cable Facade - Temple Block
appliedenergistics2:facade:0, Cable Facade - Temple Block
appliedenergistics2:facade:0, Cable Facade - Mossy Temple Block
appliedenergistics2:facade:0, Cable Facade - Mossy Temple Block
appliedenergistics2:facade:0, Cable Facade - Mossy Temple Block
appliedenergistics2:facade:0, Cable Facade - Mossy Temple Block
appliedenergistics2:facade:0, Cable Facade - Mossy Temple Block
appliedenergistics2:facade:0, Cable Facade - Mossy Temple Block
appliedenergistics2:facade:0, Cable Facade - Mossy Temple Block
appliedenergistics2:facade:0, Cable Facade - Mossy Temple Block
appliedenergistics2:facade:0, Cable Facade - Mossy Temple Block
appliedenergistics2:facade:0, Cable Facade - Mossy Temple Block
appliedenergistics2:facade:0, Cable Facade - Mossy Temple Block
appliedenergistics2:facade:0, Cable Facade - Mossy Temple Block
appliedenergistics2:facade:0, Cable Facade - Mossy Temple Block
appliedenergistics2:facade:0, Cable Facade - Mossy Temple Block
appliedenergistics2:facade:0, Cable Facade - Mossy Temple Block
appliedenergistics2:facade:0, Cable Facade - Mossy Temple Block
appliedenergistics2:facade:0, Cable Facade - Block of Tin
appliedenergistics2:facade:0, Cable Facade - Block of Tin
appliedenergistics2:facade:0, Cable Facade - Block of Tin
appliedenergistics2:facade:0, Cable Facade - Block of Tin
appliedenergistics2:facade:0, Cable Facade - Block of Tin
appliedenergistics2:facade:0, Cable Facade - Block of Tin
appliedenergistics2:facade:0, Cable Facade - Block of Tin
appliedenergistics2:facade:0, Cable Facade - Tyrian
appliedenergistics2:facade:0, Cable Facade - Tyrian
appliedenergistics2:facade:0, Cable Facade - Tyrian
appliedenergistics2:facade:0, Cable Facade - Tyrian
appliedenergistics2:facade:0, Cable Facade - Tyrian
appliedenergistics2:facade:0, Cable Facade - Tyrian
appliedenergistics2:facade:0, Cable Facade - Tyrian
appliedenergistics2:facade:0, Cable Facade - Tyrian
appliedenergistics2:facade:0, Cable Facade - Tyrian
appliedenergistics2:facade:0, Cable Facade - Tyrian
appliedenergistics2:facade:0, Cable Facade - Tyrian
appliedenergistics2:facade:0, Cable Facade - Tyrian
appliedenergistics2:facade:0, Cable Facade - Tyrian
appliedenergistics2:facade:0, Cable Facade - Tyrian
appliedenergistics2:facade:0, Cable Facade - Tyrian
appliedenergistics2:facade:0, Cable Facade - Tyrian
appliedenergistics2:facade:0, Cable Facade - Block of Uranium
appliedenergistics2:facade:0, Cable Facade - Block of Uranium
appliedenergistics2:facade:0, Cable Facade - Block of Uranium
appliedenergistics2:facade:0, Cable Facade - Block of Uranium
appliedenergistics2:facade:0, Cable Facade - Block of Uranium
appliedenergistics2:facade:0, Cable Facade - Block of Uranium
appliedenergistics2:facade:0, Cable Facade - Block of Uranium
appliedenergistics2:facade:0, Cable Facade - Valentines' Block
appliedenergistics2:facade:0, Cable Facade - Valentines' Block
appliedenergistics2:facade:0, Cable Facade - Valentines' Block
appliedenergistics2:facade:0, Cable Facade - Valentines' Block
appliedenergistics2:facade:0, Cable Facade - Valentines' Block
appliedenergistics2:facade:0, Cable Facade - Valentines' Block
appliedenergistics2:facade:0, Cable Facade - Valentines' Block
appliedenergistics2:facade:0, Cable Facade - Valentines' Block
appliedenergistics2:facade:0, Cable Facade - Valentines' Block
appliedenergistics2:facade:0, Cable Facade - Valentines' Block
appliedenergistics2:facade:0, Cable Facade - Voidstone
appliedenergistics2:facade:0, Cable Facade - Voidstone
appliedenergistics2:facade:0, Cable Facade - Voidstone
appliedenergistics2:facade:0, Cable Facade - Voidstone
appliedenergistics2:facade:0, Cable Facade - Voidstone
appliedenergistics2:facade:0, Cable Facade - Voidstone
appliedenergistics2:facade:0, Cable Facade - Voidstone
appliedenergistics2:facade:0, Cable Facade - Voidstone
appliedenergistics2:facade:0, Cable Facade - Primal Voidstone
appliedenergistics2:facade:0, Cable Facade - Primal Voidstone
appliedenergistics2:facade:0, Cable Facade - Primal Voidstone
appliedenergistics2:facade:0, Cable Facade - Primal Voidstone
appliedenergistics2:facade:0, Cable Facade - Primal Voidstone
appliedenergistics2:facade:0, Cable Facade - Primal Voidstone
appliedenergistics2:facade:0, Cable Facade - Primal Voidstone
appliedenergistics2:facade:0, Cable Facade - Primal Voidstone
appliedenergistics2:facade:0, Cable Facade - Runed Voidstone
appliedenergistics2:facade:0, Cable Facade - Runed Voidstone
appliedenergistics2:facade:0, Cable Facade - Runed Voidstone
appliedenergistics2:facade:0, Cable Facade - Runed Voidstone
appliedenergistics2:facade:0, Cable Facade - Runed Voidstone
appliedenergistics2:facade:0, Cable Facade - Runed Voidstone
appliedenergistics2:facade:0, Cable Facade - Runed Voidstone
appliedenergistics2:facade:0, Cable Facade - Runed Voidstone
appliedenergistics2:facade:0, Cable Facade - Runed Voidstone
appliedenergistics2:facade:0, Cable Facade - Runed Voidstone
appliedenergistics2:facade:0, Cable Facade - Runed Voidstone
appliedenergistics2:facade:0, Cable Facade - Runed Voidstone
appliedenergistics2:facade:0, Cable Facade - Runed Voidstone
appliedenergistics2:facade:0, Cable Facade - Runed Voidstone
appliedenergistics2:facade:0, Cable Facade - Runed Voidstone
appliedenergistics2:facade:0, Cable Facade - Black Wool
appliedenergistics2:facade:0, Cable Facade - Black Wool
appliedenergistics2:facade:0, Cable Facade - Red Wool
appliedenergistics2:facade:0, Cable Facade - Red Wool
appliedenergistics2:facade:0, Cable Facade - Green Wool
appliedenergistics2:facade:0, Cable Facade - Green Wool
appliedenergistics2:facade:0, Cable Facade - Brown Wool
appliedenergistics2:facade:0, Cable Facade - Brown Wool
appliedenergistics2:facade:0, Cable Facade - Blue Wool
appliedenergistics2:facade:0, Cable Facade - Blue Wool
appliedenergistics2:facade:0, Cable Facade - Purple Wool
appliedenergistics2:facade:0, Cable Facade - Purple Wool
appliedenergistics2:facade:0, Cable Facade - Cyan Wool
appliedenergistics2:facade:0, Cable Facade - Cyan Wool
appliedenergistics2:facade:0, Cable Facade - Light Gray Wool
appliedenergistics2:facade:0, Cable Facade - Light Gray Wool
appliedenergistics2:facade:0, Cable Facade - Gray Wool
appliedenergistics2:facade:0, Cable Facade - Gray Wool
appliedenergistics2:facade:0, Cable Facade - Pink Wool
appliedenergistics2:facade:0, Cable Facade - Pink Wool
appliedenergistics2:facade:0, Cable Facade - Lime Wool
appliedenergistics2:facade:0, Cable Facade - Lime Wool
appliedenergistics2:facade:0, Cable Facade - Yellow Wool
appliedenergistics2:facade:0, Cable Facade - Yellow Wool
appliedenergistics2:facade:0, Cable Facade - Light Blue Wool
appliedenergistics2:facade:0, Cable Facade - Light Blue Wool
appliedenergistics2:facade:0, Cable Facade - Magenta Wool
appliedenergistics2:facade:0, Cable Facade - Magenta Wool
appliedenergistics2:facade:0, Cable Facade - Orange Wool
appliedenergistics2:facade:0, Cable Facade - Orange Wool
appliedenergistics2:facade:0, Cable Facade - Wool
appliedenergistics2:facade:0, Cable Facade - Wool
appliedenergistics2:facade:0, Cable Facade - Electrical Steel Block
appliedenergistics2:facade:0, Cable Facade - Infinity Dust Block
appliedenergistics2:facade:0, Cable Facade - Compressed Infinity Dust Block
appliedenergistics2:facade:0, Cable Facade - Double Compressed Infinity Dust Block
appliedenergistics2:facade:0, Cable Facade - Reinforced Obsidian
appliedenergistics2:facade:0, Cable Facade - Machine Chassis (decoration block)
appliedenergistics2:facade:0, Cable Facade - Blank Machine (decoration block)
appliedenergistics2:facade:0, Cable Facade - Machine Tops (decoration block)
appliedenergistics2:facade:0, Cable Facade - Machine Sides (decoration block)
appliedenergistics2:facade:0, Cable Facade - Machine Backs (decoration block)
appliedenergistics2:facade:0, Cable Facade - Machine with sides (decoration block)
appliedenergistics2:facade:0, Cable Facade - Machine width backs (decoration block)
appliedenergistics2:facade:0, Cable Facade - Blank Soul Machine (decoration block)
appliedenergistics2:facade:0, Cable Facade - Soul Machine Tops (decoration block)
appliedenergistics2:facade:0, Cable Facade - Soul Machine Sides (decoration block)
appliedenergistics2:facade:0, Cable Facade - Soul Machine Backs (decoration block)
appliedenergistics2:facade:0, Cable Facade - Soul Machine with sides (decoration block)
appliedenergistics2:facade:0, Cable Facade - Soul Machine width backs (decoration block)
appliedenergistics2:facade:0, Cable Facade - Red Machine (decoration block)
appliedenergistics2:facade:0, Cable Facade - Broken Spawner (decoration block)
appliedenergistics2:facade:0, Cable Facade - Invisible Block (decoration block)
appliedenergistics2:facade:0, Cable Facade - Alloy Smelter (decoration block)
appliedenergistics2:facade:0, Cable Facade - Item Buffer (decoration block)
appliedenergistics2:facade:0, Cable Facade - Power Buffer (decoration block)
appliedenergistics2:facade:0, Cable Facade - Omni Buffer (decoration block)
appliedenergistics2:facade:0, Cable Facade - Creative Buffer (decoration block)
appliedenergistics2:facade:0, Cable Facade - Crafter (decoration block)
appliedenergistics2:facade:0, Cable Facade - Painting Machine (decoration block)
appliedenergistics2:facade:0, Cable Facade - Power Monitor (decoration block)
appliedenergistics2:facade:0, Cable Facade - SAG Mill (decoration block)
appliedenergistics2:facade:0, Cable Facade - Slice'N'Splice (decoration block)
appliedenergistics2:facade:0, Cable Facade - Stirling Generator (decoration block)
appliedenergistics2:facade:0, Cable Facade - Fluid Tank (decoration block)
appliedenergistics2:facade:0, Cable Facade - Pressurized Fluid Tank (decoration block)
appliedenergistics2:facade:0, Cable Facade - Travel Anchor (decoration block)
appliedenergistics2:facade:0, Cable Facade - Vacuum Chest (decoration block)
appliedenergistics2:facade:0, Cable Facade - Wireless Charger (decoration block)
appliedenergistics2:facade:0, Cable Facade - XP Vacuum (decoration block)
appliedenergistics2:facade:0, Cable Facade - Simple Alloy Smelter (decoration block)
appliedenergistics2:facade:0, Cable Facade - Simple Stirling Generator (decoration block)
appliedenergistics2:facade:0, Cable Facade - Wired Charger (decoration block)
appliedenergistics2:facade:0, Cable Facade - Simple Sagmill (decoration block)
appliedenergistics2:facade:0, Cable Facade - Industrial Insulation
appliedenergistics2:facade:0, Cable Facade - Confusion Charge
appliedenergistics2:facade:0, Cable Facade - Concussion Charge
appliedenergistics2:facade:0, Cable Facade - Ender Charge
appliedenergistics2:facade:0, Cable Facade - Crude Steel Block
appliedenergistics2:facade:0, Cable Facade - Wireless Charging Antenna Extension
appliedenergistics2:facade:0, Cable Facade - Topiary Grass
appliedenergistics2:facade:0, Cable Facade - Bluegrass
appliedenergistics2:facade:0, Cable Facade - Autumnal Grass
appliedenergistics2:facade:0, Cable Facade - Maple Log
appliedenergistics2:facade:0, Cable Facade - Silverbell Log
appliedenergistics2:facade:0, Cable Facade - Amaranth Log
appliedenergistics2:facade:0, Cable Facade - Tigerwood Log
appliedenergistics2:facade:0, Cable Facade - Willow Log
appliedenergistics2:facade:0, Cable Facade - Eucalyptus Log
appliedenergistics2:facade:0, Cable Facade - Hopseed Log
appliedenergistics2:facade:0, Cable Facade - Sakura Log
appliedenergistics2:facade:0, Cable Facade - Redwood Bark
appliedenergistics2:facade:0, Cable Facade - Redwood
appliedenergistics2:facade:0, Cable Facade - Redwood Root
appliedenergistics2:facade:0, Cable Facade - Apple Log
appliedenergistics2:facade:0, Cable Facade - Maple Leaves
appliedenergistics2:facade:0, Cable Facade - Silverbell Leaves
appliedenergistics2:facade:0, Cable Facade - Amaranth Leaves
appliedenergistics2:facade:0, Cable Facade - Tigerwood Leaves
appliedenergistics2:facade:0, Cable Facade - Willow Leaves
appliedenergistics2:facade:0, Cable Facade - Eucalyptus Leaves
appliedenergistics2:facade:0, Cable Facade - Hopseed Leaves
appliedenergistics2:facade:0, Cable Facade - Sakura Leaves
appliedenergistics2:facade:0, Cable Facade - Redwood Leaves
appliedenergistics2:facade:0, Cable Facade - Apple Leaves
appliedenergistics2:facade:0, Cable Facade - Apple Leaves
appliedenergistics2:facade:0, Cable Facade - Apple Leaves
appliedenergistics2:facade:0, Cable Facade - Apple Leaves
appliedenergistics2:facade:0, Cable Facade - Maple Planks
appliedenergistics2:facade:0, Cable Facade - Silverbell Planks
appliedenergistics2:facade:0, Cable Facade - Amaranth Planks
appliedenergistics2:facade:0, Cable Facade - Tigerwood Planks
appliedenergistics2:facade:0, Cable Facade - Willow Planks
appliedenergistics2:facade:0, Cable Facade - Eucalyptus Planks
appliedenergistics2:facade:0, Cable Facade - Hopseed Planks
appliedenergistics2:facade:0, Cable Facade - Sakura Planks
appliedenergistics2:facade:0, Cable Facade - Redwood Planks
appliedenergistics2:facade:0, Cable Facade - Apple Planks
appliedenergistics2:facade:0, Cable Facade - Ghostwood Log
appliedenergistics2:facade:0, Cable Facade - Darkwood Log
appliedenergistics2:facade:0, Cable Facade - Fusewood Log
appliedenergistics2:facade:0, Cable Facade - Bloodwood Log
appliedenergistics2:facade:0, Cable Facade - Bloodwood Log
appliedenergistics2:facade:0, Cable Facade - Ghostwood Leaves
appliedenergistics2:facade:0, Cable Facade - Bloodwood Leaves
appliedenergistics2:facade:0, Cable Facade - Fusewood Leaves
appliedenergistics2:facade:0, Cable Facade - Darkwood Leaves
appliedenergistics2:facade:0, Cable Facade - Darkwood Leaves
appliedenergistics2:facade:0, Cable Facade - Darkwood Leaves
appliedenergistics2:facade:0, Cable Facade - Ghostwood Planks
appliedenergistics2:facade:0, Cable Facade - Bloodwood Planks
appliedenergistics2:facade:0, Cable Facade - Darkwood Planks
appliedenergistics2:facade:0, Cable Facade - Fusewood Planks
appliedenergistics2:facade:0, Cable Facade - Heat Sand
appliedenergistics2:facade:0, Cable Facade - Tainted Soil
appliedenergistics2:facade:0, Cable Facade - Tainted Farmland
appliedenergistics2:facade:0, Cable Facade - Heated Tainted Farmland
appliedenergistics2:facade:0, Cable Facade - Smooth Netherrack
appliedenergistics2:facade:0, Cable Facade - Netherrack Bricks
appliedenergistics2:facade:0, Cable Facade - Charred Netherrack Bricks
appliedenergistics2:facade:0, Cable Facade - Inactive Respawn Obelisk
appliedenergistics2:facade:0, Cable Facade - Maple Bookshelf
appliedenergistics2:facade:0, Cable Facade - Silverbell Bookshelf
appliedenergistics2:facade:0, Cable Facade - Amaranth Bookshelf
appliedenergistics2:facade:0, Cable Facade - Tigerwood Bookshelf
appliedenergistics2:facade:0, Cable Facade - Willow Bookshelf
appliedenergistics2:facade:0, Cable Facade - Eucalyptus Bookshelf
appliedenergistics2:facade:0, Cable Facade - Hopseed Bookshelf
appliedenergistics2:facade:0, Cable Facade - Sakura Bookshelf
appliedenergistics2:facade:0, Cable Facade - Redwood Bookshelf
appliedenergistics2:facade:0, Cable Facade - Apple Bookshelf
appliedenergistics2:facade:0, Cable Facade - Maple Crafting Table
appliedenergistics2:facade:0, Cable Facade - Silverbell Crafting Table
appliedenergistics2:facade:0, Cable Facade - Amaranth Crafting Table
appliedenergistics2:facade:0, Cable Facade - Tigerwood Crafting Table
appliedenergistics2:facade:0, Cable Facade - Willow Crafting Table
appliedenergistics2:facade:0, Cable Facade - Eucalyptus Crafting Table
appliedenergistics2:facade:0, Cable Facade - Hopseed Crafting Table
appliedenergistics2:facade:0, Cable Facade - Sakura Crafting Table
appliedenergistics2:facade:0, Cable Facade - Redwood Crafting Table
appliedenergistics2:facade:0, Cable Facade - Apple Crafting Table
appliedenergistics2:facade:0, Cable Facade - Ghostwood Bookshelf
appliedenergistics2:facade:0, Cable Facade - Bloodwood Bookshelf
appliedenergistics2:facade:0, Cable Facade - Darkwood Bookshelf
appliedenergistics2:facade:0, Cable Facade - Fusewood Bookshelf
appliedenergistics2:facade:0, Cable Facade - Ghostwood Crafting Table
appliedenergistics2:facade:0, Cable Facade - Bloodwood Crafting Table
appliedenergistics2:facade:0, Cable Facade - Darkwood Crafting Table
appliedenergistics2:facade:0, Cable Facade - Fusewood Crafting Table
appliedenergistics2:facade:0, Cable Facade - Grout
appliedenergistics2:facade:0, Cable Facade - Green Slimy Mud
appliedenergistics2:facade:0, Cable Facade - Blue Slimy Mud
appliedenergistics2:facade:0, Cable Facade - Graveyard Soil
appliedenergistics2:facade:0, Cable Facade - Consecrated Soil
appliedenergistics2:facade:0, Cable Facade - Slimy Magma Mud
appliedenergistics2:facade:0, Cable Facade - Congealed Green Slime Block
appliedenergistics2:facade:0, Cable Facade - Congealed Blue Slime Block
appliedenergistics2:facade:0, Cable Facade - Congealed Purple Slime Block
appliedenergistics2:facade:0, Cable Facade - Congealed Blood Block
appliedenergistics2:facade:0, Cable Facade - Congealed Magma Slime Block
appliedenergistics2:facade:0, Cable Facade - Copper Ore
appliedenergistics2:facade:0, Cable Facade - Tin Ore
appliedenergistics2:facade:0, Cable Facade - Aluminum Ore
appliedenergistics2:facade:0, Cable Facade - Cobalt Ore
appliedenergistics2:facade:0, Cable Facade - Ardite Ore
appliedenergistics2:facade:0, Cable Facade - Lavawood
appliedenergistics2:facade:0, Cable Facade - Firewood
appliedenergistics2:facade:0, Cable Facade - Mud Bricks
appliedenergistics2:facade:0, Cable Facade - Block of Copper
appliedenergistics2:facade:0, Cable Facade - Block of Tin
appliedenergistics2:facade:0, Cable Facade - Block of Aluminum
appliedenergistics2:facade:0, Cable Facade - Block of Bronze
appliedenergistics2:facade:0, Cable Facade - Block of Steel
appliedenergistics2:facade:0, Cable Facade - Block of Cobalt
appliedenergistics2:facade:0, Cable Facade - Block of Ardite
appliedenergistics2:facade:0, Cable Facade - Block of Manyullyn
appliedenergistics2:facade:0, Cable Facade - Block of Knightslime
appliedenergistics2:facade:0, Cable Facade - Block of Pigiron
appliedenergistics2:facade:0, Cable Facade - Silky Block of Jewel
appliedenergistics2:facade:0, Cable Facade - Block of Alumite
appliedenergistics2:facade:0, Cable Facade - Green Slimy Dirt
appliedenergistics2:facade:0, Cable Facade - Blue Slimy Dirt
appliedenergistics2:facade:0, Cable Facade - Purple Slimy Dirt
appliedenergistics2:facade:0, Cable Facade - Magma Slimy Dirt
appliedenergistics2:facade:0, Cable Facade - Slimy Grass
appliedenergistics2:facade:0, Cable Facade - Green Slimy Grass
appliedenergistics2:facade:0, Cable Facade - Blue Slimy Grass
appliedenergistics2:facade:0, Cable Facade - Purple Slimy Grass
appliedenergistics2:facade:0, Cable Facade - Magma Slimy Grass
appliedenergistics2:facade:0, Cable Facade - Slimy Grass
appliedenergistics2:facade:0, Cable Facade - Green Slimy Grass
appliedenergistics2:facade:0, Cable Facade - Blue Slimy Grass
appliedenergistics2:facade:0, Cable Facade - Purple Slimy Grass
appliedenergistics2:facade:0, Cable Facade - Magma Slimy Grass
appliedenergistics2:facade:0, Cable Facade - Slimy Grass
appliedenergistics2:facade:0, Cable Facade - Green Slimy Grass
appliedenergistics2:facade:0, Cable Facade - Blue Slimy Grass
appliedenergistics2:facade:0, Cable Facade - Purple Slimy Grass
appliedenergistics2:facade:0, Cable Facade - Magma Slimy Grass
appliedenergistics2:facade:0, Cable Facade - Blue Slimy Leaves
appliedenergistics2:facade:0, Cable Facade - Purple Slimy Leaves
appliedenergistics2:facade:0, Cable Facade - Magma Slimy Leaves
appliedenergistics2:facade:0, Cable Facade - Dried Clay
appliedenergistics2:facade:0, Cable Facade - Dried Bricks
appliedenergistics2:facade:0, Cable Facade - Smooth Brownstone
appliedenergistics2:facade:0, Cable Facade - Rough Brownstone
appliedenergistics2:facade:0, Cable Facade - Brownstone Paver
appliedenergistics2:facade:0, Cable Facade - Brownstone Bricks
appliedenergistics2:facade:0, Cable Facade - Cracked Brownstone Bricks
appliedenergistics2:facade:0, Cable Facade - Fancy Brownstone Bricks
appliedenergistics2:facade:0, Cable Facade - Square Brownstone Bricks
appliedenergistics2:facade:0, Cable Facade - Brownstone Road
appliedenergistics2:facade:0, Cable Facade - Brownstone Creeperface
appliedenergistics2:facade:0, Cable Facade - Triangle Brownstone Bricks
appliedenergistics2:facade:0, Cable Facade - Small Brownstone Bricks
appliedenergistics2:facade:0, Cable Facade - Brownstone Tiles
appliedenergistics2:facade:0, Cable Facade - Blue Slime Block
appliedenergistics2:facade:0, Cable Facade - Purple Slime Block
appliedenergistics2:facade:0, Cable Facade - Blood Slime Block
appliedenergistics2:facade:0, Cable Facade - Magma Slime Block
appliedenergistics2:facade:0, Cable Facade - Molecular Exciter
appliedenergistics2:facade:0, Cable Facade - Phasing Block
appliedenergistics2:facade:0, Cable Facade - Phasing Block (inverted)
appliedenergistics2:facade:0, Cable Facade - Oak Trim
appliedenergistics2:facade:0, Cable Facade - Spruce Trim
appliedenergistics2:facade:0, Cable Facade - Birch Trim
appliedenergistics2:facade:0, Cable Facade - Jungle Trim
appliedenergistics2:facade:0, Cable Facade - Acacia Trim
appliedenergistics2:facade:0, Cable Facade - Dark Oak Trim
appliedenergistics2:facade:0, Cable Facade - Xtone Tile
appliedenergistics2:facade:0, Cable Facade - Agon 1
appliedenergistics2:facade:0, Cable Facade - Azur 1
appliedenergistics2:facade:0, Cable Facade - Bitt 1
appliedenergistics2:facade:0, Cable Facade - Cray 1
appliedenergistics2:facade:0, Cable Facade - Fort 1
appliedenergistics2:facade:0, Cable Facade - Iszm 1
appliedenergistics2:facade:0, Cable Facade - Jelt 1
appliedenergistics2:facade:0, Cable Facade - Korp 1
appliedenergistics2:facade:0, Cable Facade - Kryp 1
appliedenergistics2:facade:0, Cable Facade - Lair 1
appliedenergistics2:facade:0, Cable Facade - Lave 1
appliedenergistics2:facade:0, Cable Facade - Mint 1
appliedenergistics2:facade:0, Cable Facade - Myst 1
appliedenergistics2:facade:0, Cable Facade - Reds 1
appliedenergistics2:facade:0, Cable Facade - Reed 1
appliedenergistics2:facade:0, Cable Facade - Roen 1
appliedenergistics2:facade:0, Cable Facade - Sols 1
appliedenergistics2:facade:0, Cable Facade - Sync 1
appliedenergistics2:facade:0, Cable Facade - Tank 1
appliedenergistics2:facade:0, Cable Facade - Vect 1
appliedenergistics2:facade:0, Cable Facade - Vena 1
appliedenergistics2:facade:0, Cable Facade - Zane 1
appliedenergistics2:facade:0, Cable Facade - Zech 1
appliedenergistics2:facade:0, Cable Facade - Zest 1
appliedenergistics2:facade:0, Cable Facade - Zeta 1
appliedenergistics2:facade:0, Cable Facade - Zion 1
appliedenergistics2:facade:0, Cable Facade - Zkul 1
appliedenergistics2:facade:0, Cable Facade - Zoea 1
appliedenergistics2:facade:0, Cable Facade - Zome 1
appliedenergistics2:facade:0, Cable Facade - Zone 1
appliedenergistics2:facade:0, Cable Facade - Zorg 1
appliedenergistics2:facade:0, Cable Facade - Ztyl 1
appliedenergistics2:facade:0, Cable Facade - Zyth 1
appliedenergistics2:crystal_seed:0, Certus Quartz Seed
appliedenergistics2:crystal_seed:600, Nether Quartz Seed
appliedenergistics2:crystal_seed:1200, Fluix Seed
appliedenergistics2:crystal_seed:0, Certus Quartz Seed
appliedenergistics2:crystal_seed:600, Nether Quartz Seed
appliedenergistics2:crystal_seed:1200, Fluix Seed
appliedenergistics2:crystal_seed:0, Certus Quartz Seed
appliedenergistics2:crystal_seed:600, Nether Quartz Seed
appliedenergistics2:crystal_seed:1200, Fluix Seed
appliedenergistics2:encoded_pattern, Encoded Pattern
appliedenergistics2:paint_ball:0, Paint Ball - White
appliedenergistics2:paint_ball:1, Paint Ball - Orange
appliedenergistics2:paint_ball:2, Paint Ball - Magenta
appliedenergistics2:paint_ball:3, Paint Ball - Light Blue
appliedenergistics2:paint_ball:4, Paint Ball - Yellow
appliedenergistics2:paint_ball:5, Paint Ball - Lime
appliedenergistics2:paint_ball:6, Paint Ball - Pink
appliedenergistics2:paint_ball:7, Paint Ball - Gray
appliedenergistics2:paint_ball:8, Paint Ball - Light Gray
appliedenergistics2:paint_ball:9, Paint Ball - Cyan
appliedenergistics2:paint_ball:10, Paint Ball - Purple
appliedenergistics2:paint_ball:11, Paint Ball - Blue
appliedenergistics2:paint_ball:12, Paint Ball - Brown
appliedenergistics2:paint_ball:13, Paint Ball - Green
appliedenergistics2:paint_ball:14, Paint Ball - Red
appliedenergistics2:paint_ball:15, Paint Ball - Black
appliedenergistics2:paint_ball:20, Paint Ball - Lumen White
appliedenergistics2:paint_ball:21, Paint Ball - Lumen Orange
appliedenergistics2:paint_ball:22, Paint Ball - Lumen Magenta
appliedenergistics2:paint_ball:23, Paint Ball - Lumen Light Blue
appliedenergistics2:paint_ball:24, Paint Ball - Lumen Yellow
appliedenergistics2:paint_ball:25, Paint Ball - Lumen Lime
appliedenergistics2:paint_ball:26, Paint Ball - Lumen Pink
appliedenergistics2:paint_ball:27, Paint Ball - Lumen Gray
appliedenergistics2:paint_ball:28, Paint Ball - Lumen Light Gray
appliedenergistics2:paint_ball:29, Paint Ball - Lumen Cyan
appliedenergistics2:paint_ball:30, Paint Ball - Lumen Purple
appliedenergistics2:paint_ball:31, Paint Ball - Lumen Blue
appliedenergistics2:paint_ball:32, Paint Ball - Lumen Brown
appliedenergistics2:paint_ball:33, Paint Ball - Lumen Green
appliedenergistics2:paint_ball:34, Paint Ball - Lumen Red
appliedenergistics2:paint_ball:35, Paint Ball - Lumen Black
appliedenergistics2:dummy_fluid_item, item.appliedenergistics2.dummy_fluid_item.name
appliedenergistics2:material:28, Advanced Card
appliedenergistics2:material:44, Annihilation Core
appliedenergistics2:material:25, Basic Card
appliedenergistics2:material:52, Blank Pattern
appliedenergistics2:material:23, Calculation Processor
appliedenergistics2:material:13, Inscriber Calculation Press
appliedenergistics2:material:16, Printed Calculation Circuit
appliedenergistics2:material:27, Capacity Card
appliedenergistics2:material:53, Crafting Card
appliedenergistics2:material:29, Fuzzy Card
appliedenergistics2:material:31, Inverter Card
appliedenergistics2:material:60, Magnet Card
appliedenergistics2:material:58, Pattern Expansion Card
appliedenergistics2:material:59, Quantum Link Card
appliedenergistics2:material:26, Redstone Card
appliedenergistics2:material:30, Acceleration Card
appliedenergistics2:material:61, Sticky Card
appliedenergistics2:material:34, §d128³§r Spatial Component
appliedenergistics2:material:37, §a16k§r ME Storage Component
appliedenergistics2:material:33, §916³§r Spatial Component
appliedenergistics2:material:35, §61k§r ME Storage Component
appliedenergistics2:material:32, §62³§r Spatial Component
appliedenergistics2:material:36, §e4k§r ME Storage Component
appliedenergistics2:material:38, §b64k§r ME Storage Component
appliedenergistics2:material:0, Certus Quartz Crystal
appliedenergistics2:material:1, Charged Certus Quartz Crystal
appliedenergistics2:material:2, Certus Quartz Dust
appliedenergistics2:material:39, ME Storage Housing
appliedenergistics2:material:46, Ender Dust
appliedenergistics2:material:24, Engineering Processor
appliedenergistics2:material:14, Inscriber Engineering Press
appliedenergistics2:material:17, Printed Engineering Circuit
appliedenergistics2:material:4, Flour
appliedenergistics2:material:56, §a16k§r ME Fluid Storage Component
appliedenergistics2:material:54, §61k§r ME Fluid Storage Component
appliedenergistics2:material:55, §e4k§r ME Fluid Storage Component
appliedenergistics2:material:57, §b64k§r ME Fluid Storage Component
appliedenergistics2:material:7, Fluix Crystal
appliedenergistics2:material:8, Fluix Dust
appliedenergistics2:material:9, Fluix Pearl
appliedenergistics2:material:43, Formation Core
appliedenergistics2:material:51, Gold Dust
appliedenergistics2:material:49, Iron Dust
appliedenergistics2:material:22, Logic Processor
appliedenergistics2:material:15, Inscriber Logic Press
appliedenergistics2:material:18, Printed Logic Circuit
appliedenergistics2:material:6, Matter Ball
appliedenergistics2:material:21, Inscriber Name Press
appliedenergistics2:material:3, Nether Quartz Dust
appliedenergistics2:material:10, Pure Certus Quartz Crystal
appliedenergistics2:material:12, Pure Fluix Crystal
appliedenergistics2:material:11, Pure Nether Quartz Crystal
appliedenergistics2:material:48, Quantum Entangled Singularity
appliedenergistics2:material:5, Silicon
appliedenergistics2:material:19, Inscriber Silicon Press
appliedenergistics2:material:20, Printed Silicon
appliedenergistics2:material:47, Singularity
appliedenergistics2:material:45, Sky Stone Dust
appliedenergistics2:material:41, Wireless Receiver
appliedenergistics2:material:42, Wireless Booster
appliedenergistics2:material:40, Wooden Gear
appliedenergistics2:part:300, ME Annihilation Plane
appliedenergistics2:part:120, Cable Anchor
appliedenergistics2:part:20, ME Covered Cable - White
appliedenergistics2:part:21, ME Covered Cable - Orange
appliedenergistics2:part:22, ME Covered Cable - Magenta
appliedenergistics2:part:23, ME Covered Cable - Light Blue
appliedenergistics2:part:24, ME Covered Cable - Yellow
appliedenergistics2:part:25, ME Covered Cable - Lime
appliedenergistics2:part:26, ME Covered Cable - Pink
appliedenergistics2:part:27, ME Covered Cable - Gray
appliedenergistics2:part:28, ME Covered Cable - Light Gray
appliedenergistics2:part:29, ME Covered Cable - Cyan
appliedenergistics2:part:30, ME Covered Cable - Purple
appliedenergistics2:part:31, ME Covered Cable - Blue
appliedenergistics2:part:32, ME Covered Cable - Brown
appliedenergistics2:part:33, ME Covered Cable - Green
appliedenergistics2:part:34, ME Covered Cable - Red
appliedenergistics2:part:35, ME Covered Cable - Black
appliedenergistics2:part:36, ME Covered Cable - Fluix
appliedenergistics2:part:500, ME Dense Covered Cable - White
appliedenergistics2:part:501, ME Dense Covered Cable - Orange
appliedenergistics2:part:502, ME Dense Covered Cable - Magenta
appliedenergistics2:part:503, ME Dense Covered Cable - Light Blue
appliedenergistics2:part:504, ME Dense Covered Cable - Yellow
appliedenergistics2:part:505, ME Dense Covered Cable - Lime
appliedenergistics2:part:506, ME Dense Covered Cable - Pink
appliedenergistics2:part:507, ME Dense Covered Cable - Gray
appliedenergistics2:part:508, ME Dense Covered Cable - Light Gray
appliedenergistics2:part:509, ME Dense Covered Cable - Cyan
appliedenergistics2:part:510, ME Dense Covered Cable - Purple
appliedenergistics2:part:511, ME Dense Covered Cable - Blue
appliedenergistics2:part:512, ME Dense Covered Cable - Brown
appliedenergistics2:part:513, ME Dense Covered Cable - Green
appliedenergistics2:part:514, ME Dense Covered Cable - Red
appliedenergistics2:part:515, ME Dense Covered Cable - Black
appliedenergistics2:part:516, ME Dense Covered Cable - Fluix
appliedenergistics2:part:60, ME Dense Smart Cable - White
appliedenergistics2:part:61, ME Dense Smart Cable - Orange
appliedenergistics2:part:62, ME Dense Smart Cable - Magenta
appliedenergistics2:part:63, ME Dense Smart Cable - Light Blue
appliedenergistics2:part:64, ME Dense Smart Cable - Yellow
appliedenergistics2:part:65, ME Dense Smart Cable - Lime
appliedenergistics2:part:66, ME Dense Smart Cable - Pink
appliedenergistics2:part:67, ME Dense Smart Cable - Gray
appliedenergistics2:part:68, ME Dense Smart Cable - Light Gray
appliedenergistics2:part:69, ME Dense Smart Cable - Cyan
appliedenergistics2:part:70, ME Dense Smart Cable - Purple
appliedenergistics2:part:71, ME Dense Smart Cable - Blue
appliedenergistics2:part:72, ME Dense Smart Cable - Brown
appliedenergistics2:part:73, ME Dense Smart Cable - Green
appliedenergistics2:part:74, ME Dense Smart Cable - Red
appliedenergistics2:part:75, ME Dense Smart Cable - Black
appliedenergistics2:part:76, ME Dense Smart Cable - Fluix
appliedenergistics2:part:0, ME Glass Cable - White
appliedenergistics2:part:1, ME Glass Cable - Orange
appliedenergistics2:part:2, ME Glass Cable - Magenta
appliedenergistics2:part:3, ME Glass Cable - Light Blue
appliedenergistics2:part:4, ME Glass Cable - Yellow
appliedenergistics2:part:5, ME Glass Cable - Lime
appliedenergistics2:part:6, ME Glass Cable - Pink
appliedenergistics2:part:7, ME Glass Cable - Gray
appliedenergistics2:part:8, ME Glass Cable - Light Gray
appliedenergistics2:part:9, ME Glass Cable - Cyan
appliedenergistics2:part:10, ME Glass Cable - Purple
appliedenergistics2:part:11, ME Glass Cable - Blue
appliedenergistics2:part:12, ME Glass Cable - Brown
appliedenergistics2:part:13, ME Glass Cable - Green
appliedenergistics2:part:14, ME Glass Cable - Red
appliedenergistics2:part:15, ME Glass Cable - Black
appliedenergistics2:part:16, ME Glass Cable - Fluix
appliedenergistics2:part:40, ME Smart Cable - White
appliedenergistics2:part:41, ME Smart Cable - Orange
appliedenergistics2:part:42, ME Smart Cable - Magenta
appliedenergistics2:part:43, ME Smart Cable - Light Blue
appliedenergistics2:part:44, ME Smart Cable - Yellow
appliedenergistics2:part:45, ME Smart Cable - Lime
appliedenergistics2:part:46, ME Smart Cable - Pink
appliedenergistics2:part:47, ME Smart Cable - Gray
appliedenergistics2:part:48, ME Smart Cable - Light Gray
appliedenergistics2:part:49, ME Smart Cable - Cyan
appliedenergistics2:part:50, ME Smart Cable - Purple
appliedenergistics2:part:51, ME Smart Cable - Blue
appliedenergistics2:part:52, ME Smart Cable - Brown
appliedenergistics2:part:53, ME Smart Cable - Green
appliedenergistics2:part:54, ME Smart Cable - Red
appliedenergistics2:part:55, ME Smart Cable - Black
appliedenergistics2:part:56, ME Smart Cable - Fluix
appliedenergistics2:part:420, ME Conversion Monitor
appliedenergistics2:part:360, ME Crafting Terminal
appliedenergistics2:part:200, Dark Illuminated Panel
appliedenergistics2:part:341, ME Extended Processing Pattern Terminal
appliedenergistics2:part:260, ME Export Bus
appliedenergistics2:part:302, ME Fluid Annihilation Plane
appliedenergistics2:part:261, ME Fluid Export Bus
appliedenergistics2:part:321, ME Fluid Formation Plane
appliedenergistics2:part:241, ME Fluid Import Bus
appliedenergistics2:part:441, ME Fluid Interface
appliedenergistics2:part:522, ME Fluid Interface Configuration Terminal
appliedenergistics2:part:281, ME Fluid Level Emitter
appliedenergistics2:part:221, ME Fluid Storage Bus
appliedenergistics2:part:520, ME Fluid Terminal
appliedenergistics2:part:320, ME Formation Plane
appliedenergistics2:part:301, ME Identity Annihilation Plane
appliedenergistics2:part:240, ME Import Bus
appliedenergistics2:part:440, ME Interface
appliedenergistics2:part:521, ME Interface Configuration Terminal
appliedenergistics2:part:480, ME Interface Terminal
appliedenergistics2:part:100, ME Inverted Toggle Bus
appliedenergistics2:part:280, ME Level Emitter
appliedenergistics2:part:160, Bright Illuminated Panel
appliedenergistics2:part:222, ME OreDict Storage Bus
appliedenergistics2:part:469, P2P Tunnel - FE
appliedenergistics2:part:463, P2P Tunnel - Fluid
appliedenergistics2:part:462, P2P Tunnel - Item
appliedenergistics2:part:467, P2P Tunnel - Light
appliedenergistics2:part:460, P2P Tunnel - ME
appliedenergistics2:part:461, P2P Tunnel - Redstone
appliedenergistics2:part:340, ME Pattern Terminal
appliedenergistics2:part:140, Quartz Fiber
appliedenergistics2:part:180, Illuminated Panel
appliedenergistics2:part:220, ME Storage Bus
appliedenergistics2:part:400, ME Storage Monitor
appliedenergistics2:part:380, ME Terminal
appliedenergistics2:part:80, ME Toggle Bus
baubles:ring:0, Miner's Ring
quark:spruce_trapdoor, tile.spruce_trapdoor.name
quark:birch_trapdoor, tile.birch_trapdoor.name
quark:jungle_trapdoor, tile.jungle_trapdoor.name
quark:acacia_trapdoor, tile.acacia_trapdoor.name
quark:dark_oak_trapdoor, tile.dark_oak_trapdoor.name
quark:paper_wall, tile.paper_wall.name
quark:paper_wall_big, tile.paper_wall_big.name
quark:paper_wall_sakura, tile.paper_wall_sakura.name
quark:iron_ladder, tile.iron_ladder.name
quark:paper_lantern:0, Paper Lamp
quark:paper_lantern:1, Decorated Paper Lamp
quark:colored_flowerpot_white, tile.colored_flowerpot_white.name
quark:colored_flowerpot_orange, tile.colored_flowerpot_orange.name
quark:colored_flowerpot_magenta, tile.colored_flowerpot_magenta.name
quark:colored_flowerpot_light_blue, tile.colored_flowerpot_light_blue.name
quark:colored_flowerpot_yellow, tile.colored_flowerpot_yellow.name
quark:colored_flowerpot_lime, tile.colored_flowerpot_lime.name
quark:colored_flowerpot_pink, tile.colored_flowerpot_pink.name
quark:colored_flowerpot_gray, tile.colored_flowerpot_gray.name
quark:colored_flowerpot_silver, tile.colored_flowerpot_silver.name
quark:colored_flowerpot_cyan, tile.colored_flowerpot_cyan.name
quark:colored_flowerpot_purple, tile.colored_flowerpot_purple.name
quark:colored_flowerpot_blue, tile.colored_flowerpot_blue.name
quark:colored_flowerpot_brown, tile.colored_flowerpot_brown.name
quark:colored_flowerpot_green, tile.colored_flowerpot_green.name
quark:colored_flowerpot_red, tile.colored_flowerpot_red.name
quark:colored_flowerpot_black, tile.colored_flowerpot_black.name
quark:custom_bookshelf:0, Spruce Bookshelf
quark:custom_bookshelf:1, Birch Bookshelf
quark:custom_bookshelf:2, Jungle Bookshelf
quark:custom_bookshelf:3, Acacia Bookshelf
quark:custom_bookshelf:4, Dark Oak Bookshelf
quark:colored_item_frame:0, White Item Frame
quark:colored_item_frame:1, Orange Item Frame
quark:colored_item_frame:2, Magenta Item Frame
quark:colored_item_frame:3, Light Blue Item Frame
quark:colored_item_frame:4, Yellow Item Frame
quark:colored_item_frame:5, Lime Item Frame
quark:colored_item_frame:6, Pink Item Frame
quark:colored_item_frame:7, Gray Item Frame
quark:colored_item_frame:8, Light Gray Item Frame
quark:colored_item_frame:9, Cyan Item Frame
quark:colored_item_frame:10, Purple Item Frame
quark:colored_item_frame:11, Blue Item Frame
quark:colored_item_frame:12, Brown Item Frame
quark:colored_item_frame:13, Green Item Frame
quark:colored_item_frame:14, Red Item Frame
quark:colored_item_frame:15, Black Item Frame
quark:lit_lamp, tile.lit_lamp.name
quark:custom_chest:0, Spruce Chest
quark:custom_chest:1, Birch Chest
quark:custom_chest:2, Jungle Chest
quark:custom_chest:3, Acacia Chest
quark:custom_chest:4, Dark Oak Chest
quark:custom_chest_trap:0, Spruce Trapped Chest
quark:custom_chest_trap:1, Birch Trapped Chest
quark:custom_chest_trap:2, Jungle Trapped Chest
quark:custom_chest_trap:3, Acacia Trapped Chest
quark:custom_chest_trap:4, Dark Oak Trapped Chest
quark:rope, tile.rope.name
quark:blaze_lantern, tile.blaze_lantern.name
quark:nether_brick_fence_gate, tile.nether_brick_fence_gate.name
quark:leaf_carpet:0, Oak Leaf Carpet
quark:leaf_carpet:1, Spruce Leaf Carpet
quark:leaf_carpet:2, Birch Leaf Carpet
quark:leaf_carpet:3, Jungle Leaf Carpet
quark:leaf_carpet:4, Acacia Leaf Carpet
quark:leaf_carpet:5, Dark Oak Leaf Carpet
quark:leaf_carpet:6, Swamp Oak Leaf Carpet
quark:leaf_carpet:7, Blossoming Leaf Carpet
quark:spruce_pressure_plate, tile.spruce_pressure_plate.name
quark:birch_pressure_plate, tile.birch_pressure_plate.name
quark:jungle_pressure_plate, tile.jungle_pressure_plate.name
quark:acacia_pressure_plate, tile.acacia_pressure_plate.name
quark:dark_oak_pressure_plate, tile.dark_oak_pressure_plate.name
quark:spruce_button, tile.spruce_button.name
quark:birch_button, tile.birch_button.name
quark:jungle_button, tile.jungle_button.name
quark:acacia_button, tile.acacia_button.name
quark:dark_oak_button, tile.dark_oak_button.name
quark:grate, tile.grate.name
quark:glass_item_frame, item.glass_item_frame.name
quark:witch_hat, item.witch_hat.name
quark:glass_shards:0, Glass Shard
quark:glass_shards:1, White Glass Shard
quark:glass_shards:2, Orange Glass Shard
quark:glass_shards:3, Magenta Glass Shard
quark:glass_shards:4, Light Blue Glass Shard
quark:glass_shards:5, Yellow Glass Shard
quark:glass_shards:6, Lime Glass Shard
quark:glass_shards:7, Pink Glass Shard
quark:glass_shards:8, Gray Glass Shard
quark:glass_shards:9, Light Gray Glass Shard
quark:glass_shards:10, Cyan Glass Shard
quark:glass_shards:11, Purple Glass Shard
quark:glass_shards:12, Blue Glass Shard
quark:glass_shards:13, Brown Glass Shard
quark:glass_shards:14, Green Glass Shard
quark:glass_shards:15, Red Glass Shard
quark:glass_shards:16, Black Glass Shard
quark:chute, tile.chute.name
quark:sugar_block, tile.sugar_block.name
quark:redstone_randomizer, tile.redstone_randomizer.name
quark:iron_button, tile.iron_button.name
quark:gold_button, tile.gold_button.name
quark:iron_rod, tile.iron_rod.name
quark:gravisand, tile.gravisand.name
quark:redstone_inductor, tile.redstone_inductor.name
quark:obsidian_pressure_plate, tile.obsidian_pressure_plate.name
quark:rain_detector, tile.rain_detector.name
quark:chain, item.chain.name
quark:arrow_ender, item.arrow_ender.name
quark:arrow_explosive, item.arrow_explosive.name
quark:arrow_torch, item.arrow_torch.name
quark:slime_bucket:0, Slime in a Bucket
quark:rune:0, White Rune
quark:rune:1, Orange Rune
quark:rune:2, Magenta Rune
quark:rune:3, Light Blue Rune
quark:rune:4, Yellow Rune
quark:rune:5, Lime Rune
quark:rune:6, Pink Rune
quark:rune:7, Gray Rune
quark:rune:8, Light Gray Rune
quark:rune:9, Cyan Rune
quark:rune:10, Purple Rune
quark:rune:11, Blue Rune
quark:rune:12, Brown Rune
quark:rune:13, Green Rune
quark:rune:14, Red Rune
quark:rune:15, Black Rune
quark:rune:16, Rainbow Rune
quark:black_ash, tile.black_ash.name
quark:ancient_tome, item.ancient_tome.name
quark:horse_whistle, item.horse_whistle.name
quark:soul_powder, item.soul_powder.name
quark:parrot_egg:0, Red Parrot Egg
quark:parrot_egg:1, Blue Parrot Egg
quark:parrot_egg:2, Green Parrot Egg
quark:parrot_egg:3, Cyan Parrot Egg
quark:parrot_egg:4, Gray Parrot Egg
quark:enderdragon_scale, item.enderdragon_scale.name
quark:roots, tile.roots.name
quark:root, item.root.name
quark:roots_blue_flower, tile.roots_blue_flower.name
quark:roots_black_flower, tile.roots_black_flower.name
quark:roots_white_flower, tile.roots_white_flower.name
quark:root_flower:0, Blue Sprout
quark:root_flower:1, Black Sprout
quark:root_flower:2, White Sprout
quark:root_dye:0, Blue Dye
quark:root_dye:1, Black Dye
quark:root_dye:2, White Dye
quark:diamond_heart, item.diamond_heart.name
quark:archaeologist_hat, item.archaeologist_hat.name
quark:variant_leaves:0, Swamp Oak Leaves
quark:variant_leaves:1, Blossoming Leaves
quark:variant_sapling:0, Swamp Oak Sapling
quark:variant_sapling:1, Blossoming Sapling
quark:crystal:0, White Cave Crystal
quark:crystal:1, Red Cave Crystal
quark:crystal:2, Orange Cave Crystal
quark:crystal:3, Yellow Cave Crystal
quark:crystal:4, Green Cave Crystal
quark:crystal:5, Blue Cave Crystal
quark:crystal:6, Indigo Cave Crystal
quark:crystal:7, Violet Cave Crystal
quark:crystal:8, Black Cave Crystal
quark:crystal_pane:0, White Cave Crystal Sheet
quark:crystal_pane:1, Red Cave Crystal Sheet
quark:crystal_pane:2, Orange Cave Crystal Sheet
quark:crystal_pane:3, Yellow Cave Crystal Sheet
quark:crystal_pane:4, Green Cave Crystal Sheet
quark:crystal_pane:5, Blue Cave Crystal Sheet
quark:crystal_pane:6, Indigo Cave Crystal Sheet
quark:crystal_pane:7, Violet Cave Crystal Sheet
quark:crystal_pane:8, Black Cave Crystal Sheet
quark:stone_speleothem, tile.stone_speleothem.name
quark:granite_speleothem, tile.granite_speleothem.name
quark:diorite_speleothem, tile.diorite_speleothem.name
quark:andesite_speleothem, tile.andesite_speleothem.name
quark:netherrack_speleothem, tile.netherrack_speleothem.name
quark:jasper_speleothem, tile.jasper_speleothem.name
quark:slate_speleothem, tile.slate_speleothem.name
quark:biotite_ore, tile.biotite_ore.name
quark:biotite_block:0, Block of Biotite
quark:biotite_block:1, Chiseled Biotite Block
quark:biotite_block:2, Pillar Biotite Block
quark:biotite, item.biotite.name
quark:biotite_slab:0, Biotite Slab
quark:biotite_stairs, tile.biotite_stairs.name
quark:biotite_wall, tile.biotite_wall.name
quark:monster_box, tile.monster_box.name
quark:forgotten_hat, item.forgotten_hat.name
quark:frog_leg, item.frog_leg.name
quark:cooked_frog_leg, item.cooked_frog_leg.name
quark:golden_frog_leg, item.golden_frog_leg.name
quark:pirate_hat, item.pirate_hat.name
quark:jasper:0, Jasper
quark:jasper:1, Polished Jasper
quark:stone_jasper_slab:0, Jasper Slab
quark:stone_jasper_stairs, tile.stone_jasper_stairs.name
quark:jasper_wall, tile.jasper_wall.name
quark:slate:0, Slate
quark:slate:1, Polished Slate
quark:stone_slate_slab:0, Slate Slab
quark:stone_slate_stairs, tile.stone_slate_stairs.name
quark:slate_wall, tile.slate_wall.name
quark:biome_cobblestone:0, Brimstone
quark:biome_cobblestone:1, Permafrost
quark:biome_cobblestone:2, Cobbedstone
quark:biome_brick:0, Brimstone Bricks
quark:biome_brick:1, Permafrost Bricks
quark:elder_prismarine:0, Elder Prismarine
quark:elder_prismarine:1, Elder Prismarine Bricks
quark:elder_prismarine:2, Dark Elder Prismarine
quark:elder_sea_lantern, tile.elder_sea_lantern.name
quark:fire_stone_slab:0, Brimstone Slab
quark:fire_stone_stairs, tile.fire_stone_stairs.name
quark:fire_stone_brick_slab:0, Brimstone Bricks Slab
quark:fire_stone_brick_stairs, tile.fire_stone_brick_stairs.name
quark:icy_stone_slab:0, Permafrost Slab
quark:icy_stone_stairs, tile.icy_stone_stairs.name
quark:icy_stone_brick_slab:0, Permafrost Bricks Slab
quark:icy_stone_brick_stairs, tile.icy_stone_brick_stairs.name
quark:cobbed_stone_slab:0, Cobbedstone Slab
quark:cobbed_stone_stairs, tile.cobbed_stone_stairs.name
quark:elder_prismarine_slab:0, Elder Prismarine Slab
quark:elder_prismarine_stairs, tile.elder_prismarine_stairs.name
quark:elder_prismarine_bricks_slab:0, Elder Prismarine Brick Slab
quark:elder_prismarine_bricks_stairs, tile.elder_prismarine_bricks_stairs.name
quark:elder_prismarine_dark_slab:0, Dark Elder Prismarine Slab
quark:elder_prismarine_dark_stairs, tile.elder_prismarine_dark_stairs.name
quark:fire_stone_wall, tile.fire_stone_wall.name
quark:icy_stone_wall, tile.icy_stone_wall.name
quark:cobbed_stone_wall, tile.cobbed_stone_wall.name
quark:fire_stone_brick_wall, tile.fire_stone_brick_wall.name
quark:icy_stone_brick_wall, tile.icy_stone_brick_wall.name
quark:elder_prismarine_wall, tile.elder_prismarine_wall.name
quark:elder_prismarine_bricks_wall, tile.elder_prismarine_bricks_wall.name
quark:elder_prismarine_dark_wall, tile.elder_prismarine_dark_wall.name
quark:glowcelium, tile.glowcelium.name
quark:glowshroom, tile.glowshroom.name
quark:glowshroom_block, tile.glowshroom_block.name
quark:soul_bead, item.soul_bead.name
quark:smoker, tile.smoker.name
quark:sandstone_new:0, Polished Sandstone
quark:sandstone_new:1, Sandstone Bricks
quark:sandstone_new:2, Polished Red Sandstone
quark:sandstone_new:3, Red Sandstone Bricks
quark:sandstone_new:4, Polished Soul Sandstone
quark:sandstone_new:5, Soul Sandstone Bricks
quark:sandstone_bricks_stairs, tile.sandstone_bricks_stairs.name
quark:red_sandstone_bricks_stairs, tile.red_sandstone_bricks_stairs.name
quark:soul_sandstone_bricks_stairs, tile.soul_sandstone_bricks_stairs.name
quark:sandstone_smooth_slab:0, Polished Sandstone Slab
quark:sandstone_bricks_slab:0, Sandstone Brick Slab
quark:red_sandstone_smooth_slab:0, Polished Red Sandstone Slab
quark:red_sandstone_bricks_slab:0, Red Sandstone Brick Slab
quark:soul_sandstone_smooth_slab:0, Polished Soul Sandstone Slab
quark:soul_sandstone_bricks_slab:0, Soul Sandstone Brick Slab
quark:polished_stone, tile.polished_stone.name
quark:stone_wall, tile.stone_wall.name
quark:stone_granite_wall, tile.stone_granite_wall.name
quark:stone_diorite_wall, tile.stone_diorite_wall.name
quark:stone_andesite_wall, tile.stone_andesite_wall.name
quark:sandstone_wall, tile.sandstone_wall.name
quark:red_sandstone_wall, tile.red_sandstone_wall.name
quark:stonebrick_wall, tile.stonebrick_wall.name
quark:brick_wall, tile.brick_wall.name
quark:quartz_wall, tile.quartz_wall.name
quark:prismarine_rough_wall, tile.prismarine_rough_wall.name
quark:prismarine_bricks_wall, tile.prismarine_bricks_wall.name
quark:dark_prismarine_wall, tile.dark_prismarine_wall.name
quark:purpur_block_wall, tile.purpur_block_wall.name
quark:end_bricks_wall, tile.end_bricks_wall.name
quark:stonebrick_mossy_wall, tile.stonebrick_mossy_wall.name
quark:stained_planks:0, White Stained Planks
quark:stained_planks:1, Orange Stained Planks
quark:stained_planks:2, Magenta Stained Planks
quark:stained_planks:3, Light Blue Stained Planks
quark:stained_planks:4, Yellow Stained Planks
quark:stained_planks:5, Lime Stained Planks
quark:stained_planks:6, Pink Stained Planks
quark:stained_planks:7, Gray Stained Planks
quark:stained_planks:8, Light Gray Stained Planks
quark:stained_planks:9, Cyan Stained Planks
quark:stained_planks:10, Purple Stained Planks
quark:stained_planks:11, Blue Stained Planks
quark:stained_planks:12, Brown Stained Planks
quark:stained_planks:13, Green Stained Planks
quark:stained_planks:14, Red Stained Planks
quark:stained_planks:15, Black Stained Planks
quark:stained_planks_white_stairs, tile.stained_planks_white_stairs.name
quark:stained_planks_orange_stairs, tile.stained_planks_orange_stairs.name
quark:stained_planks_magenta_stairs, tile.stained_planks_magenta_stairs.name
quark:stained_planks_light_blue_stairs, tile.stained_planks_light_blue_stairs.name
quark:stained_planks_yellow_stairs, tile.stained_planks_yellow_stairs.name
quark:stained_planks_lime_stairs, tile.stained_planks_lime_stairs.name
quark:stained_planks_pink_stairs, tile.stained_planks_pink_stairs.name
quark:stained_planks_gray_stairs, tile.stained_planks_gray_stairs.name
quark:stained_planks_silver_stairs, tile.stained_planks_silver_stairs.name
quark:stained_planks_cyan_stairs, tile.stained_planks_cyan_stairs.name
quark:stained_planks_purple_stairs, tile.stained_planks_purple_stairs.name
quark:stained_planks_blue_stairs, tile.stained_planks_blue_stairs.name
quark:stained_planks_brown_stairs, tile.stained_planks_brown_stairs.name
quark:stained_planks_green_stairs, tile.stained_planks_green_stairs.name
quark:stained_planks_red_stairs, tile.stained_planks_red_stairs.name
quark:stained_planks_black_stairs, tile.stained_planks_black_stairs.name
quark:stained_planks_white_slab:0, White Stained Wood Slab
quark:stained_planks_orange_slab:0, Orange Stained Wood Slab
quark:stained_planks_magenta_slab:0, Magenta Stained Wood Slab
quark:stained_planks_light_blue_slab:0, Light Blue Stained Wood Slab
quark:stained_planks_yellow_slab:0, Yellow Stained Wood Slab
quark:stained_planks_lime_slab:0, Lime Stained Wood Slab
quark:stained_planks_pink_slab:0, Pink Stained Wood Slab
quark:stained_planks_gray_slab:0, Gray Stained Wood Slab
quark:stained_planks_silver_slab:0, Light Gray Stained Wood Slab
quark:stained_planks_cyan_slab:0, Cyan Stained Wood Slab
quark:stained_planks_purple_slab:0, Purple Stained Wood Slab
quark:stained_planks_blue_slab:0, Blue Stained Wood Slab
quark:stained_planks_brown_slab:0, Brown Stained Wood Slab
quark:stained_planks_green_slab:0, Green Stained Wood Slab
quark:stained_planks_red_slab:0, Red Stained Wood Slab
quark:stained_planks_black_slab:0, Black Stained Wood Slab
quark:hardened_clay_tiles, tile.hardened_clay_tiles.name
quark:hardened_clay_tiles_stairs, tile.hardened_clay_tiles_stairs.name
quark:hardened_clay_tiles_slab:0, Terracotta Shingle Slab
quark:stained_clay_tiles:0, White Terracotta Shingles
quark:stained_clay_tiles:1, Orange Terracotta Shingles
quark:stained_clay_tiles:2, Magenta Terracotta Shingles
quark:stained_clay_tiles:3, Light Blue Terracotta Shingles
quark:stained_clay_tiles:4, Yellow Terracotta Shingles
quark:stained_clay_tiles:5, Lime Terracotta Shingles
quark:stained_clay_tiles:6, Pink Terracotta Shingles
quark:stained_clay_tiles:7, Gray Terracotta Shingles
quark:stained_clay_tiles:8, Light Gray Terracotta Shingles
quark:stained_clay_tiles:9, Cyan Terracotta Shingles
quark:stained_clay_tiles:10, Purple Terracotta Shingles
quark:stained_clay_tiles:11, Blue Terracotta Shingles
quark:stained_clay_tiles:12, Brown Terracotta Shingles
quark:stained_clay_tiles:13, Green Terracotta Shingles
quark:stained_clay_tiles:14, Red Terracotta Shingles
quark:stained_clay_tiles:15, Black Terracotta Shingles
quark:stained_clay_tiles_white_stairs, tile.stained_clay_tiles_white_stairs.name
quark:stained_clay_tiles_orange_stairs, tile.stained_clay_tiles_orange_stairs.name
quark:stained_clay_tiles_magenta_stairs, tile.stained_clay_tiles_magenta_stairs.name
quark:stained_clay_tiles_light_blue_stairs, tile.stained_clay_tiles_light_blue_stairs.name
quark:stained_clay_tiles_yellow_stairs, tile.stained_clay_tiles_yellow_stairs.name
quark:stained_clay_tiles_lime_stairs, tile.stained_clay_tiles_lime_stairs.name
quark:stained_clay_tiles_pink_stairs, tile.stained_clay_tiles_pink_stairs.name
quark:stained_clay_tiles_gray_stairs, tile.stained_clay_tiles_gray_stairs.name
quark:stained_clay_tiles_silver_stairs, tile.stained_clay_tiles_silver_stairs.name
quark:stained_clay_tiles_cyan_stairs, tile.stained_clay_tiles_cyan_stairs.name
quark:stained_clay_tiles_purple_stairs, tile.stained_clay_tiles_purple_stairs.name
quark:stained_clay_tiles_blue_stairs, tile.stained_clay_tiles_blue_stairs.name
quark:stained_clay_tiles_brown_stairs, tile.stained_clay_tiles_brown_stairs.name
quark:stained_clay_tiles_green_stairs, tile.stained_clay_tiles_green_stairs.name
quark:stained_clay_tiles_red_stairs, tile.stained_clay_tiles_red_stairs.name
quark:stained_clay_tiles_black_stairs, tile.stained_clay_tiles_black_stairs.name
quark:stained_clay_tiles_white_slab:0, White Terracotta Shingle Slab
quark:stained_clay_tiles_orange_slab:0, Orange Terracotta Shingle Slab
quark:stained_clay_tiles_magenta_slab:0, Magenta Terracotta Shingle Slab
quark:stained_clay_tiles_light_blue_slab:0, Light Blue Terracotta Shingle Slab
quark:stained_clay_tiles_yellow_slab:0, Yellow Terracotta Shingle Slab
quark:stained_clay_tiles_lime_slab:0, Lime Terracotta Shingle Slab
quark:stained_clay_tiles_pink_slab:0, Pink Terracotta Shingle Slab
quark:stained_clay_tiles_gray_slab:0, Gray Terracotta Shingle Slab
quark:stained_clay_tiles_silver_slab:0, Light Gray Terracotta Shingle Slab
quark:stained_clay_tiles_cyan_slab:0, Cyan Terracotta Shingle Slab
quark:stained_clay_tiles_purple_slab:0, Purple Terracotta Shingle Slab
quark:stained_clay_tiles_blue_slab:0, Blue Terracotta Shingle Slab
quark:stained_clay_tiles_brown_slab:0, Brown Terracotta Shingle Slab
quark:stained_clay_tiles_green_slab:0, Green Terracotta Shingle Slab
quark:stained_clay_tiles_red_slab:0, Red Terracotta Shingle Slab
quark:stained_clay_tiles_black_slab:0, Black Terracotta Shingle Slab
quark:bark:0, Oak Bark
quark:bark:1, Spruce Bark
quark:bark:2, Birch Bark
quark:bark:3, Jungle Bark
quark:bark:4, Acacia Bark
quark:bark:5, Dark Oak Bark
quark:bark_oak_wall, tile.bark_oak_wall.name
quark:bark_oak_stairs, tile.bark_oak_stairs.name
quark:bark_oak_slab:0, Oak Bark Slab
quark:bark_spruce_wall, tile.bark_spruce_wall.name
quark:bark_spruce_stairs, tile.bark_spruce_stairs.name
quark:bark_spruce_slab:0, Spruce Bark Slab
quark:bark_birch_wall, tile.bark_birch_wall.name
quark:bark_birch_stairs, tile.bark_birch_stairs.name
quark:bark_birch_slab:0, Birch Bark Slab
quark:bark_jungle_wall, tile.bark_jungle_wall.name
quark:bark_jungle_stairs, tile.bark_jungle_stairs.name
quark:bark_jungle_slab:0, Jungle Bark Slab
quark:bark_acacia_wall, tile.bark_acacia_wall.name
quark:bark_acacia_stairs, tile.bark_acacia_stairs.name
quark:bark_acacia_slab:0, Acacia Bark Slab
quark:bark_dark_oak_wall, tile.bark_dark_oak_wall.name
quark:bark_dark_oak_stairs, tile.bark_dark_oak_stairs.name
quark:bark_dark_oak_slab:0, Dark Oak Bark Slab
quark:sturdy_stone, tile.sturdy_stone.name
quark:iron_plate:0, Iron Plate
quark:iron_plate:1, Rusty Iron Plate
quark:iron_plate_stairs, tile.iron_plate_stairs.name
quark:iron_plate_slab:0, Iron Plate Slab
quark:sandy_bricks, tile.sandy_bricks.name
quark:sandy_bricks_stairs, tile.sandy_bricks_stairs.name
quark:sandy_bricks_slab:0, Sandy Brick Slab
quark:sandy_bricks_wall, tile.sandy_bricks_wall.name
quark:stone_stairs, tile.stone_stairs.name
quark:stone_granite_stairs, tile.stone_granite_stairs.name
quark:stone_granite_slab:0, Granite Slab
quark:stone_diorite_stairs, tile.stone_diorite_stairs.name
quark:stone_diorite_slab:0, Diorite Slab
quark:stone_andesite_stairs, tile.stone_andesite_stairs.name
quark:stone_andesite_slab:0, Andesite Slab
quark:end_bricks_stairs, tile.end_bricks_stairs.name
quark:end_bricks_slab:0, End Brick Slab
quark:prismarine_stairs, tile.prismarine_stairs.name
quark:prismarine_slab:0, Prismarine Slab
quark:prismarine_bricks_stairs, tile.prismarine_bricks_stairs.name
quark:prismarine_bricks_slab:0, Prismarine Brick Slab
quark:prismarine_dark_stairs, tile.prismarine_dark_stairs.name
quark:prismarine_dark_slab:0, Dark Prismarine Slab
quark:red_nether_brick_stairs, tile.red_nether_brick_stairs.name
quark:red_nether_brick_slab:0, Red Nether Brick Slab
quark:cobblestone_mossy_stairs, tile.cobblestone_mossy_stairs.name
quark:cobblestone_mossy_slab:0, Moss Stone Slab
quark:stonebrick_mossy_stairs, tile.stonebrick_mossy_stairs.name
quark:stonebrick_mossy_slab:0, Mossy Stone Brick Slab
quark:thatch, tile.thatch.name
quark:thatch_stairs, tile.thatch_stairs.name
quark:thatch_slab:0, Thatch Slab
quark:charred_nether_bricks, tile.charred_nether_bricks.name
quark:charred_nether_brick_stairs, tile.charred_nether_brick_stairs.name
quark:charred_nether_brick_slab:0, Charred Nether Brick Slab
quark:world_stone_bricks:0, Granite Bricks
quark:world_stone_bricks:1, Diorite Bricks
quark:world_stone_bricks:2, Andesite Bricks
quark:world_stone_bricks:6, Jasper Bricks
quark:world_stone_bricks:7, Slate Bricks
quark:world_stone_carved:0, Chiseled Granite Bricks
quark:world_stone_carved:1, Chiseled Diorite Bricks
quark:world_stone_carved:2, Chiseled Andesite Bricks
quark:world_stone_carved:6, Chiseled Jasper Bricks
quark:world_stone_carved:7, Chiseled Slate Bricks
quark:stone_granite_bricks_stairs, tile.stone_granite_bricks_stairs.name
quark:stone_granite_bricks_slab:0, Granite Brick Slab
quark:stone_diorite_bricks_stairs, tile.stone_diorite_bricks_stairs.name
quark:stone_diorite_bricks_slab:0, Diorite Brick Slab
quark:stone_andesite_bricks_stairs, tile.stone_andesite_bricks_stairs.name
quark:stone_andesite_bricks_slab:0, Andesite Brick Slab
quark:stone_jasper_bricks_stairs, tile.stone_jasper_bricks_stairs.name
quark:stone_jasper_bricks_slab:0, Jasper Brick Slab
quark:stone_slate_bricks_stairs, tile.stone_slate_bricks_stairs.name
quark:stone_slate_bricks_slab:0, Slate Brick Slab
quark:stone_granite_bricks_wall, tile.stone_granite_bricks_wall.name
quark:stone_diorite_bricks_wall, tile.stone_diorite_bricks_wall.name
quark:stone_andesite_bricks_wall, tile.stone_andesite_bricks_wall.name
quark:stone_jasper_bricks_wall, tile.stone_jasper_bricks_wall.name
quark:stone_slate_bricks_wall, tile.stone_slate_bricks_wall.name
quark:midori_block, tile.midori_block.name
quark:midori_pillar, tile.midori_pillar.name
quark:midori_block_stairs, tile.midori_block_stairs.name
quark:midori_block_slab:0, Midori Slab
quark:midori_block_wall, tile.midori_block_wall.name
quark:magma_bricks, tile.magma_bricks.name
quark:magma_bricks_stairs, tile.magma_bricks_stairs.name
quark:magma_bricks_slab:0, Magma Brick Slab
quark:vertical_planks:0, Vertical Oak Wood Planks
quark:vertical_planks:1, Vertical Spruce Wood Planks
quark:vertical_planks:2, Vertical Birch Wood Planks
quark:vertical_planks:3, Vertical Jungle Wood Planks
quark:vertical_planks:4, Vertical Acacia Wood Planks
quark:vertical_planks:5, Vertical Dark Oak Wood Planks
quark:vertical_stained_planks:0, Vertical White Stained Planks
quark:vertical_stained_planks:1, Vertical Orange Stained Planks
quark:vertical_stained_planks:2, Vertical Magenta Stained Planks
quark:vertical_stained_planks:3, Vertical Light Blue Stained Planks
quark:vertical_stained_planks:4, Vertical Yellow Stained Planks
quark:vertical_stained_planks:5, Vertical Lime Stained Planks
quark:vertical_stained_planks:6, Vertical Pink Stained Planks
quark:vertical_stained_planks:7, Vertical Gray Stained Planks
quark:vertical_stained_planks:8, Vertical Light Gray Stained Planks
quark:vertical_stained_planks:9, Vertical Cyan Stained Planks
quark:vertical_stained_planks:10, Vertical Purple Stained Planks
quark:vertical_stained_planks:11, Vertical Blue Stained Planks
quark:vertical_stained_planks:12, Vertical Brown Stained Planks
quark:vertical_stained_planks:13, Vertical Green Stained Planks
quark:vertical_stained_planks:14, Vertical Red Stained Planks
quark:vertical_stained_planks:15, Vertical Black Stained Planks
quark:duskbound_block, tile.duskbound_block.name
quark:duskbound_lantern, tile.duskbound_lantern.name
quark:duskbound_block_stairs, tile.duskbound_block_stairs.name
quark:duskbound_block_slab:0, Duskbound Slab
quark:duskbound_block_wall, tile.duskbound_block_wall.name
quark:world_stone_pavement:0, Granite Pavement
quark:world_stone_pavement:1, Diorite Pavement
quark:world_stone_pavement:2, Andesite Pavement
quark:world_stone_pavement:6, Jasper Pavement
quark:world_stone_pavement:7, Slate Pavement
quark:reed_block, tile.reed_block.name
quark:reed_block_stairs, tile.reed_block_stairs.name
quark:reed_block_slab:0, Sugar Cane Slab
quark:reed_block_wall, tile.reed_block_wall.name
quark:snow_bricks, tile.snow_bricks.name
quark:snow_bricks_stairs, tile.snow_bricks_stairs.name
quark:snow_bricks_slab:0, Snow Brick Slab
quark:snow_bricks_wall, tile.snow_bricks_wall.name
quark:carved_wood:0, Carved Oak Wood
quark:carved_wood:1, Carved Spruce Wood
quark:carved_wood:2, Carved Birch Wood
quark:carved_wood:3, Carved Jungle Wood
quark:carved_wood:4, Carved Acacia Wood
quark:carved_wood:5, Carved Dark Oak Wood
quark:soul_sandstone:0, Soul Sandstone
quark:soul_sandstone:1, Chiseled Soul Sandstone
quark:soul_sandstone:2, Smooth Soul Sandstone
quark:soul_sandstone_slab:0, Soul Sandstone Slab
quark:soul_sandstone_stairs, tile.soul_sandstone_stairs.name
quark:soul_sandstone_wall, tile.soul_sandstone_wall.name
quark:turf, tile.turf.name
quark:turf_stairs, tile.turf_stairs.name
quark:turf_slab:0, Turf Slab
quark:framed_glass, tile.framed_glass.name
quark:framed_glass_pane, tile.framed_glass_pane.name
quark:polished_netherrack:0, Netherwrought Stone
quark:polished_netherrack:1, Netherwrought Bricks
quark:polished_netherrack_bricks_stairs, tile.polished_netherrack_bricks_stairs.name
quark:polished_netherrack_bricks_slab:0, Netherwrought Brick Slab
quark:polished_netherrack_bricks_wall, tile.polished_netherrack_bricks_wall.name
quark:trowel, item.trowel.name
quark:quilted_wool:0, White Quilted Wool
quark:quilted_wool:1, Orange Quilted Wool
quark:quilted_wool:2, Magenta Quilted Wool
quark:quilted_wool:3, Light Blue Quilted Wool
quark:quilted_wool:4, Yellow Quilted Wool
quark:quilted_wool:5, Lime Quilted Wool
quark:quilted_wool:6, Pink Quilted Wool
quark:quilted_wool:7, Gray Quilted Wool
quark:quilted_wool:8, Light Gray Quilted Wool
quark:quilted_wool:9, Cyan Quilted Wool
quark:quilted_wool:10, Purple Quilted Wool
quark:quilted_wool:11, Blue Quilted Wool
quark:quilted_wool:12, Brown Quilted Wool
quark:quilted_wool:13, Green Quilted Wool
quark:quilted_wool:14, Red Quilted Wool
quark:quilted_wool:15, Black Quilted Wool
bibliocraft:bookcase:0, Oak Bookcase
bibliocraft:bookcase:1, Spruce Bookcase
bibliocraft:bookcase:2, Birch Bookcase
bibliocraft:bookcase:3, Jungle Bookcase
bibliocraft:bookcase:4, Acacia Bookcase
bibliocraft:bookcase:5, Dark Oak Bookcase
bibliocraft:bookcase:6, Framed Bookcase
bibliocraft:bookcasecreative:0, Oak Creative Bookcase
bibliocraft:bookcasecreative:1, Spruce Creative Bookcase
bibliocraft:bookcasecreative:2, Birch Creative Bookcase
bibliocraft:bookcasecreative:3, Jungle Creative Bookcase
bibliocraft:bookcasecreative:4, Acacia Creative Bookcase
bibliocraft:bookcasecreative:5, Dark Oak Creative Bookcase
bibliocraft:bookcasecreative:6, Framed Creative Bookcase
bibliocraft:shelf:0, Oak Shelf
bibliocraft:shelf:1, Spruce Shelf
bibliocraft:shelf:2, Birch Shelf
bibliocraft:shelf:3, Jungle Shelf
bibliocraft:shelf:4, Acacia Shelf
bibliocraft:shelf:5, Dark Oak Shelf
bibliocraft:shelf:6, Framed Shelf
bibliocraft:markerpole, tile.BiblioCraft:MarkerPole.name
bibliocraft:clipboard, tile.BiblioCraft:Clipboard.name
bibliocraft:lanterngold:0, Fancy Lantern
bibliocraft:lanterngold:1, Fancy Lantern
bibliocraft:lanterngold:2, Fancy Lantern
bibliocraft:lanterngold:3, Fancy Lantern
bibliocraft:lanterngold:4, Fancy Lantern
bibliocraft:lanterngold:5, Fancy Lantern
bibliocraft:lanterngold:6, Fancy Lantern
bibliocraft:lanterngold:7, Fancy Lantern
bibliocraft:lanterngold:8, Fancy Lantern
bibliocraft:lanterngold:9, Fancy Lantern
bibliocraft:lanterngold:10, Fancy Lantern
bibliocraft:lanterngold:11, Fancy Lantern
bibliocraft:lanterngold:12, Fancy Lantern
bibliocraft:lanterngold:13, Fancy Lantern
bibliocraft:lanterngold:14, Fancy Lantern
bibliocraft:lanterngold:15, Fancy Lantern
bibliocraft:lanterniron:0, Fancy Lantern
bibliocraft:lanterniron:1, Fancy Lantern
bibliocraft:lanterniron:2, Fancy Lantern
bibliocraft:lanterniron:3, Fancy Lantern
bibliocraft:lanterniron:4, Fancy Lantern
bibliocraft:lanterniron:5, Fancy Lantern
bibliocraft:lanterniron:6, Fancy Lantern
bibliocraft:lanterniron:7, Fancy Lantern
bibliocraft:lanterniron:8, Fancy Lantern
bibliocraft:lanterniron:9, Fancy Lantern
bibliocraft:lanterniron:10, Fancy Lantern
bibliocraft:lanterniron:11, Fancy Lantern
bibliocraft:lanterniron:12, Fancy Lantern
bibliocraft:lanterniron:13, Fancy Lantern
bibliocraft:lanterniron:14, Fancy Lantern
bibliocraft:lanterniron:15, Fancy Lantern
bibliocraft:lampgold:0, Fancy Lamp
bibliocraft:lampgold:1, Fancy Lamp
bibliocraft:lampgold:2, Fancy Lamp
bibliocraft:lampgold:3, Fancy Lamp
bibliocraft:lampgold:4, Fancy Lamp
bibliocraft:lampgold:5, Fancy Lamp
bibliocraft:lampgold:6, Fancy Lamp
bibliocraft:lampgold:7, Fancy Lamp
bibliocraft:lampgold:8, Fancy Lamp
bibliocraft:lampgold:9, Fancy Lamp
bibliocraft:lampgold:10, Fancy Lamp
bibliocraft:lampgold:11, Fancy Lamp
bibliocraft:lampgold:12, Fancy Lamp
bibliocraft:lampgold:13, Fancy Lamp
bibliocraft:lampgold:14, Fancy Lamp
bibliocraft:lampgold:15, Fancy Lamp
bibliocraft:lampiron:0, Fancy Lamp
bibliocraft:lampiron:1, Fancy Lamp
bibliocraft:lampiron:2, Fancy Lamp
bibliocraft:lampiron:3, Fancy Lamp
bibliocraft:lampiron:4, Fancy Lamp
bibliocraft:lampiron:5, Fancy Lamp
bibliocraft:lampiron:6, Fancy Lamp
bibliocraft:lampiron:7, Fancy Lamp
bibliocraft:lampiron:8, Fancy Lamp
bibliocraft:lampiron:9, Fancy Lamp
bibliocraft:lampiron:10, Fancy Lamp
bibliocraft:lampiron:11, Fancy Lamp
bibliocraft:lampiron:12, Fancy Lamp
bibliocraft:lampiron:13, Fancy Lamp
bibliocraft:lampiron:14, Fancy Lamp
bibliocraft:lampiron:15, Fancy Lamp
bibliocraft:furniturepaneler:0, Oak Furniture Paneler
bibliocraft:furniturepaneler:1, Spruce Furniture Paneler
bibliocraft:furniturepaneler:2, Birch Furniture Paneler
bibliocraft:furniturepaneler:3, Jungle Furniture Paneler
bibliocraft:furniturepaneler:4, Acacia Furniture Paneler
bibliocraft:furniturepaneler:5, Dark Oak Furniture Paneler
bibliocraft:furniturepaneler:6, Framed Furniture Paneler
bibliocraft:framedchest:0, Oak Framed Chest
bibliocraft:framedchest:1, Spruce Framed Chest
bibliocraft:framedchest:2, Birch Framed Chest
bibliocraft:framedchest:3, Jungle Framed Chest
bibliocraft:framedchest:4, Acacia Framed Chest
bibliocraft:framedchest:5, Dark Oak Framed Chest
bibliocraft:framedchest:6, Framed Framed Chest
bibliocraft:fancysign:0, Oak Fancy Sign
bibliocraft:fancysign:1, Spruce Fancy Sign
bibliocraft:fancysign:2, Birch Fancy Sign
bibliocraft:fancysign:3, Jungle Fancy Sign
bibliocraft:fancysign:4, Acacia Fancy Sign
bibliocraft:fancysign:5, Dark Oak Fancy Sign
bibliocraft:fancysign:6, Framed Fancy Sign
bibliocraft:fancyworkbench:0, Oak Fancy Workbench
bibliocraft:fancyworkbench:1, Spruce Fancy Workbench
bibliocraft:fancyworkbench:2, Birch Fancy Workbench
bibliocraft:fancyworkbench:3, Jungle Fancy Workbench
bibliocraft:fancyworkbench:4, Acacia Fancy Workbench
bibliocraft:fancyworkbench:5, Dark Oak Workbench
bibliocraft:fancyworkbench:6, Framed Fancy Workbench
bibliocraft:potionshelf:0, Oak Potion Shelf
bibliocraft:potionshelf:1, Spruce Potion Shelf
bibliocraft:potionshelf:2, Birch Potion Shelf
bibliocraft:potionshelf:3, Jungle Potion Shelf
bibliocraft:potionshelf:4, Acacia Potion Shelf
bibliocraft:potionshelf:5, Dark Oak Potion Shelf
bibliocraft:potionshelf:6, Framed Potion Shelf
bibliocraft:toolrack:0, Oak Tool Rack
bibliocraft:toolrack:1, Spruce Tool Rack
bibliocraft:toolrack:2, Birch Tool Rack
bibliocraft:toolrack:3, Jungle Tool Rack
bibliocraft:toolrack:4, Acacia Tool Rack
bibliocraft:toolrack:5, Dark Oak Tool Rack
bibliocraft:toolrack:6, Framed Tool Rack
bibliocraft:label:0, Oak Wood Label
bibliocraft:label:1, Spruce Wood Label
bibliocraft:label:2, Birch Wood Label
bibliocraft:label:3, Jungle Wood Label
bibliocraft:label:4, Acacia Label
bibliocraft:label:5, Dark Oak Label
bibliocraft:label:6, Framed Label
bibliocraft:desk:0, Oak Desk
bibliocraft:desk:1, Spruce Desk
bibliocraft:desk:2, Birch Desk
bibliocraft:desk:3, Jungle Desk
bibliocraft:desk:4, Acacia Desk
bibliocraft:desk:5, Dark Oak Desk
bibliocraft:desk:6, Framed Desk
bibliocraft:table:0, Oak Table
bibliocraft:table:1, Spruce Table
bibliocraft:table:2, Birch Table
bibliocraft:table:3, Jungle Table
bibliocraft:table:4, Acacia Table
bibliocraft:table:5, Dark Oak Table
bibliocraft:table:6, Framed Table
bibliocraft:seat:0, Oak Seat
bibliocraft:seat:1, Spruce Seat
bibliocraft:seat:2, Birch Seat
bibliocraft:seat:3, Jungle Seat
bibliocraft:seat:4, Acacia Seat
bibliocraft:seat:5, Dark Oak Seat
bibliocraft:seat:6, Framed Seat
bibliocraft:clock:0, Oak Clock
bibliocraft:clock:1, Spruce Clock
bibliocraft:clock:2, Birch Clock
bibliocraft:clock:3, Jungle Clock
bibliocraft:clock:4, Acacia Clock
bibliocraft:clock:5, Dark Oak Clock
bibliocraft:clock:6, Framed Clock
bibliocraft:case:0, Oak Case
bibliocraft:case:1, Spruce Case
bibliocraft:case:2, Birch Case
bibliocraft:case:3, Jungle Case
bibliocraft:case:4, Acacia Case
bibliocraft:case:5, Dark Oak Case
bibliocraft:case:6, Framed Case
bibliocraft:mapframe:0, Oak Map Frame
bibliocraft:mapframe:1, Spruce Map Frame
bibliocraft:mapframe:2, Birch Map Frame
bibliocraft:mapframe:3, Jungle Map Frame
bibliocraft:mapframe:4, Acacia Map Frame
bibliocraft:mapframe:5, Dark Oak Map Frame
bibliocraft:mapframe:6, Framed Map Frame
bibliocraft:paintingframeflat:0, Oak Painting Frame
bibliocraft:paintingframeflat:1, Spruce Painting Frame
bibliocraft:paintingframeflat:2, Birch Painting Frame
bibliocraft:paintingframeflat:3, Jungle Painting Frame
bibliocraft:paintingframeflat:4, Acacia Painting Frame
bibliocraft:paintingframeflat:5, Dark Oak Painting Frame
bibliocraft:paintingframeflat:6, Framed Painting Frame
bibliocraft:paintingframesimple:0, Oak Painting Frame
bibliocraft:paintingframesimple:1, Spruce Painting Frame
bibliocraft:paintingframesimple:2, Birch Painting Frame
bibliocraft:paintingframesimple:3, Jungle Painting Frame
bibliocraft:paintingframesimple:4, Acacia Painting Frame
bibliocraft:paintingframesimple:5, Dark Oak Painting Frame
bibliocraft:paintingframesimple:6, Framed Painting Frame
bibliocraft:paintingframemiddle:0, Oak Painting Frame
bibliocraft:paintingframemiddle:1, Spruce Painting Frame
bibliocraft:paintingframemiddle:2, Birch Painting Frame
bibliocraft:paintingframemiddle:3, Jungle Painting Frame
bibliocraft:paintingframemiddle:4, Acacia Painting Frame
bibliocraft:paintingframemiddle:5, Dark Oak Painting Frame
bibliocraft:paintingframemiddle:6, Framed Painting Frame
bibliocraft:paintingframefancy:0, Oak Painting Frame
bibliocraft:paintingframefancy:1, Spruce Painting Frame
bibliocraft:paintingframefancy:2, Birch Painting Frame
bibliocraft:paintingframefancy:3, Jungle Painting Frame
bibliocraft:paintingframefancy:4, Acacia Painting Frame
bibliocraft:paintingframefancy:5, Dark Oak Painting Frame
bibliocraft:paintingframefancy:6, Framed Painting Frame
bibliocraft:paintingframeborderless:0, Oak Painting Frame
bibliocraft:paintingframeborderless:1, Spruce Painting Frame
bibliocraft:paintingframeborderless:2, Birch Painting Frame
bibliocraft:paintingframeborderless:3, Jungle Painting Frame
bibliocraft:paintingframeborderless:4, Acacia Painting Frame
bibliocraft:paintingframeborderless:5, Dark Oak Painting Frame
bibliocraft:paintingframeborderless:6, Framed Painting Frame
bibliocraft:paintingpress, Painting Press
bibliocraft:typewriter:0, White Typewriter
bibliocraft:typewriter:1, Light Gray Typewriter
bibliocraft:typewriter:2, Gray Typewriter
bibliocraft:typewriter:3, Black Typewriter
bibliocraft:typewriter:4, Red Typewriter
bibliocraft:typewriter:5, Orange Typewriter
bibliocraft:typewriter:6, Yellow Typewriter
bibliocraft:typewriter:7, Lime Typewriter
bibliocraft:typewriter:8, Green Typewriter
bibliocraft:typewriter:9, Cyan Typewriter
bibliocraft:typewriter:10, Light Blue Typewriter
bibliocraft:typewriter:11, Blue Typewriter
bibliocraft:typewriter:12, Purple Typewriter
bibliocraft:typewriter:13, Magenta Typewriter
bibliocraft:typewriter:14, Pink Typewriter
bibliocraft:typewriter:15, Brown Typewriter
bibliocraft:swordpedestal:0, Sword Pedestal
bibliocraft:swordpedestal:1, Sword Pedestal
bibliocraft:swordpedestal:2, Sword Pedestal
bibliocraft:swordpedestal:3, Sword Pedestal
bibliocraft:swordpedestal:4, Sword Pedestal
bibliocraft:swordpedestal:5, Sword Pedestal
bibliocraft:swordpedestal:6, Sword Pedestal
bibliocraft:swordpedestal:7, Sword Pedestal
bibliocraft:swordpedestal:8, Sword Pedestal
bibliocraft:swordpedestal:9, Sword Pedestal
bibliocraft:swordpedestal:10, Sword Pedestal
bibliocraft:swordpedestal:11, Sword Pedestal
bibliocraft:swordpedestal:12, Sword Pedestal
bibliocraft:swordpedestal:13, Sword Pedestal
bibliocraft:swordpedestal:14, Sword Pedestal
bibliocraft:swordpedestal:15, Sword Pedestal
bibliocraft:armorstand:0, Oak Armor Stand
bibliocraft:armorstand:1, Spruce Armor Stand
bibliocraft:armorstand:2, Birch Armor Stand
bibliocraft:armorstand:3, Jungle Armor Stand
bibliocraft:armorstand:4, Acacia Armor Stand
bibliocraft:armorstand:5, Dark Oak Armor Stand
bibliocraft:armorstand:6, Framed Armor Stand
bibliocraft:bell, Desk Bell
bibliocraft:typesettingtable, Typesetting Table
bibliocraft:printingpress, Printing Press
bibliocraft:cookiejar, Cookie Jar
bibliocraft:dinnerplate, Dinner Plate
bibliocraft:discrack, Disc Rack
bibliocraft:compass, Compass
bibliocraft:maptool, Drafting Compass
bibliocraft:seatback1:0, Oak Seat Back
bibliocraft:seatback1:1, Spruce Seat Back
bibliocraft:seatback1:2, Birch Seat Back
bibliocraft:seatback1:3, Jungle Seat Back
bibliocraft:seatback1:4, Acacia Seat Back
bibliocraft:seatback1:5, Dark Oak Seat Back
bibliocraft:seatback1:6, Framed Seat Back
bibliocraft:seatback2:0, Oak Seat Back
bibliocraft:seatback2:1, Spruce Seat Back
bibliocraft:seatback2:2, Birch Seat Back
bibliocraft:seatback2:3, Jungle Seat Back
bibliocraft:seatback2:4, Acacia Seat Back
bibliocraft:seatback2:5, Dark Oak Seat Back
bibliocraft:seatback2:6, Framed Seat Back
bibliocraft:seatback3:0, Oak Seat Back
bibliocraft:seatback3:1, Spruce Seat Back
bibliocraft:seatback3:2, Birch Seat Back
bibliocraft:seatback3:3, Jungle Seat Back
bibliocraft:seatback3:4, Acacia Seat Back
bibliocraft:seatback3:5, Dark Oak Seat Back
bibliocraft:seatback3:6, Framed Seat Back
bibliocraft:seatback4:0, Oak Seat Back
bibliocraft:seatback4:1, Spruce Seat Back
bibliocraft:seatback4:2, Birch Seat Back
bibliocraft:seatback4:3, Jungle Seat Back
bibliocraft:seatback4:4, Acacia Seat Back
bibliocraft:seatback4:5, Dark Oak Seat Back
bibliocraft:seatback4:6, Framed Seat Back
bibliocraft:seatback5:0, Oak Seat Back
bibliocraft:seatback5:1, Spruce Seat Back
bibliocraft:seatback5:2, Birch Seat Back
bibliocraft:seatback5:3, Jungle Seat Back
bibliocraft:seatback5:4, Acacia Seat Back
bibliocraft:seatback5:5, Dark Oak Seat Back
bibliocraft:seatback5:6, Framed Seat Back
bibliocraft:stockroomcatalog, Stockroom Catalog
bibliocraft:plumbline, Plumb line
bibliocraft:framingsaw, Framing Saw
bibliocraft:framingboard, Framing Board
bibliocraft:framingsheet, Framing Sheet
bibliocraft:testeritem, ItemStack Name Tester
bibliocraft:atlasbook:0, Atlas
bibliocraft:atlasplate, Atlas Plate
bibliocraft:deathcompass, Eternal Compass
bibliocraft:paintingcanvas, Painting Canvas
bibliocraft:bigbook, Big Writing Book
bibliocraft:recipebook, Empty Recipe Book
bibliocraft:slottedbook, Slotted Book
bibliocraft:handdrill, Hand Drill
bibliocraft:tapemeasure, Tape Measure
bibliocraft:tape, Tape Measure Reel
bibliocraft:bibliochase, Print Press Chase
bibliocraft:printplate, Print Press Plate
bibliocraft:enchantedplate, Enchanted Plate
bibliocraft:biblioredbook, Redstone: Volume I
bibliocraft:biblioglasses:0, Reading Glasses
bibliocraft:biblioglasses:1, Tinted Glasses
bibliocraft:biblioglasses:2, Monocle
bibliocraft:bibliodrill, Screw Gun
bibliocraft:bibliocreativelock, Lock and Key
bibliocraft:biblioclipboard, Clipboard
botania:livingwood0stairs, tile.livingwood0Stairs.name
botania:livingwood0slab:0, Livingwood Slab
botania:livingwood0wall, tile.livingwood0Wall.name
botania:livingwood1stairs, tile.livingwood1Stairs.name
botania:livingwood1slab:0, Livingwood Plank Slab
botania:livingrock0stairs, tile.livingrock0Stairs.name
botania:livingrock0slab:0, Livingrock Slab
botania:livingrock0wall, tile.livingrock0Wall.name
botania:livingrock1stairs, tile.livingrock1Stairs.name
botania:livingrock1slab:0, Livingrock Brick Slab
botania:dreamwood0stairs, tile.dreamwood0Stairs.name
botania:dreamwood0slab:0, Dreamwood Slab
botania:dreamwood0wall, tile.dreamwood0Wall.name
botania:dreamwood1stairs, tile.dreamwood1Stairs.name
botania:dreamwood1slab:0, Dreamwood Plank Slab
botania:quartztypedark:0, Block of Smokey Quartz
botania:quartztypedark:1, Chiseled Smokey Quartz Block
botania:quartztypedark:2, Pillar Smokey Quartz Block
botania:quartzslabdarkhalf:0, Smokey Quartz Slab
botania:quartzstairsdark, tile.quartzStairsDark.name
botania:quartztypemana:0, Block of Mana Quartz
botania:quartztypemana:1, Chiseled Mana Quartz Block
botania:quartztypemana:2, Pillar Mana Quartz Block
botania:quartzslabmanahalf:0, Mana Quartz Slab
botania:quartzstairsmana, tile.quartzStairsMana.name
botania:quartztypeblaze:0, Block of Blaze Quartz
botania:quartztypeblaze:1, Chiseled Blaze Quartz Block
botania:quartztypeblaze:2, Pillar Blaze Quartz Block
botania:quartzslabblazehalf:0, Blaze Quartz Slab
botania:quartzstairsblaze, tile.quartzStairsBlaze.name
botania:quartztypelavender:0, Block of Lavender Quartz
botania:quartztypelavender:1, Chiseled Lavender Quartz Block
botania:quartztypelavender:2, Pillar Lavender Quartz Block
botania:quartzslablavenderhalf:0, Lavender Quartz Slab
botania:quartzstairslavender, tile.quartzStairsLavender.name
botania:quartztypered:0, Block of Redquartz
botania:quartztypered:1, Chiseled Redquartz Block
botania:quartztypered:2, Pillar Redquartz Block
botania:quartzslabredhalf:0, Redquartz Slab
botania:quartzstairsred, tile.quartzStairsRed.name
botania:quartztypeelf:0, Block of Elven Quartz
botania:quartztypeelf:1, Chiseled Elven Quartz Block
botania:quartztypeelf:2, Pillar Elven Quartz Block
botania:quartzslabelfhalf:0, Elven Quartz Slab
botania:quartzstairself, tile.quartzStairsElf.name
botania:quartztypesunny:0, Block of Sunny Quartz
botania:quartztypesunny:1, Chiseled Sunny Quartz Block
botania:quartztypesunny:2, Pillar Sunny Quartz Block
botania:quartzslabsunnyhalf:0, Sunny Quartz Slab
botania:quartzstairssunny, tile.quartzStairsSunny.name
botania:biomestonea:0, Metamorphic Forest Stone
botania:biomestonea:1, Metamorphic Plains Stone
botania:biomestonea:2, Metamorphic Mountain Stone
botania:biomestonea:3, Metamorphic Fungal Stone
botania:biomestonea:4, Metamorphic Swamp Stone
botania:biomestonea:5, Metamorphic Desert Stone
botania:biomestonea:6, Metamorphic Taiga Stone
botania:biomestonea:7, Metamorphic Mesa Stone
botania:biomestonea:8, Metamorphic Forest Cobblestone
botania:biomestonea:9, Metamorphic Plains Cobblestone
botania:biomestonea:10, Metamorphic Mountain Cobblestone
botania:biomestonea:11, Metamorphic Fungal Cobblestone
botania:biomestonea:12, Metamorphic Swamp Cobblestone
botania:biomestonea:13, Metamorphic Desert Cobblestone
botania:biomestonea:14, Metamorphic Taiga Cobblestone
botania:biomestonea:15, Metamorphic Mesa Cobblestone
botania:biomestoneb:0, Metamorphic Forest Stone Bricks
botania:biomestoneb:1, Metamorphic Plains Stone Bricks
botania:biomestoneb:2, Metamorphic Mountain Stone Bricks
botania:biomestoneb:3, Metamorphic Fungal Stone Bricks
botania:biomestoneb:4, Metamorphic Swamp Stone Bricks
botania:biomestoneb:5, Metamorphic Desert Stone Bricks
botania:biomestoneb:6, Metamorphic Taiga Stone Bricks
botania:biomestoneb:7, Metamorphic Mesa Stone Bricks
botania:biomestoneb:8, Chiseled Metamorphic Forest Stone Brick
botania:biomestoneb:9, Chiseled Metamorphic Plains Stone Brick
botania:biomestoneb:10, Chiseled Metamorphic Mountain Stone Brick
botania:biomestoneb:11, Chiseled Metamorphic Fungal Stone Brick
botania:biomestoneb:12, Chiseled Metamorphic Swamp Stone Brick
botania:biomestoneb:13, Chiseled Metamorphic Desert Stone Brick
botania:biomestoneb:14, Chiseled Metamorphic Taiga Stone Brick
botania:biomestoneb:15, Chiseled Metamorphic Mesa Stone Brick
botania:pavement:0, White Portuguese Pavement
botania:pavement:1, Black Portuguese Pavement
botania:pavement:2, Blue Portuguese Pavement
botania:pavement:3, Red Portuguese Pavement
botania:pavement:4, Yellow Portuguese Pavement
botania:pavement:5, Green Portuguese Pavement
botania:biomestonea0stairs, tile.biomeStoneA0Stairs.name
botania:biomestonea0slab:0, Metamorphic Forest Stone Slab
botania:biomestonea1stairs, tile.biomeStoneA1Stairs.name
botania:biomestonea1slab:0, Metamorphic Plains Stone Slab
botania:biomestonea2stairs, tile.biomeStoneA2Stairs.name
botania:biomestonea2slab:0, Metamorphic Mountain Stone Slab
botania:biomestonea3stairs, tile.biomeStoneA3Stairs.name
botania:biomestonea3slab:0, Metamorphic Fungal Stone Slab
botania:biomestonea4stairs, tile.biomeStoneA4Stairs.name
botania:biomestonea4slab:0, Metamorphic Swamp Stone Slab
botania:biomestonea5stairs, tile.biomeStoneA5Stairs.name
botania:biomestonea5slab:0, Metamorphic Desert Stone Slab
botania:biomestonea6stairs, tile.biomeStoneA6Stairs.name
botania:biomestonea6slab:0, Metamorphic Taiga Stone Slab
botania:biomestonea7stairs, tile.biomeStoneA7Stairs.name
botania:biomestonea7slab:0, Metamorphic Mesa Stone Slab
botania:biomestonea8stairs, tile.biomeStoneA8Stairs.name
botania:biomestonea8slab:0, Metamorphic Forest Cobblestone Slab
botania:biomestonea9stairs, tile.biomeStoneA9Stairs.name
botania:biomestonea9slab:0, Metamorphic Plains Cobblestone Slab
botania:biomestonea10stairs, tile.biomeStoneA10Stairs.name
botania:biomestonea10slab:0, Metamorphic Mountain Cobblestone Slab
botania:biomestonea11stairs, tile.biomeStoneA11Stairs.name
botania:biomestonea11slab:0, Metamorphic Fungal Cobblestone Slab
botania:biomestonea12stairs, tile.biomeStoneA12Stairs.name
botania:biomestonea12slab:0, Metamorphic Swamp Cobblestone Slab
botania:biomestonea13stairs, tile.biomeStoneA13Stairs.name
botania:biomestonea13slab:0, Metamorphic Desert Cobblestone Slab
botania:biomestonea14stairs, tile.biomeStoneA14Stairs.name
botania:biomestonea14slab:0, Metamorphic Taiga Cobblestone Slab
botania:biomestonea15stairs, tile.biomeStoneA15Stairs.name
botania:biomestonea15slab:0, Metamorphic Mesa Cobblestone Slab
botania:biomestoneb0stairs, tile.biomeStoneB0Stairs.name
botania:biomestoneb0slab:0, Metamorphic Forest Stone Brick Slab
botania:biomestoneb1stairs, tile.biomeStoneB1Stairs.name
botania:biomestoneb1slab:0, Metamorphic Plains Stone Brick Slab
botania:biomestoneb2stairs, tile.biomeStoneB2Stairs.name
botania:biomestoneb2slab:0, Metamorphic Mountain Stone Brick Slab
botania:biomestoneb3stairs, tile.biomeStoneB3Stairs.name
botania:biomestoneb3slab:0, Metamorphic Fungal Stone Brick Slab
botania:biomestoneb4stairs, tile.biomeStoneB4Stairs.name
botania:biomestoneb4slab:0, Metamorphic Swamp Stone Brick Slab
botania:biomestoneb5stairs, tile.biomeStoneB5Stairs.name
botania:biomestoneb5slab:0, Metamorphic Desert Stone Brick Slab
botania:biomestoneb6stairs, tile.biomeStoneB6Stairs.name
botania:biomestoneb6slab:0, Metamorphic Taiga Stone Brick Slab
botania:biomestoneb7stairs, tile.biomeStoneB7Stairs.name
botania:biomestoneb7slab:0, Metamorphic Mesa Stone Bricks Slab
botania:biomestonea0wall:0, Metamorphic Forest Cobblestone Wall
botania:biomestonea0wall:1, Metamorphic Plains Cobblestone Wall
botania:biomestonea0wall:2, Metamorphic Mountain Cobblestone Wall
botania:biomestonea0wall:3, Metamorphic Fungal Cobblestone Wall
botania:biomestonea0wall:4, Metamorphic Swamp Cobblestone Wall
botania:biomestonea0wall:5, Metamorphic Desert Cobblestone Wall
botania:biomestonea0wall:6, Metamorphic Taiga Cobblestone Wall
botania:biomestonea0wall:7, Metamorphic Mesa Cobblestone Wall
botania:pavement0stairs, tile.pavement0Stairs.name
botania:pavement0slab:0, White Portuguese Pavement Slab
botania:pavement1stairs, tile.pavement1Stairs.name
botania:pavement1slab:0, Black Portuguese Pavement Slab
botania:pavement2stairs, tile.pavement2Stairs.name
botania:pavement2slab:0, Blue Portuguese Pavement Slab
botania:pavement3stairs, tile.pavement3Stairs.name
botania:pavement3slab:0, Red Portuguese Pavement Slab
botania:pavement4stairs, tile.pavement4Stairs.name
botania:pavement4slab:0, Yellow Portuguese Pavement Slab
botania:pavement5stairs, tile.pavement5Stairs.name
botania:pavement5slab:0, Green Portuguese Pavement Slab
botania:shimmerrock0slab:0, Shimmerrock Slab
botania:shimmerrock0stairs, tile.shimmerrock0Stairs.name
botania:shimmerwoodplanks0slab:0, Shimmerwood Plank Slab
botania:shimmerwoodplanks0stairs, tile.shimmerwoodPlanks0Stairs.name
botania:managlasspane, tile.manaGlassPane.name
botania:elfglasspane, tile.elfGlassPane.name
botania:bifrostpermpane, tile.bifrostPermPane.name
botania:flower:0, Mystical White Flower
botania:flower:1, Mystical Orange Flower
botania:flower:2, Mystical Magenta Flower
botania:flower:3, Mystical Light Blue Flower
botania:flower:4, Mystical Yellow Flower
botania:flower:5, Mystical Lime Flower
botania:flower:6, Mystical Pink Flower
botania:flower:7, Mystical Gray Flower
botania:flower:8, Mystical Light Gray Flower
botania:flower:9, Mystical Cyan Flower
botania:flower:10, Mystical Purple Flower
botania:flower:11, Mystical Blue Flower
botania:flower:12, Mystical Brown Flower
botania:flower:13, Mystical Green Flower
botania:flower:14, Mystical Red Flower
botania:flower:15, Mystical Black Flower
botania:altar:0, Petal Apothecary
botania:altar:1, Forest Petal Apothecary
botania:altar:2, Plains Petal Apothecary
botania:altar:3, Mountain Petal Apothecary
botania:altar:4, Fungal Petal Apothecary
botania:altar:5, Swamp Petal Apothecary
botania:altar:6, Desert Petal Apothecary
botania:altar:7, Taiga Petal Apothecary
botania:altar:8, Mesa Petal Apothecary
botania:livingrock:0, Livingrock
botania:livingrock:1, Livingrock Brick
botania:livingrock:2, Mossy Livingrock Brick
botania:livingrock:3, Cracked Livingrock Brick
botania:livingrock:4, Chiseled Livingrock Brick
botania:livingwood:0, Livingwood
botania:livingwood:1, Livingwood Planks
botania:livingwood:2, Mossy Livingwood Planks
botania:livingwood:3, Framed Livingwood
botania:livingwood:4, Pattern Framed Livingwood
botania:livingwood:5, Glimmering Livingwood
botania:specialflower:0, Pure Daisy
botania:specialflower:0, Manastar
botania:specialflower:0, Endoflame
botania:specialflower:0, Hydroangeas
botania:specialflower:0, Thermalily
botania:specialflower:0, Rosa Arcana
botania:specialflower:0, Munchdew
botania:specialflower:0, Entropinnyum
botania:specialflower:0, Kekimurus
botania:specialflower:0, Gourmaryllis
botania:specialflower:0, Narslimmus
botania:specialflower:0, Spectrolus
botania:specialflower:0, Rafflowsia
botania:specialflower:0, Shulk Me Not
botania:specialflower:0, Dandelifeon
botania:specialflower:0, Jaded Amaranthus
botania:specialflower:0, Bellethorne
botania:specialflower:0, Bellethorne Petite
botania:specialflower:0, Dreadthorne
botania:specialflower:0, Heisei Dream
botania:specialflower:0, Tigerseye
botania:specialflower:0, Marimorphosis
botania:specialflower:0, Marimorphosis Petite
botania:specialflower:0, Orechid
botania:specialflower:0, Orechid Ignem
botania:specialflower:0, Fallen Kanade
botania:specialflower:0, Exoflame
botania:specialflower:0, Agricarnation
botania:specialflower:0, Agricarnation Petite
botania:specialflower:0, Hopperhock
botania:specialflower:0, Hopperhock Petite
botania:specialflower:0, Rannuncarpus
botania:specialflower:0, Rannuncarpus Petite
botania:specialflower:0, Tangleberrie
botania:specialflower:0, Jiyuulia
botania:specialflower:0, Hyacidus
botania:specialflower:0, Medumone
botania:specialflower:0, Pollidisiac
botania:specialflower:0, Clayconia
botania:specialflower:0, Clayconia Petite
botania:specialflower:0, Loonium
botania:specialflower:0, Daffomill
botania:specialflower:0, Vinculotus
botania:specialflower:0, Spectranthemum
botania:specialflower:0, Bubbell
botania:specialflower:0, Bubbell Petite
botania:specialflower:0, Solegnolia
botania:specialflower:0, Solegnolia Petite
botania:specialflower:0, Bergamute
botania:spreader:0, Mana Spreader
botania:spreader:1, Pulse Mana Spreader
botania:spreader:2, Elven Mana Spreader
botania:spreader:3, Gaia Mana Spreader
botania:pool:0, Mana Pool
botania:pool:2, Diluted Mana Pool
botania:pool:3, Fabulous Mana Pool
botania:pool:1, The Everlasting Guilty Pool
botania:runealtar, tile.runeAltar.name
botania:pylon:0, Mana Pylon
botania:pylon:1, Natura Pylon
botania:pylon:2, Gaia Pylon
botania:pistonrelay, tile.pistonRelay.name
botania:distributor, tile.distributor.name
botania:manavoid, tile.manaVoid.name
botania:manadetector, tile.manaDetector.name
botania:enchanter, tile.enchanter.name
botania:turntable, tile.turntable.name
botania:tinyplanetblock, tile.tinyPlanetBlock.name
botania:alchemycatalyst, tile.alchemyCatalyst.name
botania:opencrate:0, Open Crate
botania:opencrate:1, Crafty Crate
botania:foresteye, tile.forestEye.name
botania:storage:0, Block of Manasteel
botania:storage:1, Block of Terrasteel
botania:storage:2, Block of Elementium
botania:storage:3, Block of Mana Diamond
botania:storage:4, Block of Dragonstone
botania:forestdrum:0, Drum of the Wild
botania:forestdrum:1, Drum of the Gathering
botania:forestdrum:2, Drum of the Canopy
botania:shinyflower:0, Glimmering White Flower
botania:shinyflower:1, Glimmering Orange Flower
botania:shinyflower:2, Glimmering Magenta Flower
botania:shinyflower:3, Glimmering Light Blue Flower
botania:shinyflower:4, Glimmering Yellow Flower
botania:shinyflower:5, Glimmering Lime Flower
botania:shinyflower:6, Glimmering Pink Flower
botania:shinyflower:7, Glimmering Gray Flower
botania:shinyflower:8, Glimmering Light Gray Flower
botania:shinyflower:9, Glimmering Cyan Flower
botania:shinyflower:10, Glimmering Purple Flower
botania:shinyflower:11, Glimmering Blue Flower
botania:shinyflower:12, Glimmering Brown Flower
botania:shinyflower:13, Glimmering Green Flower
botania:shinyflower:14, Glimmering Red Flower
botania:shinyflower:15, Glimmering Black Flower
botania:platform:0, Abstruse Platform
botania:platform:1, Spectral Platform
botania:platform:2, Infrangible Platform
botania:alfheimportal, tile.alfheimPortal.name
botania:dreamwood:0, Dreamwood
botania:dreamwood:1, Dreamwood Planks
botania:dreamwood:2, Mossy Dreamwood Planks
botania:dreamwood:3, Framed Dreamwood
botania:dreamwood:4, Pattern Framed Dreamwood
botania:dreamwood:5, Glimmering Dreamwood
botania:conjurationcatalyst, tile.conjurationCatalyst.name
botania:bifrost, tile.bifrost.name
botania:miniisland:0, Floating White Flower
botania:miniisland:1, Floating Orange Flower
botania:miniisland:2, Floating Magenta Flower
botania:miniisland:3, Floating Light Blue Flower
botania:miniisland:4, Floating Yellow Flower
botania:miniisland:5, Floating Lime Flower
botania:miniisland:6, Floating Pink Flower
botania:miniisland:7, Floating Gray Flower
botania:miniisland:8, Floating Light Gray Flower
botania:miniisland:9, Floating Cyan Flower
botania:miniisland:10, Floating Purple Flower
botania:miniisland:11, Floating Blue Flower
botania:miniisland:12, Floating Brown Flower
botania:miniisland:13, Floating Green Flower
botania:miniisland:14, Floating Red Flower
botania:miniisland:15, Floating Black Flower
botania:tinypotato, tile.tinyPotato.name
botania:spawnerclaw, tile.spawnerClaw.name
botania:custombrick:0, Azulejo
botania:custombrick:1, Azulejo
botania:custombrick:2, Azulejo
botania:custombrick:3, Azulejo
botania:custombrick:4, Azulejo
botania:custombrick:5, Azulejo
botania:custombrick:6, Azulejo
botania:custombrick:7, Azulejo
botania:custombrick:8, Azulejo
botania:custombrick:9, Azulejo
botania:custombrick:10, Azulejo
botania:custombrick:11, Azulejo
botania:custombrick:12, Azulejo
botania:custombrick:13, Azulejo
botania:custombrick:14, Azulejo
botania:custombrick:15, Azulejo
botania:endereyeblock, tile.enderEyeBlock.name
botania:starfield, tile.starfield.name
botania:rfgenerator, tile.rfGenerator.name
botania:elfglass, tile.elfGlass.name
botania:brewery, tile.brewery.name
botania:managlass, tile.manaGlass.name
botania:terraplate, tile.terraPlate.name
botania:redstringcontainer, tile.redStringContainer.name
botania:redstringdispenser, tile.redStringDispenser.name
botania:redstringfertilizer, tile.redStringFertilizer.name
botania:redstringcomparator, tile.redStringComparator.name
botania:redstringrelay, tile.redStringRelay.name
botania:floatingspecialflower:0, Floating Pure Daisy
botania:floatingspecialflower:0, Floating Manastar
botania:floatingspecialflower:0, Floating Endoflame
botania:floatingspecialflower:0, Floating Hydroangeas
botania:floatingspecialflower:0, Floating Thermalily
botania:floatingspecialflower:0, Floating Rosa Arcana
botania:floatingspecialflower:0, Floating Munchdew
botania:floatingspecialflower:0, Floating Entropinnyum
botania:floatingspecialflower:0, Floating Kekimurus
botania:floatingspecialflower:0, Floating Gourmaryllis
botania:floatingspecialflower:0, Floating Narslimmus
botania:floatingspecialflower:0, Floating Spectrolus
botania:floatingspecialflower:0, Floating Rafflowsia
botania:floatingspecialflower:0, Floating Shulk Me Not
botania:floatingspecialflower:0, Floating Dandelifeon
botania:floatingspecialflower:0, Floating Jaded Amaranthus
botania:floatingspecialflower:0, Floating Bellethorne
botania:floatingspecialflower:0, Floating Bellethorne Petite
botania:floatingspecialflower:0, Floating Dreadthorne
botania:floatingspecialflower:0, Floating Heisei Dream
botania:floatingspecialflower:0, Floating Tigerseye
botania:floatingspecialflower:0, Floating Marimorphosis
botania:floatingspecialflower:0, Floating Marimorphosis Petite
botania:floatingspecialflower:0, Floating Orechid
botania:floatingspecialflower:0, Floating Orechid Ignem
botania:floatingspecialflower:0, Floating Fallen Kanade
botania:floatingspecialflower:0, Floating Exoflame
botania:floatingspecialflower:0, Floating Agricarnation
botania:floatingspecialflower:0, Floating Agricarnation Petite
botania:floatingspecialflower:0, Floating Hopperhock
botania:floatingspecialflower:0, Floating Hopperhock Petite
botania:floatingspecialflower:0, Floating Rannuncarpus
botania:floatingspecialflower:0, Floating Rannuncarpus Petite
botania:floatingspecialflower:0, Floating Tangleberrie
botania:floatingspecialflower:0, Floating Jiyuulia
botania:floatingspecialflower:0, Floating Hyacidus
botania:floatingspecialflower:0, Floating Medumone
botania:floatingspecialflower:0, Floating Pollidisiac
botania:floatingspecialflower:0, Floating Clayconia
botania:floatingspecialflower:0, Floating Clayconia Petite
botania:floatingspecialflower:0, Floating Loonium
botania:floatingspecialflower:0, Floating Daffomill
botania:floatingspecialflower:0, Floating Vinculotus
botania:floatingspecialflower:0, Floating Spectranthemum
botania:floatingspecialflower:0, Floating Bubbell
botania:floatingspecialflower:0, Floating Bubbell Petite
botania:floatingspecialflower:0, Floating Solegnolia
botania:floatingspecialflower:0, Floating Solegnolia Petite
botania:floatingspecialflower:0, Floating Bergamute
botania:prism, tile.prism.name
botania:enchantedsoil, tile.enchantedSoil.name
botania:petalblock:0, White Petal Block
botania:petalblock:1, Orange Petal Block
botania:petalblock:2, Magenta Petal Block
botania:petalblock:3, Light Blue Petal Block
botania:petalblock:4, Yellow Petal Block
botania:petalblock:5, Lime Petal Block
botania:petalblock:6, Pink Petal Block
botania:petalblock:7, Gray Petal Block
botania:petalblock:8, Light Gray Petal Block
botania:petalblock:9, Cyan Petal Block
botania:petalblock:10, Purple Petal Block
botania:petalblock:11, Blue Petal Block
botania:petalblock:12, Brown Petal Block
botania:petalblock:13, Green Petal Block
botania:petalblock:14, Red Petal Block
botania:petalblock:15, Black Petal Block
botania:corporeaindex, tile.corporeaIndex.name
botania:corporeafunnel, tile.corporeaFunnel.name
botania:mushroom:0, White Shimmering Mushroom
botania:mushroom:1, Orange Shimmering Mushroom
botania:mushroom:2, Magenta Shimmering Mushroom
botania:mushroom:3, Light Blue Shimmering Mushroom
botania:mushroom:4, Yellow Shimmering Mushroom
botania:mushroom:5, Lime Shimmering Mushroom
botania:mushroom:6, Pink Shimmering Mushroom
botania:mushroom:7, Gray Shimmering Mushroom
botania:mushroom:8, Light Gray Shimmering Mushroom
botania:mushroom:9, Cyan Shimmering Mushroom
botania:mushroom:10, Purple Shimmering Mushroom
botania:mushroom:11, Blue Shimmering Mushroom
botania:mushroom:12, Brown Shimmering Mushroom
botania:mushroom:13, Green Shimmering Mushroom
botania:mushroom:14, Red Shimmering Mushroom
botania:mushroom:15, Black Shimmering Mushroom
botania:pump, tile.pump.name
botania:doubleflower1:0, Tall Mystical White Flower
botania:doubleflower1:1, Tall Mystical Orange Flower
botania:doubleflower1:2, Tall Mystical Magenta Flower
botania:doubleflower1:3, Tall Mystical Light Blue Flower
botania:doubleflower1:4, Tall Mystical Yellow Flower
botania:doubleflower1:5, Tall Mystical Lime Flower
botania:doubleflower1:6, Tall Mystical Pink Flower
botania:doubleflower1:7, Tall Mystical Gray Flower
botania:doubleflower2:0, Tall Mystical Light Gray Flower
botania:doubleflower2:1, Tall Mystical Cyan Flower
botania:doubleflower2:2, Tall Mystical Purple Flower
botania:doubleflower2:3, Tall Mystical Blue Flower
botania:doubleflower2:4, Tall Mystical Brown Flower
botania:doubleflower2:5, Tall Mystical Green Flower
botania:doubleflower2:6, Tall Mystical Red Flower
botania:doubleflower2:7, Tall Mystical Black Flower
botania:blazeblock, tile.blazeBlock.name
botania:corporeainterceptor, tile.corporeaInterceptor.name
botania:corporeacrystalcube, tile.corporeaCrystalCube.name
botania:incenseplate, tile.incensePlate.name
botania:hourglass, tile.hourglass.name
botania:ghostrail, tile.ghostRail.name
botania:sparkchanger, tile.sparkChanger.name
botania:root, tile.root.name
botania:felpumpkin, tile.felPumpkin.name
botania:cocoon, tile.cocoon.name
botania:lightrelay:0, Luminizer
botania:lightrelay:1, Detector Luminizer
botania:lightrelay:2, Fork Luminizer
botania:lightrelay:3, Toggle Luminizer
botania:lightlauncher, tile.lightLauncher.name
botania:manabomb, tile.manaBomb.name
botania:cacophoniumblock, tile.cacophoniumBlock.name
botania:bellows, tile.bellows.name
botania:bifrostperm, tile.bifrostPerm.name
botania:cellblock, tile.cellBlock.name
botania:redstringinterceptor, tile.redStringInterceptor.name
botania:corporearetainer, tile.corporeaRetainer.name
botania:teruterubozu, tile.teruTeruBozu.name
botania:shimmerrock, tile.shimmerrock.name
botania:shimmerwoodplanks, tile.shimmerwoodPlanks.name
botania:avatar, tile.avatar.name
botania:altgrass:0, Dry Grass
botania:altgrass:1, Golden Grass
botania:altgrass:2, Vivid Grass
botania:altgrass:3, Scorched Grass
botania:altgrass:4, Infused Grass
botania:altgrass:5, Mutated Grass
botania:animatedtorch, tile.animatedTorch.name
botania:lexicon, item.lexicon.name
botania:petal:0, Mystical White Petal
botania:petal:1, Mystical Orange Petal
botania:petal:2, Mystical Magenta Petal
botania:petal:3, Mystical Light Blue Petal
botania:petal:4, Mystical Yellow Petal
botania:petal:5, Mystical Lime Petal
botania:petal:6, Mystical Pink Petal
botania:petal:7, Mystical Gray Petal
botania:petal:8, Mystical Light Gray Petal
botania:petal:9, Mystical Cyan Petal
botania:petal:10, Mystical Purple Petal
botania:petal:11, Mystical Blue Petal
botania:petal:12, Mystical Brown Petal
botania:petal:13, Mystical Green Petal
botania:petal:14, Mystical Red Petal
botania:petal:15, Mystical Black Petal
botania:dye:0, Floral White Powder
botania:dye:1, Floral Orange Powder
botania:dye:2, Floral Magenta Powder
botania:dye:3, Floral Light Blue Powder
botania:dye:4, Floral Yellow Powder
botania:dye:5, Floral Lime Powder
botania:dye:6, Floral Pink Powder
botania:dye:7, Floral Gray Powder
botania:dye:8, Floral Light Gray Powder
botania:dye:9, Floral Cyan Powder
botania:dye:10, Floral Purple Powder
botania:dye:11, Floral Blue Powder
botania:dye:12, Floral Brown Powder
botania:dye:13, Floral Green Powder
botania:dye:14, Floral Red Powder
botania:dye:15, Floral Black Powder
botania:pestleandmortar, item.pestleAndMortar.name
botania:twigwand:0, Wand of the Forest
botania:twigwand:0, Wand of the Forest
botania:twigwand:0, Wand of the Forest
botania:twigwand:0, Wand of the Forest
botania:twigwand:0, Wand of the Forest
botania:twigwand:0, Wand of the Forest
botania:twigwand:0, Wand of the Forest
botania:twigwand:0, Wand of the Forest
botania:twigwand:0, Wand of the Forest
botania:twigwand:0, Wand of the Forest
botania:twigwand:0, Wand of the Forest
botania:twigwand:0, Wand of the Forest
botania:twigwand:0, Wand of the Forest
botania:twigwand:0, Wand of the Forest
botania:twigwand:0, Wand of the Forest
botania:twigwand:0, Wand of the Forest
botania:manaresource:0, Manasteel Ingot
botania:manaresource:1, Mana Pearl
botania:manaresource:2, Mana Diamond
botania:manaresource:3, Livingwood Twig
botania:manaresource:4, Terrasteel Ingot
botania:manaresource:5, Gaia Spirit
botania:manaresource:6, Redstone Root
botania:manaresource:7, Elementium Ingot
botania:manaresource:8, Pixie Dust
botania:manaresource:9, Dragonstone
botania:manaresource:11, Crafting Placeholder
botania:manaresource:12, Red String
botania:manaresource:13, Dreamwood Twig
botania:manaresource:14, Gaia Spirit Ingot
botania:manaresource:15, Ender Air Bottle
botania:manaresource:16, Mana Infused String
botania:manaresource:17, Manasteel Nugget
botania:manaresource:18, Terrasteel Nugget
botania:manaresource:19, Elementium Nugget
botania:manaresource:22, Manaweave Cloth
botania:manaresource:23, Mana Powder
botania:lens:0, Mana Lens
botania:lens:1, Mana Lens: Velocity
botania:lens:2, Mana Lens: Potency
botania:lens:3, Mana Lens: Resistance
botania:lens:4, Mana Lens: Efficiency
botania:lens:5, Mana Lens: Bounce
botania:lens:6, Mana Lens: Gravity
botania:lens:7, Mana Lens: Bore
botania:lens:8, Mana Lens: Damaging
botania:lens:9, Mana Lens: Phantom
botania:lens:10, Mana Lens: Magnetizing
botania:lens:11, Mana Lens: Entropic
botania:lens:12, Mana Lens: Influence
botania:lens:13, Mana Lens: Weight
botania:lens:14, Mana Lens: Paintslinger
botania:lens:15, Mana Lens: Kindle
botania:lens:16, Mana Lens: Force
botania:lens:17, Mana Lens: Flash
botania:lens:18, Mana Lens: Warp
botania:lens:19, Mana Lens: Redirective
botania:lens:20, Mana Lens: Celebratory
botania:lens:21, Mana Lens: Flare
botania:lens:22, Mana Lens: Messenger
botania:lens:23, Mana Lens: Tripwire
botania:rune:0, Rune of Water
botania:rune:1, Rune of Fire
botania:rune:2, Rune of Earth
botania:rune:3, Rune of Air
botania:rune:4, Rune of Spring
botania:rune:5, Rune of Summer
botania:rune:6, Rune of Autumn
botania:rune:7, Rune of Winter
botania:rune:8, Rune of Mana
botania:rune:9, Rune of Lust
botania:rune:10, Rune of Gluttony
botania:rune:11, Rune of Greed
botania:rune:12, Rune of Sloth
botania:rune:13, Rune of Wrath
botania:rune:14, Rune of Envy
botania:rune:15, Rune of Pride
botania:manatablet, item.manaTablet.name
botania:managun, item.manaGun.name
botania:manacookie, item.manaCookie.name
botania:fertilizer, item.fertilizer.name
botania:grassseeds:0, Pasture Seeds
botania:grassseeds:1, Boreal Seeds
botania:grassseeds:2, Infestation Spores
botania:grassseeds:3, Dry Pasture Seeds
botania:grassseeds:4, Golden Pasture Seeds
botania:grassseeds:5, Vivid Pasture Seeds
botania:grassseeds:6, Scorched Pasture Seeds
botania:grassseeds:7, Infused Pasture Seeds
botania:grassseeds:8, Mutated Pasture Seeds
botania:dirtrod, item.dirtRod.name
botania:terraformrod, item.terraformRod.name
botania:grasshorn:0, Horn of the Wild
botania:grasshorn:1, Horn of the Canopy
botania:grasshorn:2, Horn of the Covering
botania:manamirror, item.manaMirror.name
botania:manasteelhelm, item.manasteelHelm.name
botania:manasteelhelmreveal, item.manasteelHelmReveal.name
botania:manasteelchest, item.manasteelChest.name
botania:manasteellegs, item.manasteelLegs.name
botania:manasteelboots, item.manasteelBoots.name
botania:manasteelpick, item.manasteelPick.name
botania:manasteelshovel, item.manasteelShovel.name
botania:manasteelaxe, item.manasteelAxe.name
botania:manasteelsword, item.manasteelSword.name
botania:manasteelshears, item.manasteelShears.name
botania:terrasteelhelm, item.terrasteelHelm.name
botania:terrasteelhelmreveal, item.terrasteelHelmReveal.name
botania:terrasteelchest, item.terrasteelChest.name
botania:terrasteellegs, item.terrasteelLegs.name
botania:terrasteelboots, item.terrasteelBoots.name
botania:terrasword, item.terraSword.name
botania:tinyplanet, item.tinyPlanet.name
botania:manaring, item.manaRing.name
botania:auraring, item.auraRing.name
botania:manaringgreater, item.manaRingGreater.name
botania:auraringgreater, item.auraRingGreater.name
botania:travelbelt, item.travelBelt.name
botania:knockbackbelt, item.knockbackBelt.name
botania:icependant, item.icePendant.name
botania:lavapendant, item.lavaPendant.name
botania:magnetring, item.magnetRing.name
botania:waterring, item.waterRing.name
botania:miningring, item.miningRing.name
botania:terrapick, item.terraPick.name
botania:divacharm, item.divaCharm.name
botania:flighttiara:0, Flügel Tiara
botania:flighttiara:1, Flügel Tiara
botania:flighttiara:2, Flügel Tiara
botania:flighttiara:3, Flügel Tiara
botania:flighttiara:4, Flügel Tiara
botania:flighttiara:5, Flügel Tiara
botania:flighttiara:6, Flügel Tiara
botania:flighttiara:7, Flügel Tiara
botania:flighttiara:8, Flügel Tiara
botania:enderdagger, item.enderDagger.name
botania:quartz:0, Smokey Quartz
botania:quartz:1, Mana Quartz
botania:quartz:2, Blaze Quartz
botania:quartz:3, Lavender Quartz
botania:quartz:4, Redquartz
botania:quartz:5, Elven Quartz
botania:quartz:6, Sunny Quartz
botania:waterrod, item.waterRod.name
botania:elementiumhelm, item.elementiumHelm.name
botania:elementiumhelmreveal, item.elementiumHelmReveal.name
botania:elementiumchest, item.elementiumChest.name
botania:elementiumlegs, item.elementiumLegs.name
botania:elementiumboots, item.elementiumBoots.name
botania:elementiumpick, item.elementiumPick.name
botania:elementiumshovel, item.elementiumShovel.name
botania:elementiumaxe, item.elementiumAxe.name
botania:elementiumsword, item.elementiumSword.name
botania:elementiumshears, item.elementiumShears.name
botania:openbucket, item.openBucket.name
botania:spawnermover, item.spawnerMover.name
botania:pixiering, item.pixieRing.name
botania:supertravelbelt, item.superTravelBelt.name
botania:rainbowrod, item.rainbowRod.name
botania:tornadorod, item.tornadoRod.name
botania:firerod, item.fireRod.name
botania:vineball, item.vineBall.name
botania:slingshot, item.slingshot.name
botania:manabottle, item.manaBottle.name
botania:laputashard:0, Shard of Laputa
botania:laputashard:4, Shard of Laputa
botania:laputashard:9, Shard of Laputa
botania:laputashard:14, Shard of Laputa
botania:laputashard:19, Shard of Laputa
botania:virus:0, Necrodermal Virus
botania:virus:1, Nullodermal Virus
botania:reachring, item.reachRing.name
botania:skydirtrod, item.skyDirtRod.name
botania:itemfinder, item.itemFinder.name
botania:superlavapendant, item.superLavaPendant.name
botania:enderhand, item.enderHand.name
botania:glasspick, item.glassPick.name
botania:spark, item.spark.name
botania:sparkupgrade:0, Spark Augment: Dispersive
botania:sparkupgrade:1, Spark Augment: Dominant
botania:sparkupgrade:2, Spark Augment: Recessive
botania:sparkupgrade:3, Spark Augment: Isolated
botania:diviningrod, Divining Rod
botania:gravityrod, item.gravityRod.name
botania:manainkwell, item.manaInkwell.name
botania:vial:0, Managlass Vial
botania:vial:1, Alfglass Flask
botania:brewvial, item.brewVial.name
botania:brewflask, item.brewFlask.name
botania:bloodpendant, item.bloodPendant.name
botania:missilerod, item.missileRod.name
botania:holycloak, item.holyCloak.name
botania:unholycloak, item.unholyCloak.name
botania:balancecloak, item.balanceCloak.name
botania:craftinghalo, item.craftingHalo.name
botania:blacklotus:0, Black Lotus
botania:blacklotus:1, Blacker Lotus
botania:monocle, item.monocle.name
botania:clip, item.clip.name
botania:cobblerod, item.cobbleRod.name
botania:smeltrod, item.smeltRod.name
botania:worldseed, item.worldSeed.name
botania:spellcloth, item.spellCloth.name
botania:thornchakram:0, Thorn Chakram
botania:thornchakram:1, Flare Chakram
botania:overgrowthseed, item.overgrowthSeed.name
botania:craftpattern:0, Crafting Pattern #1: 1x1
botania:craftpattern:1, Crafting Pattern #2: 2x2
botania:craftpattern:2, Crafting Pattern #3: 1x2
botania:craftpattern:3, Crafting Pattern #4: 2x1
botania:craftpattern:4, Crafting Pattern #5: 1x3
botania:craftpattern:5, Crafting Pattern #6: 3x1
botania:craftpattern:6, Crafting Pattern #7: 2x3
botania:craftpattern:7, Crafting Pattern #8: 3x2
botania:craftpattern:8, Crafting Pattern #9: Donut
botania:ancientwill:0, Will of Ahrim
botania:ancientwill:1, Will of Dharok
botania:ancientwill:2, Will of Guthan
botania:ancientwill:3, Will of Torag
botania:ancientwill:4, Will of Verac
botania:ancientwill:5, Will of Karil
botania:corporeaspark:0, Corporea Spark
botania:corporeaspark:1, Master Corporea Spark
botania:livingwoodbow, item.livingwoodBow.name
botania:crystalbow, item.crystalBow.name
botania:cosmetic:0, Black Bowtie
botania:cosmetic:1, Black Tie
botania:cosmetic:2, Red Glasses
botania:cosmetic:3, Puffy Scarf
botania:cosmetic:4, Engineer Goggles
botania:cosmetic:5, Eyepatch
botania:cosmetic:6, Wicked Eyepatch
botania:cosmetic:7, Red Ribbons
botania:cosmetic:8, Pink Flower Bud
botania:cosmetic:9, Polka-Dotted Bows
botania:cosmetic:10, Blue Butterfly
botania:cosmetic:11, Cat Ears
botania:cosmetic:12, Witch Pin
botania:cosmetic:13, Devil Tail
botania:cosmetic:14, Kamui Eye
botania:cosmetic:15, Googly Eyes
botania:cosmetic:16, Four-Leafed Clover
botania:cosmetic:17, Clock Eye
botania:cosmetic:18, Unicorn Horn
botania:cosmetic:19, Devil Horns
botania:cosmetic:20, Hyper Plus
botania:cosmetic:21, Botanist Emblem
botania:cosmetic:22, Ancient Mask
botania:cosmetic:23, Eerie Mask
botania:cosmetic:24, Alien Antenna
botania:cosmetic:25, Anaglyph Glasses
botania:cosmetic:26, Orange Shades
botania:cosmetic:27, Groucho Glasses
botania:cosmetic:28, Thick Eyebrows
botania:cosmetic:29, Lusitanic Shield
botania:cosmetic:30, Tiny Potato Mask
botania:cosmetic:31, Questgiver Mark
botania:cosmetic:32, Thinking Hand
botania:swapring, item.swapRing.name
botania:flowerbag, item.flowerBag.name
botania:phantomink, item.phantomInk.name
botania:poolminecart, item.poolMinecart.name
botania:pinkinator, item.pinkinator.name
botania:infinitefruit, item.infiniteFruit.name
botania:kingkey, item.kingKey.name
botania:flugeleye, item.flugelEye.name
botania:thorring, item.thorRing.name
botania:odinring, item.odinRing.name
botania:lokiring, item.lokiRing.name
botania:dice, item.dice.name
botania:keepivy, item.keepIvy.name
botania:blackholetalisman:0, Black Hole Talisman
botania:recordgaia1, item.recordGaia1.name
botania:recordgaia2, item.recordGaia2.name
botania:temperancestone:0, Stone of Temperance
botania:incensestick, item.incenseStick.name
botania:terraaxe, item.terraAxe.name
botania:waterbowl, item.waterBowl.name
botania:obediencestick, item.obedienceStick.name
botania:cacophonium, item.cacophonium.name
botania:slimebottle:0, Slime in a Bottle
botania:starsword, item.starSword.name
botania:exchangerod, item.exchangeRod.name
botania:magnetringgreater, item.magnetRingGreater.name
botania:thundersword, item.thunderSword.name
botania:manaweavehelm, item.manaweaveHelm.name
botania:manaweavechest, item.manaweaveChest.name
botania:manaweavelegs, item.manaweaveLegs.name
botania:manaweaveboots, item.manaweaveBoots.name
botania:autocraftinghalo, item.autocraftingHalo.name
botania:gaiahead, item.gaiaHead.name
botania:sextant, item.sextant.name
botania:speedupbelt, item.speedUpBelt.name
botania:baublebox, item.baubleBox.name
botania:dodgering, item.dodgeRing.name
botania:invisibilitycloak, item.invisibilityCloak.name
botania:cloudpendant, item.cloudPendant.name
botania:supercloudpendant, item.superCloudPendant.name
botania:thirdeye, item.thirdEye.name
botania:astrolabe, item.astrolabe.name
botania:goddesscharm, item.goddessCharm.name
chisel:auto_chisel, Auto Chisel
chisel:chisel_iron, Chisel
chisel:chisel_diamond, Diamond Chisel
chisel:chisel_hitech, iChisel
chisel:offsettool, Ender Offset Wand
enderio:item_enderface, Enderface
enderio:item_conduit_facade:0, Conduit Facade
enderio:item_conduit_facade:1, Hardened Conduit Facade
enderio:item_conduit_facade:2, Transparent Conduit Facade
enderio:item_conduit_facade:3, Transparent Hardened Conduit Facade
enderio:item_basic_capacitor:0, Basic Capacitor
enderio:item_basic_capacitor:1, Double-Layer Capacitor
enderio:item_basic_capacitor:2, Octadic Capacitor
enderio:block_alloy:0, Electrical Steel Block
enderio:block_alloy:1, Energetic Alloy Block
enderio:block_alloy:2, Vibrant Alloy Block
enderio:block_alloy:3, Redstone Alloy Block
enderio:block_alloy:4, Conductive Iron Block
enderio:block_alloy:5, Pulsating Iron Block
enderio:block_alloy:6, Dark Steel Block
enderio:block_alloy:7, Soularium Block
enderio:block_alloy:8, End Steel Block
enderio:block_alloy:9, Iron Alloy Block
enderio:item_alloy_ingot:0, Electrical Steel Ingot
enderio:item_alloy_ingot:1, Energetic Alloy Ingot
enderio:item_alloy_ingot:2, Vibrant Alloy Ingot
enderio:item_alloy_ingot:3, Redstone Alloy Ingot
enderio:item_alloy_ingot:4, Conductive Iron Ingot
enderio:item_alloy_ingot:5, Pulsating Iron Ingot
enderio:item_alloy_ingot:6, Dark Steel Ingot
enderio:item_alloy_ingot:7, Soularium Ingot
enderio:item_alloy_ingot:8, End Steel Ingot
enderio:item_alloy_ingot:9, Iron Alloy Ingot
enderio:item_alloy_nugget:0, Electrical Steel Nugget
enderio:item_alloy_nugget:1, Energetic Alloy Nugget
enderio:item_alloy_nugget:2, Vibrant Alloy Nugget
enderio:item_alloy_nugget:3, Redstone Alloy Nugget
enderio:item_alloy_nugget:4, Conductive Iron Nugget
enderio:item_alloy_nugget:5, Pulsating Iron Nugget
enderio:item_alloy_nugget:6, Dark Steel Nugget
enderio:item_alloy_nugget:7, Soularium Nugget
enderio:item_alloy_nugget:8, End Steel Nugget
enderio:item_alloy_nugget:9, Iron Alloy Nugget
enderio:item_alloy_ball:0, Electrical Steel Grinding Ball
enderio:item_alloy_ball:1, Energetic Alloy Grinding Ball
enderio:item_alloy_ball:2, Vibrant Alloy Grinding Ball
enderio:item_alloy_ball:3, Redstone Alloy Grinding Ball
enderio:item_alloy_ball:4, Conductive Iron Grinding Ball
enderio:item_alloy_ball:5, Pulsating Iron Grinding Ball
enderio:item_alloy_ball:6, Dark Steel Grinding Ball
enderio:item_alloy_ball:7, Soularium Grinding Ball
enderio:item_alloy_ball:8, End Steel Grinding Ball
enderio:item_alloy_ball:9, Iron Alloy Grinding Ball
enderio:item_material:0, Simple Machine Chassis
enderio:item_material:1, Industrial Machine Chassis
enderio:item_material:2, Machine Parts
enderio:item_material:3, Photovoltaic Plate
enderio:item_material:4, Conduit Binder
enderio:item_material:5, Silicon
enderio:item_material:6, Glider Wing
enderio:item_material:7, Glider Wings
enderio:item_material:8, Nutritious Stick
enderio:item_material:9, Wooden Gear
enderio:item_material:10, Stone Compound Gear
enderio:item_material:11, Infinity Bimetal Gear
enderio:item_material:12, Energized Bimetal Gear
enderio:item_material:13, Vibrant Bimetal Gear
enderio:item_material:14, Pulsating Crystal
enderio:item_material:15, Vibrant Crystal
enderio:item_material:16, Ender Crystal
enderio:item_material:17, Enticing Crystal
enderio:item_material:18, Weather Crystal
enderio:item_material:19, Prescient Crystal
enderio:item_material:20, Grains of Infinity
enderio:item_material:21, Flour
enderio:item_material:22, Conduit Binder Composite
enderio:item_material:23, Coal Powder
enderio:item_material:24, Iron Powder
enderio:item_material:25, Gold Powder
enderio:item_material:26, Copper Powder
enderio:item_material:27, Tin Powder
enderio:item_material:28, Ender Pearl Powder
enderio:item_material:29, Obsidian Powder
enderio:item_material:30, Ardite Powder
enderio:item_material:31, Cobalt Powder
enderio:item_material:32, Lapis Lazuli Powder
enderio:item_material:33, Quartz Powder
enderio:item_material:34, Grains of Prescience
enderio:item_material:35, Grains of Vibrancy
enderio:item_material:36, Grains of Piezallity
enderio:item_material:37, Grains of the End
enderio:item_material:38, Photovoltaic Composite
enderio:item_material:39, Enderium Base
enderio:item_material:40, Zombie Electrode
enderio:item_material:41, Z-Logic Controller
enderio:item_material:42, Frank'N'Zombie
enderio:item_material:43, Ender Resonator
enderio:item_material:44, Sentient Ender
enderio:item_material:45, Skeletal Contractor
enderio:item_material:46, Clippings and Trimmings
enderio:item_material:47, Twigs and Prunings
enderio:item_material:48, Organic Green Dye
enderio:item_material:49, Organic Brown Dye
enderio:item_material:50, Organic Black Dye
enderio:item_material:51, Industrial Dye Blend
enderio:item_material:52, Soul Attuned Dye Blend
enderio:item_material:53, Soul Machine Chassis
enderio:item_material:54, Enhanced Machine Chassis
enderio:item_material:55, Soulless Machine Chassis
enderio:item_material:56, Guardian Diode
enderio:item_material:57, Signalum Grinding Ball
enderio:item_material:58, Enderium Grinding Ball
enderio:item_material:59, Lumium Grinding Ball
enderio:item_material:60, Redstone Filter Base
enderio:item_material:61, Confusing Powder
enderio:item_material:62, Ender Fragment
enderio:item_material:63, Withering Dust
enderio:item_material:64, Remote Awareness Upgrade
enderio:item_material:65, Wireless Energy Transmitter Dish Assembly
enderio:item_material:66, End Steel Chassis
enderio:item_material:67, Enhanced Dye Blend
enderio:item_material:68, Enhanced Machine Parts
enderio:item_material:69, Simple Machine Parts
enderio:item_material:70, Cake Base
enderio:item_material:71, Infinity Rod
enderio:item_material:72, Nethercotta
enderio:item_material:73, Dark Bimetal Gear
enderio:item_material:74, Soul Powder
enderio:item_material:75, Infinity Reagent
enderio:item_material:76, Clay-Coated Glowstone Dust
enderio:item_material:77, Black Paper
enderio:item_material:78, Animal Token
enderio:item_material:79, Monster Token
enderio:item_material:80, Player Token
enderio:item_material:81, Unfired Death Urn
enderio:item_broken_spawner:0, Broken Spawner
enderio:block_infinity_fog:0, Infinity Dust
enderio:block_infinity:0, Infinity Dust Block
enderio:block_infinity:1, Compressed Infinity Dust Block
enderio:block_infinity:2, Double Compressed Infinity Dust Block
enderio:block_holy_fog, Glowstone Nano-Particles (old)
enderio:block_holier_fog, Glowstone Nano-Particles
enderio:block_dark_steel_anvil:0, Dark Steel Anvil
enderio:block_dark_steel_anvil:1, Slightly Damaged Dark Steel Anvil
enderio:block_dark_steel_anvil:2, Very Damaged Dark Steel Anvil
enderio:block_dark_paper_anvil:0, Dark Paper Anvil
enderio:block_dark_paper_anvil:1, Slightly Damaged Dark Paper Anvil
enderio:block_dark_paper_anvil:2, Very Damaged Dark Paper Anvil
enderio:block_dark_steel_ladder, Dark Steel Ladder
enderio:block_dark_iron_bars, Dark Iron Bars
enderio:block_dark_steel_trapdoor, Dark Steel Trapdoor
enderio:block_dark_steel_door, Dark Steel Door
enderio:block_reinforced_obsidian, Reinforced Obsidian
enderio:block_self_resetting_lever5, Self-resetting Lever (5 seconds)
enderio:block_self_resetting_lever10, Self-resetting Lever (10 seconds)
enderio:block_self_resetting_lever30, Self-resetting Lever (30 seconds)
enderio:block_self_resetting_lever60, Self-resetting Lever (1 Minute)
enderio:block_self_resetting_lever300, Self-resetting Lever (5 Minutes)
enderio:block_self_resetting_lever5i, Inverted Self-resetting Lever (5 seconds)
enderio:block_self_resetting_lever10i, Inverted Self-resetting Lever (10 seconds)
enderio:block_self_resetting_lever30i, Inverted Self-resetting Lever (30 seconds)
enderio:block_self_resetting_lever60i, Inverted Self-resetting Lever (1 Minute)
enderio:block_self_resetting_lever300i, Inverted Self-resetting Lever (5 Minutes)
enderio:block_decoration1:0, Machine Chassis (decoration block)
enderio:block_decoration1:1, Blank Machine (decoration block)
enderio:block_decoration1:2, Machine Tops (decoration block)
enderio:block_decoration1:3, Machine Sides (decoration block)
enderio:block_decoration1:4, Machine Backs (decoration block)
enderio:block_decoration1:5, Machine with sides (decoration block)
enderio:block_decoration1:6, Machine width backs (decoration block)
enderio:block_decoration1:7, Blank Soul Machine (decoration block)
enderio:block_decoration1:8, Soul Machine Tops (decoration block)
enderio:block_decoration1:9, Soul Machine Sides (decoration block)
enderio:block_decoration1:10, Soul Machine Backs (decoration block)
enderio:block_decoration1:11, Soul Machine with sides (decoration block)
enderio:block_decoration1:12, Soul Machine width backs (decoration block)
enderio:block_decoration1:13, Red Machine (decoration block)
enderio:block_decoration1:14, Broken Spawner (decoration block)
enderio:block_decoration1:15, Invisible Block (decoration block)
enderio:block_decoration2:0, Alloy Smelter (decoration block)
enderio:block_decoration2:1, Item Buffer (decoration block)
enderio:block_decoration2:2, Power Buffer (decoration block)
enderio:block_decoration2:3, Omni Buffer (decoration block)
enderio:block_decoration2:4, Creative Buffer (decoration block)
enderio:block_decoration2:5, Crafter (decoration block)
enderio:block_decoration2:6, Painting Machine (decoration block)
enderio:block_decoration2:7, Power Monitor (decoration block)
enderio:block_decoration2:8, SAG Mill (decoration block)
enderio:block_decoration2:9, Slice'N'Splice (decoration block)
enderio:block_decoration2:10, Stirling Generator (decoration block)
enderio:block_decoration2:11, Fluid Tank (decoration block)
enderio:block_decoration2:12, Pressurized Fluid Tank (decoration block)
enderio:block_decoration2:13, Travel Anchor (decoration block)
enderio:block_decoration2:14, Vacuum Chest (decoration block)
enderio:block_decoration2:15, Wireless Charger (decoration block)
enderio:block_decoration3:0, XP Vacuum (decoration block)
enderio:block_decoration3:1, Simple Alloy Smelter (decoration block)
enderio:block_decoration3:2, Simple Stirling Generator (decoration block)
enderio:block_decoration3:3, Wired Charger (decoration block)
enderio:block_decoration3:4, Simple Sagmill (decoration block)
enderio:block_industrial_insulation, Industrial Insulation
enderio:block_end_iron_bars, End Steel Bars
enderio:block_confusion_charge, Confusion Charge
enderio:block_concussion_charge, Concussion Charge
enderio:block_ender_charge, Ender Charge
enderio:block_painted_slab, Painted Slab
enderio:block_painted_stone_slab, Painted Stone Slab
enderio:block_painted_pressure_plate:1, Wooden Pressure Plate (Silent)
enderio:block_painted_pressure_plate:3, Stone Pressure Plate (Silent)
enderio:block_painted_pressure_plate:5, Weighted Pressure Plate (Heavy) (Silent)
enderio:block_painted_pressure_plate:7, Weighted Pressure Plate (Light) (Silent)
enderio:block_painted_pressure_plate:8, Dark Pressure Plate
enderio:block_painted_pressure_plate:9, Dark Pressure Plate (Silent)
enderio:block_painted_pressure_plate:10, Soularium Pressure Plate
enderio:block_painted_pressure_plate:11, Soularium Pressure Plate (Silent)
enderio:block_painted_pressure_plate:12, Soularium Pressure Plate (Tuned)
enderio:block_painted_pressure_plate:13, Soularium Pressure Plate (Tuned) (Silent)
enderio:block_painted_wooden_door, Painted Wooden Door
enderio:block_painted_iron_door, Painted Iron Door
enderio:block_painted_dark_steel_door, Painted Dark Steel Door
enderio:block_exit_rail, Exit Rail
enderio:item_conduit_probe:0, Conduit Probe
enderio:item_yeta_wrench, Yeta Wrench
enderio:item_xp_transfer:0, Experience Rod
enderio:item_cold_fire_igniter, Cold Fire Igniter
enderio:item_coord_selector, Coordinate Selector
enderio:item_location_printout, Location Printout
enderio:item_travel_staff:0, Staff of Traveling
enderio:item_travel_staff:0, Staff of Traveling
enderio:item_rod_of_return:0, Rod of Return
enderio:item_rod_of_return:0, Rod of Return
enderio:item_magnet:0, Electromagnet
enderio:item_magnet:0, Electromagnet
enderio:block_enderman_skull:0, Enderman Head
enderio:block_enderman_skull:2, Tormented Enderman Head
enderio:item_ender_food:0, "Enderios"
enderio:item_basic_item_filter:0, Basic Item Filter
enderio:item_advanced_item_filter:0, Advanced Item Filter
enderio:item_limited_item_filter:0, Limited Item Filter
enderio:item_big_item_filter:0, Big Item Filter
enderio:item_big_advanced_item_filter:0, Advanced Big Item Filter
enderio:item_existing_item_filter:0, Existing Item Filter
enderio:item_mod_item_filter:0, Mod Item Filter
enderio:item_power_item_filter:0, Power Item Filter
enderio:item_soul_filter_normal:0, Soul Item Filter
enderio:item_soul_filter_big:0, Big Soul Item Filter
enderio:item_enchantment_filter_normal:0, Enchantment Item Filter
enderio:item_enchantment_filter_big:0, Big Enchantment Item Filter
enderio:item_fluid_filter:0, Basic Fluid Filter
enderio:item_redstone_not_filter:0, Redstone NOT Filter
enderio:item_redstone_or_filter:0, Redstone OR Filter
enderio:item_redstone_and_filter:0, Redstone AND Filter
enderio:item_redstone_nor_filter:0, Redstone NOR Filter
enderio:item_redstone_nand_filter:0, Redstone NAND Filter
enderio:item_redstone_xor_filter:0, Redstone XOR Filter
enderio:item_redstone_xnor_filter:0, Redstone XNOR Filter
enderio:item_redstone_toggle_filter:0, Redstone Toggle Latch Filter
enderio:item_redstone_counting_filter:0, Redstone Counting Filter
enderio:item_redstone_sensor_filter:0, Redstone Sensor Filter
enderio:item_redstone_timer_filter:0, Redstone Timer Filter
enderio:block_fused_quartz:0, Fused Quartz
enderio:block_fused_quartz:1, Fused Quartz
enderio:block_fused_quartz:2, Fused Quartz
enderio:block_fused_quartz:3, Fused Quartz
enderio:block_fused_quartz:4, Fused Quartz
enderio:block_fused_quartz:5, Fused Quartz
enderio:block_fused_quartz:6, Fused Quartz
enderio:block_fused_quartz:7, Fused Quartz
enderio:block_fused_quartz:8, Fused Quartz
enderio:block_fused_quartz:9, Fused Quartz
enderio:block_fused_quartz:10, Fused Quartz
enderio:block_fused_quartz:11, Fused Quartz
enderio:block_fused_quartz:12, Fused Quartz
enderio:block_fused_quartz:13, Fused Quartz
enderio:block_fused_quartz:14, Fused Quartz
enderio:block_fused_quartz:15, Fused Quartz
enderio:block_fused_glass:0, Quite Clear Glass
enderio:block_fused_glass:1, Quite Clear Glass
enderio:block_fused_glass:2, Quite Clear Glass
enderio:block_fused_glass:3, Quite Clear Glass
enderio:block_fused_glass:4, Quite Clear Glass
enderio:block_fused_glass:5, Quite Clear Glass
enderio:block_fused_glass:6, Quite Clear Glass
enderio:block_fused_glass:7, Quite Clear Glass
enderio:block_fused_glass:8, Quite Clear Glass
enderio:block_fused_glass:9, Quite Clear Glass
enderio:block_fused_glass:10, Quite Clear Glass
enderio:block_fused_glass:11, Quite Clear Glass
enderio:block_fused_glass:12, Quite Clear Glass
enderio:block_fused_glass:13, Quite Clear Glass
enderio:block_fused_glass:14, Quite Clear Glass
enderio:block_fused_glass:15, Quite Clear Glass
enderio:block_enlightened_fused_quartz:0, Enlightened Fused Quartz
enderio:block_enlightened_fused_quartz:1, Enlightened Fused Quartz
enderio:block_enlightened_fused_quartz:2, Enlightened Fused Quartz
enderio:block_enlightened_fused_quartz:3, Enlightened Fused Quartz
enderio:block_enlightened_fused_quartz:4, Enlightened Fused Quartz
enderio:block_enlightened_fused_quartz:5, Enlightened Fused Quartz
enderio:block_enlightened_fused_quartz:6, Enlightened Fused Quartz
enderio:block_enlightened_fused_quartz:7, Enlightened Fused Quartz
enderio:block_enlightened_fused_quartz:8, Enlightened Fused Quartz
enderio:block_enlightened_fused_quartz:9, Enlightened Fused Quartz
enderio:block_enlightened_fused_quartz:10, Enlightened Fused Quartz
enderio:block_enlightened_fused_quartz:11, Enlightened Fused Quartz
enderio:block_enlightened_fused_quartz:12, Enlightened Fused Quartz
enderio:block_enlightened_fused_quartz:13, Enlightened Fused Quartz
enderio:block_enlightened_fused_quartz:14, Enlightened Fused Quartz
enderio:block_enlightened_fused_quartz:15, Enlightened Fused Quartz
enderio:block_enlightened_fused_glass:0, Enlightened Clear Glass
enderio:block_enlightened_fused_glass:1, Enlightened Clear Glass
enderio:block_enlightened_fused_glass:2, Enlightened Clear Glass
enderio:block_enlightened_fused_glass:3, Enlightened Clear Glass
enderio:block_enlightened_fused_glass:4, Enlightened Clear Glass
enderio:block_enlightened_fused_glass:5, Enlightened Clear Glass
enderio:block_enlightened_fused_glass:6, Enlightened Clear Glass
enderio:block_enlightened_fused_glass:7, Enlightened Clear Glass
enderio:block_enlightened_fused_glass:8, Enlightened Clear Glass
enderio:block_enlightened_fused_glass:9, Enlightened Clear Glass
enderio:block_enlightened_fused_glass:10, Enlightened Clear Glass
enderio:block_enlightened_fused_glass:11, Enlightened Clear Glass
enderio:block_enlightened_fused_glass:12, Enlightened Clear Glass
enderio:block_enlightened_fused_glass:13, Enlightened Clear Glass
enderio:block_enlightened_fused_glass:14, Enlightened Clear Glass
enderio:block_enlightened_fused_glass:15, Enlightened Clear Glass
enderio:block_dark_fused_quartz:0, Dark Fused Quartz
enderio:block_dark_fused_quartz:1, Dark Fused Quartz
enderio:block_dark_fused_quartz:2, Dark Fused Quartz
enderio:block_dark_fused_quartz:3, Dark Fused Quartz
enderio:block_dark_fused_quartz:4, Dark Fused Quartz
enderio:block_dark_fused_quartz:5, Dark Fused Quartz
enderio:block_dark_fused_quartz:6, Dark Fused Quartz
enderio:block_dark_fused_quartz:7, Dark Fused Quartz
enderio:block_dark_fused_quartz:8, Dark Fused Quartz
enderio:block_dark_fused_quartz:9, Dark Fused Quartz
enderio:block_dark_fused_quartz:10, Dark Fused Quartz
enderio:block_dark_fused_quartz:11, Dark Fused Quartz
enderio:block_dark_fused_quartz:12, Dark Fused Quartz
enderio:block_dark_fused_quartz:13, Dark Fused Quartz
enderio:block_dark_fused_quartz:14, Dark Fused Quartz
enderio:block_dark_fused_quartz:15, Dark Fused Quartz
enderio:block_dark_fused_glass:0, Dark Clear Glass
enderio:block_dark_fused_glass:1, Dark Clear Glass
enderio:block_dark_fused_glass:2, Dark Clear Glass
enderio:block_dark_fused_glass:3, Dark Clear Glass
enderio:block_dark_fused_glass:4, Dark Clear Glass
enderio:block_dark_fused_glass:5, Dark Clear Glass
enderio:block_dark_fused_glass:6, Dark Clear Glass
enderio:block_dark_fused_glass:7, Dark Clear Glass
enderio:block_dark_fused_glass:8, Dark Clear Glass
enderio:block_dark_fused_glass:9, Dark Clear Glass
enderio:block_dark_fused_glass:10, Dark Clear Glass
enderio:block_dark_fused_glass:11, Dark Clear Glass
enderio:block_dark_fused_glass:12, Dark Clear Glass
enderio:block_dark_fused_glass:13, Dark Clear Glass
enderio:block_dark_fused_glass:14, Dark Clear Glass
enderio:block_dark_fused_glass:15, Dark Clear Glass
enderio:block_holy_fused_quartz:0, Fused Quartz
enderio:block_holy_fused_quartz:1, Fused Quartz
enderio:block_holy_fused_quartz:2, Fused Quartz
enderio:block_holy_fused_quartz:3, Fused Quartz
enderio:block_holy_fused_quartz:4, Fused Quartz
enderio:block_holy_fused_quartz:5, Fused Quartz
enderio:block_holy_fused_quartz:6, Fused Quartz
enderio:block_holy_fused_quartz:7, Fused Quartz
enderio:block_holy_fused_quartz:8, Fused Quartz
enderio:block_holy_fused_quartz:9, Fused Quartz
enderio:block_holy_fused_quartz:10, Fused Quartz
enderio:block_holy_fused_quartz:11, Fused Quartz
enderio:block_holy_fused_quartz:12, Fused Quartz
enderio:block_holy_fused_quartz:13, Fused Quartz
enderio:block_holy_fused_quartz:14, Fused Quartz
enderio:block_holy_fused_quartz:15, Fused Quartz
enderio:block_holy_fused_glass:0, Quite Clear Glass
enderio:block_holy_fused_glass:1, Quite Clear Glass
enderio:block_holy_fused_glass:2, Quite Clear Glass
enderio:block_holy_fused_glass:3, Quite Clear Glass
enderio:block_holy_fused_glass:4, Quite Clear Glass
enderio:block_holy_fused_glass:5, Quite Clear Glass
enderio:block_holy_fused_glass:6, Quite Clear Glass
enderio:block_holy_fused_glass:7, Quite Clear Glass
enderio:block_holy_fused_glass:8, Quite Clear Glass
enderio:block_holy_fused_glass:9, Quite Clear Glass
enderio:block_holy_fused_glass:10, Quite Clear Glass
enderio:block_holy_fused_glass:11, Quite Clear Glass
enderio:block_holy_fused_glass:12, Quite Clear Glass
enderio:block_holy_fused_glass:13, Quite Clear Glass
enderio:block_holy_fused_glass:14, Quite Clear Glass
enderio:block_holy_fused_glass:15, Quite Clear Glass
enderio:block_holy_enlightened_fused_quartz:0, Enlightened Fused Quartz
enderio:block_holy_enlightened_fused_quartz:1, Enlightened Fused Quartz
enderio:block_holy_enlightened_fused_quartz:2, Enlightened Fused Quartz
enderio:block_holy_enlightened_fused_quartz:3, Enlightened Fused Quartz
enderio:block_holy_enlightened_fused_quartz:4, Enlightened Fused Quartz
enderio:block_holy_enlightened_fused_quartz:5, Enlightened Fused Quartz
enderio:block_holy_enlightened_fused_quartz:6, Enlightened Fused Quartz
enderio:block_holy_enlightened_fused_quartz:7, Enlightened Fused Quartz
enderio:block_holy_enlightened_fused_quartz:8, Enlightened Fused Quartz
enderio:block_holy_enlightened_fused_quartz:9, Enlightened Fused Quartz
enderio:block_holy_enlightened_fused_quartz:10, Enlightened Fused Quartz
enderio:block_holy_enlightened_fused_quartz:11, Enlightened Fused Quartz
enderio:block_holy_enlightened_fused_quartz:12, Enlightened Fused Quartz
enderio:block_holy_enlightened_fused_quartz:13, Enlightened Fused Quartz
enderio:block_holy_enlightened_fused_quartz:14, Enlightened Fused Quartz
enderio:block_holy_enlightened_fused_quartz:15, Enlightened Fused Quartz
enderio:block_holy_enlightened_fused_glass:0, Enlightened Clear Glass
enderio:block_holy_enlightened_fused_glass:1, Enlightened Clear Glass
enderio:block_holy_enlightened_fused_glass:2, Enlightened Clear Glass
enderio:block_holy_enlightened_fused_glass:3, Enlightened Clear Glass
enderio:block_holy_enlightened_fused_glass:4, Enlightened Clear Glass
enderio:block_holy_enlightened_fused_glass:5, Enlightened Clear Glass
enderio:block_holy_enlightened_fused_glass:6, Enlightened Clear Glass
enderio:block_holy_enlightened_fused_glass:7, Enlightened Clear Glass
enderio:block_holy_enlightened_fused_glass:8, Enlightened Clear Glass
enderio:block_holy_enlightened_fused_glass:9, Enlightened Clear Glass
enderio:block_holy_enlightened_fused_glass:10, Enlightened Clear Glass
enderio:block_holy_enlightened_fused_glass:11, Enlightened Clear Glass
enderio:block_holy_enlightened_fused_glass:12, Enlightened Clear Glass
enderio:block_holy_enlightened_fused_glass:13, Enlightened Clear Glass
enderio:block_holy_enlightened_fused_glass:14, Enlightened Clear Glass
enderio:block_holy_enlightened_fused_glass:15, Enlightened Clear Glass
enderio:block_holy_dark_fused_quartz:0, Dark Fused Quartz
enderio:block_holy_dark_fused_quartz:1, Dark Fused Quartz
enderio:block_holy_dark_fused_quartz:2, Dark Fused Quartz
enderio:block_holy_dark_fused_quartz:3, Dark Fused Quartz
enderio:block_holy_dark_fused_quartz:4, Dark Fused Quartz
enderio:block_holy_dark_fused_quartz:5, Dark Fused Quartz
enderio:block_holy_dark_fused_quartz:6, Dark Fused Quartz
enderio:block_holy_dark_fused_quartz:7, Dark Fused Quartz
enderio:block_holy_dark_fused_quartz:8, Dark Fused Quartz
enderio:block_holy_dark_fused_quartz:9, Dark Fused Quartz
enderio:block_holy_dark_fused_quartz:10, Dark Fused Quartz
enderio:block_holy_dark_fused_quartz:11, Dark Fused Quartz
enderio:block_holy_dark_fused_quartz:12, Dark Fused Quartz
enderio:block_holy_dark_fused_quartz:13, Dark Fused Quartz
enderio:block_holy_dark_fused_quartz:14, Dark Fused Quartz
enderio:block_holy_dark_fused_quartz:15, Dark Fused Quartz
enderio:block_holy_dark_fused_glass:0, Dark Clear Glass
enderio:block_holy_dark_fused_glass:1, Dark Clear Glass
enderio:block_holy_dark_fused_glass:2, Dark Clear Glass
enderio:block_holy_dark_fused_glass:3, Dark Clear Glass
enderio:block_holy_dark_fused_glass:4, Dark Clear Glass
enderio:block_holy_dark_fused_glass:5, Dark Clear Glass
enderio:block_holy_dark_fused_glass:6, Dark Clear Glass
enderio:block_holy_dark_fused_glass:7, Dark Clear Glass
enderio:block_holy_dark_fused_glass:8, Dark Clear Glass
enderio:block_holy_dark_fused_glass:9, Dark Clear Glass
enderio:block_holy_dark_fused_glass:10, Dark Clear Glass
enderio:block_holy_dark_fused_glass:11, Dark Clear Glass
enderio:block_holy_dark_fused_glass:12, Dark Clear Glass
enderio:block_holy_dark_fused_glass:13, Dark Clear Glass
enderio:block_holy_dark_fused_glass:14, Dark Clear Glass
enderio:block_holy_dark_fused_glass:15, Dark Clear Glass
enderio:block_unholy_fused_quartz:0, Fused Quartz
enderio:block_unholy_fused_quartz:1, Fused Quartz
enderio:block_unholy_fused_quartz:2, Fused Quartz
enderio:block_unholy_fused_quartz:3, Fused Quartz
enderio:block_unholy_fused_quartz:4, Fused Quartz
enderio:block_unholy_fused_quartz:5, Fused Quartz
enderio:block_unholy_fused_quartz:6, Fused Quartz
enderio:block_unholy_fused_quartz:7, Fused Quartz
enderio:block_unholy_fused_quartz:8, Fused Quartz
enderio:block_unholy_fused_quartz:9, Fused Quartz
enderio:block_unholy_fused_quartz:10, Fused Quartz
enderio:block_unholy_fused_quartz:11, Fused Quartz
enderio:block_unholy_fused_quartz:12, Fused Quartz
enderio:block_unholy_fused_quartz:13, Fused Quartz
enderio:block_unholy_fused_quartz:14, Fused Quartz
enderio:block_unholy_fused_quartz:15, Fused Quartz
enderio:block_unholy_fused_glass:0, Quite Clear Glass
enderio:block_unholy_fused_glass:1, Quite Clear Glass
enderio:block_unholy_fused_glass:2, Quite Clear Glass
enderio:block_unholy_fused_glass:3, Quite Clear Glass
enderio:block_unholy_fused_glass:4, Quite Clear Glass
enderio:block_unholy_fused_glass:5, Quite Clear Glass
enderio:block_unholy_fused_glass:6, Quite Clear Glass
enderio:block_unholy_fused_glass:7, Quite Clear Glass
enderio:block_unholy_fused_glass:8, Quite Clear Glass
enderio:block_unholy_fused_glass:9, Quite Clear Glass
enderio:block_unholy_fused_glass:10, Quite Clear Glass
enderio:block_unholy_fused_glass:11, Quite Clear Glass
enderio:block_unholy_fused_glass:12, Quite Clear Glass
enderio:block_unholy_fused_glass:13, Quite Clear Glass
enderio:block_unholy_fused_glass:14, Quite Clear Glass
enderio:block_unholy_fused_glass:15, Quite Clear Glass
enderio:block_unholy_enlightened_fused_quartz:0, Enlightened Fused Quartz
enderio:block_unholy_enlightened_fused_quartz:1, Enlightened Fused Quartz
enderio:block_unholy_enlightened_fused_quartz:2, Enlightened Fused Quartz
enderio:block_unholy_enlightened_fused_quartz:3, Enlightened Fused Quartz
enderio:block_unholy_enlightened_fused_quartz:4, Enlightened Fused Quartz
enderio:block_unholy_enlightened_fused_quartz:5, Enlightened Fused Quartz
enderio:block_unholy_enlightened_fused_quartz:6, Enlightened Fused Quartz
enderio:block_unholy_enlightened_fused_quartz:7, Enlightened Fused Quartz
enderio:block_unholy_enlightened_fused_quartz:8, Enlightened Fused Quartz
enderio:block_unholy_enlightened_fused_quartz:9, Enlightened Fused Quartz
enderio:block_unholy_enlightened_fused_quartz:10, Enlightened Fused Quartz
enderio:block_unholy_enlightened_fused_quartz:11, Enlightened Fused Quartz
enderio:block_unholy_enlightened_fused_quartz:12, Enlightened Fused Quartz
enderio:block_unholy_enlightened_fused_quartz:13, Enlightened Fused Quartz
enderio:block_unholy_enlightened_fused_quartz:14, Enlightened Fused Quartz
enderio:block_unholy_enlightened_fused_quartz:15, Enlightened Fused Quartz
enderio:block_unholy_enlightened_fused_glass:0, Enlightened Clear Glass
enderio:block_unholy_enlightened_fused_glass:1, Enlightened Clear Glass
enderio:block_unholy_enlightened_fused_glass:2, Enlightened Clear Glass
enderio:block_unholy_enlightened_fused_glass:3, Enlightened Clear Glass
enderio:block_unholy_enlightened_fused_glass:4, Enlightened Clear Glass
enderio:block_unholy_enlightened_fused_glass:5, Enlightened Clear Glass
enderio:block_unholy_enlightened_fused_glass:6, Enlightened Clear Glass
enderio:block_unholy_enlightened_fused_glass:7, Enlightened Clear Glass
enderio:block_unholy_enlightened_fused_glass:8, Enlightened Clear Glass
enderio:block_unholy_enlightened_fused_glass:9, Enlightened Clear Glass
enderio:block_unholy_enlightened_fused_glass:10, Enlightened Clear Glass
enderio:block_unholy_enlightened_fused_glass:11, Enlightened Clear Glass
enderio:block_unholy_enlightened_fused_glass:12, Enlightened Clear Glass
enderio:block_unholy_enlightened_fused_glass:13, Enlightened Clear Glass
enderio:block_unholy_enlightened_fused_glass:14, Enlightened Clear Glass
enderio:block_unholy_enlightened_fused_glass:15, Enlightened Clear Glass
enderio:block_unholy_dark_fused_quartz:0, Dark Fused Quartz
enderio:block_unholy_dark_fused_quartz:1, Dark Fused Quartz
enderio:block_unholy_dark_fused_quartz:2, Dark Fused Quartz
enderio:block_unholy_dark_fused_quartz:3, Dark Fused Quartz
enderio:block_unholy_dark_fused_quartz:4, Dark Fused Quartz
enderio:block_unholy_dark_fused_quartz:5, Dark Fused Quartz
enderio:block_unholy_dark_fused_quartz:6, Dark Fused Quartz
enderio:block_unholy_dark_fused_quartz:7, Dark Fused Quartz
enderio:block_unholy_dark_fused_quartz:8, Dark Fused Quartz
enderio:block_unholy_dark_fused_quartz:9, Dark Fused Quartz
enderio:block_unholy_dark_fused_quartz:10, Dark Fused Quartz
enderio:block_unholy_dark_fused_quartz:11, Dark Fused Quartz
enderio:block_unholy_dark_fused_quartz:12, Dark Fused Quartz
enderio:block_unholy_dark_fused_quartz:13, Dark Fused Quartz
enderio:block_unholy_dark_fused_quartz:14, Dark Fused Quartz
enderio:block_unholy_dark_fused_quartz:15, Dark Fused Quartz
enderio:block_unholy_dark_fused_glass:0, Dark Clear Glass
enderio:block_unholy_dark_fused_glass:1, Dark Clear Glass
enderio:block_unholy_dark_fused_glass:2, Dark Clear Glass
enderio:block_unholy_dark_fused_glass:3, Dark Clear Glass
enderio:block_unholy_dark_fused_glass:4, Dark Clear Glass
enderio:block_unholy_dark_fused_glass:5, Dark Clear Glass
enderio:block_unholy_dark_fused_glass:6, Dark Clear Glass
enderio:block_unholy_dark_fused_glass:7, Dark Clear Glass
enderio:block_unholy_dark_fused_glass:8, Dark Clear Glass
enderio:block_unholy_dark_fused_glass:9, Dark Clear Glass
enderio:block_unholy_dark_fused_glass:10, Dark Clear Glass
enderio:block_unholy_dark_fused_glass:11, Dark Clear Glass
enderio:block_unholy_dark_fused_glass:12, Dark Clear Glass
enderio:block_unholy_dark_fused_glass:13, Dark Clear Glass
enderio:block_unholy_dark_fused_glass:14, Dark Clear Glass
enderio:block_unholy_dark_fused_glass:15, Dark Clear Glass
enderio:block_pasture_fused_quartz:0, Fused Quartz
enderio:block_pasture_fused_quartz:1, Fused Quartz
enderio:block_pasture_fused_quartz:2, Fused Quartz
enderio:block_pasture_fused_quartz:3, Fused Quartz
enderio:block_pasture_fused_quartz:4, Fused Quartz
enderio:block_pasture_fused_quartz:5, Fused Quartz
enderio:block_pasture_fused_quartz:6, Fused Quartz
enderio:block_pasture_fused_quartz:7, Fused Quartz
enderio:block_pasture_fused_quartz:8, Fused Quartz
enderio:block_pasture_fused_quartz:9, Fused Quartz
enderio:block_pasture_fused_quartz:10, Fused Quartz
enderio:block_pasture_fused_quartz:11, Fused Quartz
enderio:block_pasture_fused_quartz:12, Fused Quartz
enderio:block_pasture_fused_quartz:13, Fused Quartz
enderio:block_pasture_fused_quartz:14, Fused Quartz
enderio:block_pasture_fused_quartz:15, Fused Quartz
enderio:block_pasture_fused_glass:0, Quite Clear Glass
enderio:block_pasture_fused_glass:1, Quite Clear Glass
enderio:block_pasture_fused_glass:2, Quite Clear Glass
enderio:block_pasture_fused_glass:3, Quite Clear Glass
enderio:block_pasture_fused_glass:4, Quite Clear Glass
enderio:block_pasture_fused_glass:5, Quite Clear Glass
enderio:block_pasture_fused_glass:6, Quite Clear Glass
enderio:block_pasture_fused_glass:7, Quite Clear Glass
enderio:block_pasture_fused_glass:8, Quite Clear Glass
enderio:block_pasture_fused_glass:9, Quite Clear Glass
enderio:block_pasture_fused_glass:10, Quite Clear Glass
enderio:block_pasture_fused_glass:11, Quite Clear Glass
enderio:block_pasture_fused_glass:12, Quite Clear Glass
enderio:block_pasture_fused_glass:13, Quite Clear Glass
enderio:block_pasture_fused_glass:14, Quite Clear Glass
enderio:block_pasture_fused_glass:15, Quite Clear Glass
enderio:block_pasture_enlightened_fused_quartz:0, Enlightened Fused Quartz
enderio:block_pasture_enlightened_fused_quartz:1, Enlightened Fused Quartz
enderio:block_pasture_enlightened_fused_quartz:2, Enlightened Fused Quartz
enderio:block_pasture_enlightened_fused_quartz:3, Enlightened Fused Quartz
enderio:block_pasture_enlightened_fused_quartz:4, Enlightened Fused Quartz
enderio:block_pasture_enlightened_fused_quartz:5, Enlightened Fused Quartz
enderio:block_pasture_enlightened_fused_quartz:6, Enlightened Fused Quartz
enderio:block_pasture_enlightened_fused_quartz:7, Enlightened Fused Quartz
enderio:block_pasture_enlightened_fused_quartz:8, Enlightened Fused Quartz
enderio:block_pasture_enlightened_fused_quartz:9, Enlightened Fused Quartz
enderio:block_pasture_enlightened_fused_quartz:10, Enlightened Fused Quartz
enderio:block_pasture_enlightened_fused_quartz:11, Enlightened Fused Quartz
enderio:block_pasture_enlightened_fused_quartz:12, Enlightened Fused Quartz
enderio:block_pasture_enlightened_fused_quartz:13, Enlightened Fused Quartz
enderio:block_pasture_enlightened_fused_quartz:14, Enlightened Fused Quartz
enderio:block_pasture_enlightened_fused_quartz:15, Enlightened Fused Quartz
enderio:block_pasture_enlightened_fused_glass:0, Enlightened Clear Glass
enderio:block_pasture_enlightened_fused_glass:1, Enlightened Clear Glass
enderio:block_pasture_enlightened_fused_glass:2, Enlightened Clear Glass
enderio:block_pasture_enlightened_fused_glass:3, Enlightened Clear Glass
enderio:block_pasture_enlightened_fused_glass:4, Enlightened Clear Glass
enderio:block_pasture_enlightened_fused_glass:5, Enlightened Clear Glass
enderio:block_pasture_enlightened_fused_glass:6, Enlightened Clear Glass
enderio:block_pasture_enlightened_fused_glass:7, Enlightened Clear Glass
enderio:block_pasture_enlightened_fused_glass:8, Enlightened Clear Glass
enderio:block_pasture_enlightened_fused_glass:9, Enlightened Clear Glass
enderio:block_pasture_enlightened_fused_glass:10, Enlightened Clear Glass
enderio:block_pasture_enlightened_fused_glass:11, Enlightened Clear Glass
enderio:block_pasture_enlightened_fused_glass:12, Enlightened Clear Glass
enderio:block_pasture_enlightened_fused_glass:13, Enlightened Clear Glass
enderio:block_pasture_enlightened_fused_glass:14, Enlightened Clear Glass
enderio:block_pasture_enlightened_fused_glass:15, Enlightened Clear Glass
enderio:block_pasture_dark_fused_quartz:0, Dark Fused Quartz
enderio:block_pasture_dark_fused_quartz:1, Dark Fused Quartz
enderio:block_pasture_dark_fused_quartz:2, Dark Fused Quartz
enderio:block_pasture_dark_fused_quartz:3, Dark Fused Quartz
enderio:block_pasture_dark_fused_quartz:4, Dark Fused Quartz
enderio:block_pasture_dark_fused_quartz:5, Dark Fused Quartz
enderio:block_pasture_dark_fused_quartz:6, Dark Fused Quartz
enderio:block_pasture_dark_fused_quartz:7, Dark Fused Quartz
enderio:block_pasture_dark_fused_quartz:8, Dark Fused Quartz
enderio:block_pasture_dark_fused_quartz:9, Dark Fused Quartz
enderio:block_pasture_dark_fused_quartz:10, Dark Fused Quartz
enderio:block_pasture_dark_fused_quartz:11, Dark Fused Quartz
enderio:block_pasture_dark_fused_quartz:12, Dark Fused Quartz
enderio:block_pasture_dark_fused_quartz:13, Dark Fused Quartz
enderio:block_pasture_dark_fused_quartz:14, Dark Fused Quartz
enderio:block_pasture_dark_fused_quartz:15, Dark Fused Quartz
enderio:block_pasture_dark_fused_glass:0, Dark Clear Glass
enderio:block_pasture_dark_fused_glass:1, Dark Clear Glass
enderio:block_pasture_dark_fused_glass:2, Dark Clear Glass
enderio:block_pasture_dark_fused_glass:3, Dark Clear Glass
enderio:block_pasture_dark_fused_glass:4, Dark Clear Glass
enderio:block_pasture_dark_fused_glass:5, Dark Clear Glass
enderio:block_pasture_dark_fused_glass:6, Dark Clear Glass
enderio:block_pasture_dark_fused_glass:7, Dark Clear Glass
enderio:block_pasture_dark_fused_glass:8, Dark Clear Glass
enderio:block_pasture_dark_fused_glass:9, Dark Clear Glass
enderio:block_pasture_dark_fused_glass:10, Dark Clear Glass
enderio:block_pasture_dark_fused_glass:11, Dark Clear Glass
enderio:block_pasture_dark_fused_glass:12, Dark Clear Glass
enderio:block_pasture_dark_fused_glass:13, Dark Clear Glass
enderio:block_pasture_dark_fused_glass:14, Dark Clear Glass
enderio:block_pasture_dark_fused_glass:15, Dark Clear Glass
enderio:block_not_holy_fused_quartz:0, Fused Quartz
enderio:block_not_holy_fused_quartz:1, Fused Quartz
enderio:block_not_holy_fused_quartz:2, Fused Quartz
enderio:block_not_holy_fused_quartz:3, Fused Quartz
enderio:block_not_holy_fused_quartz:4, Fused Quartz
enderio:block_not_holy_fused_quartz:5, Fused Quartz
enderio:block_not_holy_fused_quartz:6, Fused Quartz
enderio:block_not_holy_fused_quartz:7, Fused Quartz
enderio:block_not_holy_fused_quartz:8, Fused Quartz
enderio:block_not_holy_fused_quartz:9, Fused Quartz
enderio:block_not_holy_fused_quartz:10, Fused Quartz
enderio:block_not_holy_fused_quartz:11, Fused Quartz
enderio:block_not_holy_fused_quartz:12, Fused Quartz
enderio:block_not_holy_fused_quartz:13, Fused Quartz
enderio:block_not_holy_fused_quartz:14, Fused Quartz
enderio:block_not_holy_fused_quartz:15, Fused Quartz
enderio:block_not_holy_fused_glass:0, Quite Clear Glass
enderio:block_not_holy_fused_glass:1, Quite Clear Glass
enderio:block_not_holy_fused_glass:2, Quite Clear Glass
enderio:block_not_holy_fused_glass:3, Quite Clear Glass
enderio:block_not_holy_fused_glass:4, Quite Clear Glass
enderio:block_not_holy_fused_glass:5, Quite Clear Glass
enderio:block_not_holy_fused_glass:6, Quite Clear Glass
enderio:block_not_holy_fused_glass:7, Quite Clear Glass
enderio:block_not_holy_fused_glass:8, Quite Clear Glass
enderio:block_not_holy_fused_glass:9, Quite Clear Glass
enderio:block_not_holy_fused_glass:10, Quite Clear Glass
enderio:block_not_holy_fused_glass:11, Quite Clear Glass
enderio:block_not_holy_fused_glass:12, Quite Clear Glass
enderio:block_not_holy_fused_glass:13, Quite Clear Glass
enderio:block_not_holy_fused_glass:14, Quite Clear Glass
enderio:block_not_holy_fused_glass:15, Quite Clear Glass
enderio:block_not_holy_enlightened_fused_quartz:0, Enlightened Fused Quartz
enderio:block_not_holy_enlightened_fused_quartz:1, Enlightened Fused Quartz
enderio:block_not_holy_enlightened_fused_quartz:2, Enlightened Fused Quartz
enderio:block_not_holy_enlightened_fused_quartz:3, Enlightened Fused Quartz
enderio:block_not_holy_enlightened_fused_quartz:4, Enlightened Fused Quartz
enderio:block_not_holy_enlightened_fused_quartz:5, Enlightened Fused Quartz
enderio:block_not_holy_enlightened_fused_quartz:6, Enlightened Fused Quartz
enderio:block_not_holy_enlightened_fused_quartz:7, Enlightened Fused Quartz
enderio:block_not_holy_enlightened_fused_quartz:8, Enlightened Fused Quartz
enderio:block_not_holy_enlightened_fused_quartz:9, Enlightened Fused Quartz
enderio:block_not_holy_enlightened_fused_quartz:10, Enlightened Fused Quartz
enderio:block_not_holy_enlightened_fused_quartz:11, Enlightened Fused Quartz
enderio:block_not_holy_enlightened_fused_quartz:12, Enlightened Fused Quartz
enderio:block_not_holy_enlightened_fused_quartz:13, Enlightened Fused Quartz
enderio:block_not_holy_enlightened_fused_quartz:14, Enlightened Fused Quartz
enderio:block_not_holy_enlightened_fused_quartz:15, Enlightened Fused Quartz
enderio:block_not_holy_enlightened_fused_glass:0, Enlightened Clear Glass
enderio:block_not_holy_enlightened_fused_glass:1, Enlightened Clear Glass
enderio:block_not_holy_enlightened_fused_glass:2, Enlightened Clear Glass
enderio:block_not_holy_enlightened_fused_glass:3, Enlightened Clear Glass
enderio:block_not_holy_enlightened_fused_glass:4, Enlightened Clear Glass
enderio:block_not_holy_enlightened_fused_glass:5, Enlightened Clear Glass
enderio:block_not_holy_enlightened_fused_glass:6, Enlightened Clear Glass
enderio:block_not_holy_enlightened_fused_glass:7, Enlightened Clear Glass
enderio:block_not_holy_enlightened_fused_glass:8, Enlightened Clear Glass
enderio:block_not_holy_enlightened_fused_glass:9, Enlightened Clear Glass
enderio:block_not_holy_enlightened_fused_glass:10, Enlightened Clear Glass
enderio:block_not_holy_enlightened_fused_glass:11, Enlightened Clear Glass
enderio:block_not_holy_enlightened_fused_glass:12, Enlightened Clear Glass
enderio:block_not_holy_enlightened_fused_glass:13, Enlightened Clear Glass
enderio:block_not_holy_enlightened_fused_glass:14, Enlightened Clear Glass
enderio:block_not_holy_enlightened_fused_glass:15, Enlightened Clear Glass
enderio:block_not_holy_dark_fused_quartz:0, Dark Fused Quartz
enderio:block_not_holy_dark_fused_quartz:1, Dark Fused Quartz
enderio:block_not_holy_dark_fused_quartz:2, Dark Fused Quartz
enderio:block_not_holy_dark_fused_quartz:3, Dark Fused Quartz
enderio:block_not_holy_dark_fused_quartz:4, Dark Fused Quartz
enderio:block_not_holy_dark_fused_quartz:5, Dark Fused Quartz
enderio:block_not_holy_dark_fused_quartz:6, Dark Fused Quartz
enderio:block_not_holy_dark_fused_quartz:7, Dark Fused Quartz
enderio:block_not_holy_dark_fused_quartz:8, Dark Fused Quartz
enderio:block_not_holy_dark_fused_quartz:9, Dark Fused Quartz
enderio:block_not_holy_dark_fused_quartz:10, Dark Fused Quartz
enderio:block_not_holy_dark_fused_quartz:11, Dark Fused Quartz
enderio:block_not_holy_dark_fused_quartz:12, Dark Fused Quartz
enderio:block_not_holy_dark_fused_quartz:13, Dark Fused Quartz
enderio:block_not_holy_dark_fused_quartz:14, Dark Fused Quartz
enderio:block_not_holy_dark_fused_quartz:15, Dark Fused Quartz
enderio:block_not_holy_dark_fused_glass:0, Dark Clear Glass
enderio:block_not_holy_dark_fused_glass:1, Dark Clear Glass
enderio:block_not_holy_dark_fused_glass:2, Dark Clear Glass
enderio:block_not_holy_dark_fused_glass:3, Dark Clear Glass
enderio:block_not_holy_dark_fused_glass:4, Dark Clear Glass
enderio:block_not_holy_dark_fused_glass:5, Dark Clear Glass
enderio:block_not_holy_dark_fused_glass:6, Dark Clear Glass
enderio:block_not_holy_dark_fused_glass:7, Dark Clear Glass
enderio:block_not_holy_dark_fused_glass:8, Dark Clear Glass
enderio:block_not_holy_dark_fused_glass:9, Dark Clear Glass
enderio:block_not_holy_dark_fused_glass:10, Dark Clear Glass
enderio:block_not_holy_dark_fused_glass:11, Dark Clear Glass
enderio:block_not_holy_dark_fused_glass:12, Dark Clear Glass
enderio:block_not_holy_dark_fused_glass:13, Dark Clear Glass
enderio:block_not_holy_dark_fused_glass:14, Dark Clear Glass
enderio:block_not_holy_dark_fused_glass:15, Dark Clear Glass
enderio:block_not_unholy_fused_quartz:0, Fused Quartz
enderio:block_not_unholy_fused_quartz:1, Fused Quartz
enderio:block_not_unholy_fused_quartz:2, Fused Quartz
enderio:block_not_unholy_fused_quartz:3, Fused Quartz
enderio:block_not_unholy_fused_quartz:4, Fused Quartz
enderio:block_not_unholy_fused_quartz:5, Fused Quartz
enderio:block_not_unholy_fused_quartz:6, Fused Quartz
enderio:block_not_unholy_fused_quartz:7, Fused Quartz
enderio:block_not_unholy_fused_quartz:8, Fused Quartz
enderio:block_not_unholy_fused_quartz:9, Fused Quartz
enderio:block_not_unholy_fused_quartz:10, Fused Quartz
enderio:block_not_unholy_fused_quartz:11, Fused Quartz
enderio:block_not_unholy_fused_quartz:12, Fused Quartz
enderio:block_not_unholy_fused_quartz:13, Fused Quartz
enderio:block_not_unholy_fused_quartz:14, Fused Quartz
enderio:block_not_unholy_fused_quartz:15, Fused Quartz
enderio:block_not_unholy_fused_glass:0, Quite Clear Glass
enderio:block_not_unholy_fused_glass:1, Quite Clear Glass
enderio:block_not_unholy_fused_glass:2, Quite Clear Glass
enderio:block_not_unholy_fused_glass:3, Quite Clear Glass
enderio:block_not_unholy_fused_glass:4, Quite Clear Glass
enderio:block_not_unholy_fused_glass:5, Quite Clear Glass
enderio:block_not_unholy_fused_glass:6, Quite Clear Glass
enderio:block_not_unholy_fused_glass:7, Quite Clear Glass
enderio:block_not_unholy_fused_glass:8, Quite Clear Glass
enderio:block_not_unholy_fused_glass:9, Quite Clear Glass
enderio:block_not_unholy_fused_glass:10, Quite Clear Glass
enderio:block_not_unholy_fused_glass:11, Quite Clear Glass
enderio:block_not_unholy_fused_glass:12, Quite Clear Glass
enderio:block_not_unholy_fused_glass:13, Quite Clear Glass
enderio:block_not_unholy_fused_glass:14, Quite Clear Glass
enderio:block_not_unholy_fused_glass:15, Quite Clear Glass
enderio:block_not_unholy_enlightened_fused_quartz:0, Enlightened Fused Quartz
enderio:block_not_unholy_enlightened_fused_quartz:1, Enlightened Fused Quartz
enderio:block_not_unholy_enlightened_fused_quartz:2, Enlightened Fused Quartz
enderio:block_not_unholy_enlightened_fused_quartz:3, Enlightened Fused Quartz
enderio:block_not_unholy_enlightened_fused_quartz:4, Enlightened Fused Quartz
enderio:block_not_unholy_enlightened_fused_quartz:5, Enlightened Fused Quartz
enderio:block_not_unholy_enlightened_fused_quartz:6, Enlightened Fused Quartz
enderio:block_not_unholy_enlightened_fused_quartz:7, Enlightened Fused Quartz
enderio:block_not_unholy_enlightened_fused_quartz:8, Enlightened Fused Quartz
enderio:block_not_unholy_enlightened_fused_quartz:9, Enlightened Fused Quartz
enderio:block_not_unholy_enlightened_fused_quartz:10, Enlightened Fused Quartz
enderio:block_not_unholy_enlightened_fused_quartz:11, Enlightened Fused Quartz
enderio:block_not_unholy_enlightened_fused_quartz:12, Enlightened Fused Quartz
enderio:block_not_unholy_enlightened_fused_quartz:13, Enlightened Fused Quartz
enderio:block_not_unholy_enlightened_fused_quartz:14, Enlightened Fused Quartz
enderio:block_not_unholy_enlightened_fused_quartz:15, Enlightened Fused Quartz
enderio:block_not_unholy_enlightened_fused_glass:0, Enlightened Clear Glass
enderio:block_not_unholy_enlightened_fused_glass:1, Enlightened Clear Glass
enderio:block_not_unholy_enlightened_fused_glass:2, Enlightened Clear Glass
enderio:block_not_unholy_enlightened_fused_glass:3, Enlightened Clear Glass
enderio:block_not_unholy_enlightened_fused_glass:4, Enlightened Clear Glass
enderio:block_not_unholy_enlightened_fused_glass:5, Enlightened Clear Glass
enderio:block_not_unholy_enlightened_fused_glass:6, Enlightened Clear Glass
enderio:block_not_unholy_enlightened_fused_glass:7, Enlightened Clear Glass
enderio:block_not_unholy_enlightened_fused_glass:8, Enlightened Clear Glass
enderio:block_not_unholy_enlightened_fused_glass:9, Enlightened Clear Glass
enderio:block_not_unholy_enlightened_fused_glass:10, Enlightened Clear Glass
enderio:block_not_unholy_enlightened_fused_glass:11, Enlightened Clear Glass
enderio:block_not_unholy_enlightened_fused_glass:12, Enlightened Clear Glass
enderio:block_not_unholy_enlightened_fused_glass:13, Enlightened Clear Glass
enderio:block_not_unholy_enlightened_fused_glass:14, Enlightened Clear Glass
enderio:block_not_unholy_enlightened_fused_glass:15, Enlightened Clear Glass
enderio:block_not_unholy_dark_fused_quartz:0, Dark Fused Quartz
enderio:block_not_unholy_dark_fused_quartz:1, Dark Fused Quartz
enderio:block_not_unholy_dark_fused_quartz:2, Dark Fused Quartz
enderio:block_not_unholy_dark_fused_quartz:3, Dark Fused Quartz
enderio:block_not_unholy_dark_fused_quartz:4, Dark Fused Quartz
enderio:block_not_unholy_dark_fused_quartz:5, Dark Fused Quartz
enderio:block_not_unholy_dark_fused_quartz:6, Dark Fused Quartz
enderio:block_not_unholy_dark_fused_quartz:7, Dark Fused Quartz
enderio:block_not_unholy_dark_fused_quartz:8, Dark Fused Quartz
enderio:block_not_unholy_dark_fused_quartz:9, Dark Fused Quartz
enderio:block_not_unholy_dark_fused_quartz:10, Dark Fused Quartz
enderio:block_not_unholy_dark_fused_quartz:11, Dark Fused Quartz
enderio:block_not_unholy_dark_fused_quartz:12, Dark Fused Quartz
enderio:block_not_unholy_dark_fused_quartz:13, Dark Fused Quartz
enderio:block_not_unholy_dark_fused_quartz:14, Dark Fused Quartz
enderio:block_not_unholy_dark_fused_quartz:15, Dark Fused Quartz
enderio:block_not_unholy_dark_fused_glass:0, Dark Clear Glass
enderio:block_not_unholy_dark_fused_glass:1, Dark Clear Glass
enderio:block_not_unholy_dark_fused_glass:2, Dark Clear Glass
enderio:block_not_unholy_dark_fused_glass:3, Dark Clear Glass
enderio:block_not_unholy_dark_fused_glass:4, Dark Clear Glass
enderio:block_not_unholy_dark_fused_glass:5, Dark Clear Glass
enderio:block_not_unholy_dark_fused_glass:6, Dark Clear Glass
enderio:block_not_unholy_dark_fused_glass:7, Dark Clear Glass
enderio:block_not_unholy_dark_fused_glass:8, Dark Clear Glass
enderio:block_not_unholy_dark_fused_glass:9, Dark Clear Glass
enderio:block_not_unholy_dark_fused_glass:10, Dark Clear Glass
enderio:block_not_unholy_dark_fused_glass:11, Dark Clear Glass
enderio:block_not_unholy_dark_fused_glass:12, Dark Clear Glass
enderio:block_not_unholy_dark_fused_glass:13, Dark Clear Glass
enderio:block_not_unholy_dark_fused_glass:14, Dark Clear Glass
enderio:block_not_unholy_dark_fused_glass:15, Dark Clear Glass
enderio:block_not_pasture_fused_quartz:0, Fused Quartz
enderio:block_not_pasture_fused_quartz:1, Fused Quartz
enderio:block_not_pasture_fused_quartz:2, Fused Quartz
enderio:block_not_pasture_fused_quartz:3, Fused Quartz
enderio:block_not_pasture_fused_quartz:4, Fused Quartz
enderio:block_not_pasture_fused_quartz:5, Fused Quartz
enderio:block_not_pasture_fused_quartz:6, Fused Quartz
enderio:block_not_pasture_fused_quartz:7, Fused Quartz
enderio:block_not_pasture_fused_quartz:8, Fused Quartz
enderio:block_not_pasture_fused_quartz:9, Fused Quartz
enderio:block_not_pasture_fused_quartz:10, Fused Quartz
enderio:block_not_pasture_fused_quartz:11, Fused Quartz
enderio:block_not_pasture_fused_quartz:12, Fused Quartz
enderio:block_not_pasture_fused_quartz:13, Fused Quartz
enderio:block_not_pasture_fused_quartz:14, Fused Quartz
enderio:block_not_pasture_fused_quartz:15, Fused Quartz
enderio:block_not_pasture_fused_glass:0, Quite Clear Glass
enderio:block_not_pasture_fused_glass:1, Quite Clear Glass
enderio:block_not_pasture_fused_glass:2, Quite Clear Glass
enderio:block_not_pasture_fused_glass:3, Quite Clear Glass
enderio:block_not_pasture_fused_glass:4, Quite Clear Glass
enderio:block_not_pasture_fused_glass:5, Quite Clear Glass
enderio:block_not_pasture_fused_glass:6, Quite Clear Glass
enderio:block_not_pasture_fused_glass:7, Quite Clear Glass
enderio:block_not_pasture_fused_glass:8, Quite Clear Glass
enderio:block_not_pasture_fused_glass:9, Quite Clear Glass
enderio:block_not_pasture_fused_glass:10, Quite Clear Glass
enderio:block_not_pasture_fused_glass:11, Quite Clear Glass
enderio:block_not_pasture_fused_glass:12, Quite Clear Glass
enderio:block_not_pasture_fused_glass:13, Quite Clear Glass
enderio:block_not_pasture_fused_glass:14, Quite Clear Glass
enderio:block_not_pasture_fused_glass:15, Quite Clear Glass
enderio:block_not_pasture_enlightened_fused_quartz:0, Enlightened Fused Quartz
enderio:block_not_pasture_enlightened_fused_quartz:1, Enlightened Fused Quartz
enderio:block_not_pasture_enlightened_fused_quartz:2, Enlightened Fused Quartz
enderio:block_not_pasture_enlightened_fused_quartz:3, Enlightened Fused Quartz
enderio:block_not_pasture_enlightened_fused_quartz:4, Enlightened Fused Quartz
enderio:block_not_pasture_enlightened_fused_quartz:5, Enlightened Fused Quartz
enderio:block_not_pasture_enlightened_fused_quartz:6, Enlightened Fused Quartz
enderio:block_not_pasture_enlightened_fused_quartz:7, Enlightened Fused Quartz
enderio:block_not_pasture_enlightened_fused_quartz:8, Enlightened Fused Quartz
enderio:block_not_pasture_enlightened_fused_quartz:9, Enlightened Fused Quartz
enderio:block_not_pasture_enlightened_fused_quartz:10, Enlightened Fused Quartz
enderio:block_not_pasture_enlightened_fused_quartz:11, Enlightened Fused Quartz
enderio:block_not_pasture_enlightened_fused_quartz:12, Enlightened Fused Quartz
enderio:block_not_pasture_enlightened_fused_quartz:13, Enlightened Fused Quartz
enderio:block_not_pasture_enlightened_fused_quartz:14, Enlightened Fused Quartz
enderio:block_not_pasture_enlightened_fused_quartz:15, Enlightened Fused Quartz
enderio:block_not_pasture_enlightened_fused_glass:0, Enlightened Clear Glass
enderio:block_not_pasture_enlightened_fused_glass:1, Enlightened Clear Glass
enderio:block_not_pasture_enlightened_fused_glass:2, Enlightened Clear Glass
enderio:block_not_pasture_enlightened_fused_glass:3, Enlightened Clear Glass
enderio:block_not_pasture_enlightened_fused_glass:4, Enlightened Clear Glass
enderio:block_not_pasture_enlightened_fused_glass:5, Enlightened Clear Glass
enderio:block_not_pasture_enlightened_fused_glass:6, Enlightened Clear Glass
enderio:block_not_pasture_enlightened_fused_glass:7, Enlightened Clear Glass
enderio:block_not_pasture_enlightened_fused_glass:8, Enlightened Clear Glass
enderio:block_not_pasture_enlightened_fused_glass:9, Enlightened Clear Glass
enderio:block_not_pasture_enlightened_fused_glass:10, Enlightened Clear Glass
enderio:block_not_pasture_enlightened_fused_glass:11, Enlightened Clear Glass
enderio:block_not_pasture_enlightened_fused_glass:12, Enlightened Clear Glass
enderio:block_not_pasture_enlightened_fused_glass:13, Enlightened Clear Glass
enderio:block_not_pasture_enlightened_fused_glass:14, Enlightened Clear Glass
enderio:block_not_pasture_enlightened_fused_glass:15, Enlightened Clear Glass
enderio:block_not_pasture_dark_fused_quartz:0, Dark Fused Quartz
enderio:block_not_pasture_dark_fused_quartz:1, Dark Fused Quartz
enderio:block_not_pasture_dark_fused_quartz:2, Dark Fused Quartz
enderio:block_not_pasture_dark_fused_quartz:3, Dark Fused Quartz
enderio:block_not_pasture_dark_fused_quartz:4, Dark Fused Quartz
enderio:block_not_pasture_dark_fused_quartz:5, Dark Fused Quartz
enderio:block_not_pasture_dark_fused_quartz:6, Dark Fused Quartz
enderio:block_not_pasture_dark_fused_quartz:7, Dark Fused Quartz
enderio:block_not_pasture_dark_fused_quartz:8, Dark Fused Quartz
enderio:block_not_pasture_dark_fused_quartz:9, Dark Fused Quartz
enderio:block_not_pasture_dark_fused_quartz:10, Dark Fused Quartz
enderio:block_not_pasture_dark_fused_quartz:11, Dark Fused Quartz
enderio:block_not_pasture_dark_fused_quartz:12, Dark Fused Quartz
enderio:block_not_pasture_dark_fused_quartz:13, Dark Fused Quartz
enderio:block_not_pasture_dark_fused_quartz:14, Dark Fused Quartz
enderio:block_not_pasture_dark_fused_quartz:15, Dark Fused Quartz
enderio:block_not_pasture_dark_fused_glass:0, Dark Clear Glass
enderio:block_not_pasture_dark_fused_glass:1, Dark Clear Glass
enderio:block_not_pasture_dark_fused_glass:2, Dark Clear Glass
enderio:block_not_pasture_dark_fused_glass:3, Dark Clear Glass
enderio:block_not_pasture_dark_fused_glass:4, Dark Clear Glass
enderio:block_not_pasture_dark_fused_glass:5, Dark Clear Glass
enderio:block_not_pasture_dark_fused_glass:6, Dark Clear Glass
enderio:block_not_pasture_dark_fused_glass:7, Dark Clear Glass
enderio:block_not_pasture_dark_fused_glass:8, Dark Clear Glass
enderio:block_not_pasture_dark_fused_glass:9, Dark Clear Glass
enderio:block_not_pasture_dark_fused_glass:10, Dark Clear Glass
enderio:block_not_pasture_dark_fused_glass:11, Dark Clear Glass
enderio:block_not_pasture_dark_fused_glass:12, Dark Clear Glass
enderio:block_not_pasture_dark_fused_glass:13, Dark Clear Glass
enderio:block_not_pasture_dark_fused_glass:14, Dark Clear Glass
enderio:block_not_pasture_dark_fused_glass:15, Dark Clear Glass
enderio:item_soul_vial, Soul Vial
enderio:block_detector_block:0, Block Detector
enderio:block_detector_block_silent:0, Block Detector (Silent)
enderio:item_dark_steel_helmet, Dark Helm
enderio:item_dark_steel_chestplate, Dark Plate
enderio:item_dark_steel_leggings, Dark Leggings
enderio:item_dark_steel_boots, Dark Boots
enderio:item_dark_steel_shield, Dark Shield
enderio:item_dark_steel_sword, The Ender
enderio:item_dark_steel_pickaxe, Dark Pick
enderio:item_dark_steel_axe, Dark Axe
enderio:item_dark_steel_bow, Dark Bow
enderio:item_dark_steel_shears, Dark Shears
enderio:item_dark_steel_treetap, Dark Treetap
enderio:item_dark_steel_crook, Dark Crook
enderio:item_dark_steel_hand, Dark Backhoe
enderio:item_inventory_charger_simple, Simple Inventory Charger
enderio:item_inventory_charger_basic, Basic Inventory Charger
enderio:item_inventory_charger, Inventory Charger
enderio:item_inventory_charger_vibrant, Vibrant Inventory Charger
enderio:item_end_steel_sword, The Ender Mk2
enderio:item_end_steel_pickaxe, Ender Pickaxe
enderio:item_end_steel_axe, Ender Axe
enderio:item_end_steel_bow, Ender Bow
enderio:item_end_steel_helmet, Ender Helm
enderio:item_end_steel_chestplate, Ender Plate
enderio:item_end_steel_leggings, Ender Leggings
enderio:item_end_steel_boots, Ender Boots
enderio:item_end_steel_shield, Ender Shield
enderio:item_staff_of_levity:0, Staff of Levity
enderio:item_staff_of_levity:0, Staff of Levity
enderio:item_dark_steel_upgrade:0, Blank Dark Steel Upgrade
enderio:item_dark_steel_upgrade:1, Dark Steel Upgrade "Micro Anvil"
enderio:item_dark_steel_upgrade:1, Dark Steel Upgrade "Micro Anvil"
enderio:item_dark_steel_upgrade:1, Dark Steel Upgrade "Mini Anvil"
enderio:item_dark_steel_upgrade:1, Dark Steel Upgrade "Mini Anvil"
enderio:item_dark_steel_upgrade:1, Dark Steel Upgrade "Pocket Anvil"
enderio:item_dark_steel_upgrade:1, Dark Steel Upgrade "Pocket Anvil"
enderio:item_dark_steel_upgrade:1, Dark Steel Upgrade "Apiarist's Shirt"
enderio:item_dark_steel_upgrade:1, Dark Steel Upgrade "Apiarist's Shirt"
enderio:item_dark_steel_upgrade:1, Dark Steel Upgrade "Apiarist's Shoes"
enderio:item_dark_steel_upgrade:1, Dark Steel Upgrade "Apiarist's Shoes"
enderio:item_dark_steel_upgrade:1, Dark Steel Upgrade "Apiarist's Hat"
enderio:item_dark_steel_upgrade:1, Dark Steel Upgrade "Apiarist's Hat"
enderio:item_dark_steel_upgrade:1, Dark Steel Upgrade "Apiarist's Pants"
enderio:item_dark_steel_upgrade:1, Dark Steel Upgrade "Apiarist's Pants"
enderio:item_dark_steel_upgrade:1, Dark Steel Upgrade "Carpeting"
enderio:item_dark_steel_upgrade:1, Dark Steel Upgrade "Carpeting"
enderio:item_dark_steel_upgrade:1, Dark Steel Upgrade "Depth"
enderio:item_dark_steel_upgrade:1, Dark Steel Upgrade "Depth"
enderio:item_dark_steel_upgrade:1, Dark Steel Upgrade "Direct"
enderio:item_dark_steel_upgrade:1, Dark Steel Upgrade "Direct"
enderio:item_dark_steel_upgrade:1, Dark Steel Upgrade "Elytra"
enderio:item_dark_steel_upgrade:1, Dark Steel Upgrade "Elytra"
enderio:item_dark_steel_upgrade:1, Dark Steel Upgrade "Empowered"
enderio:item_dark_steel_upgrade:1, Dark Steel Upgrade "Empowered"
enderio:item_dark_steel_upgrade:1, Dark Steel Upgrade "Empowered II"
enderio:item_dark_steel_upgrade:1, Dark Steel Upgrade "Empowered II"
enderio:item_dark_steel_upgrade:1, Dark Steel Upgrade "Empowered III"
enderio:item_dark_steel_upgrade:1, Dark Steel Upgrade "Empowered III"
enderio:item_dark_steel_upgrade:1, Dark Steel Upgrade "Empowered IV"
enderio:item_dark_steel_upgrade:1, Dark Steel Upgrade "Empowered IV"
enderio:item_dark_steel_upgrade:1, Dark Steel Upgrade "Empowered V"
enderio:item_dark_steel_upgrade:1, Dark Steel Upgrade "Empowered V"
enderio:item_dark_steel_upgrade:1, Dark Steel Upgrade "Glider"
enderio:item_dark_steel_upgrade:1, Dark Steel Upgrade "Glider"
enderio:item_dark_steel_upgrade:1, Dark Steel Upgrade "Fork"
enderio:item_dark_steel_upgrade:1, Dark Steel Upgrade "Fork"
enderio:item_dark_steel_upgrade:1, Dark Steel Upgrade "Inventory I"
enderio:item_dark_steel_upgrade:1, Dark Steel Upgrade "Inventory I"
enderio:item_dark_steel_upgrade:1, Dark Steel Upgrade "Inventory II"
enderio:item_dark_steel_upgrade:1, Dark Steel Upgrade "Inventory II"
enderio:item_dark_steel_upgrade:1, Dark Steel Upgrade "Inventory III"
enderio:item_dark_steel_upgrade:1, Dark Steel Upgrade "Inventory III"
enderio:item_dark_steel_upgrade:1, Dark Steel Upgrade "Jump"
enderio:item_dark_steel_upgrade:1, Dark Steel Upgrade "Jump"
enderio:item_dark_steel_upgrade:1, Dark Steel Upgrade "Jump II"
enderio:item_dark_steel_upgrade:1, Dark Steel Upgrade "Jump II"
enderio:item_dark_steel_upgrade:1, Dark Steel Upgrade "Jump III"
enderio:item_dark_steel_upgrade:1, Dark Steel Upgrade "Jump III"
enderio:item_dark_steel_upgrade:1, Dark Steel Upgrade "Naturalist's Eye"
enderio:item_dark_steel_upgrade:1, Dark Steel Upgrade "Naturalist's Eye"
enderio:item_dark_steel_upgrade:1, Dark Steel Upgrade "Night Vision"
enderio:item_dark_steel_upgrade:1, Dark Steel Upgrade "Night Vision"
enderio:item_dark_steel_upgrade:1, Dark Steel Upgrade "Padding"
enderio:item_dark_steel_upgrade:1, Dark Steel Upgrade "Padding"
enderio:item_dark_steel_upgrade:1, Dark Steel Upgrade "Simple Solar"
enderio:item_dark_steel_upgrade:1, Dark Steel Upgrade "Simple Solar"
enderio:item_dark_steel_upgrade:1, Dark Steel Upgrade "Solar I"
enderio:item_dark_steel_upgrade:1, Dark Steel Upgrade "Solar I"
enderio:item_dark_steel_upgrade:1, Dark Steel Upgrade "Solar II"
enderio:item_dark_steel_upgrade:1, Dark Steel Upgrade "Solar II"
enderio:item_dark_steel_upgrade:1, Dark Steel Upgrade "Solar III"
enderio:item_dark_steel_upgrade:1, Dark Steel Upgrade "Solar III"
enderio:item_dark_steel_upgrade:1, Dark Steel Upgrade "Sound Locator"
enderio:item_dark_steel_upgrade:1, Dark Steel Upgrade "Sound Locator"
enderio:item_dark_steel_upgrade:1, Dark Steel Upgrade "Speed"
enderio:item_dark_steel_upgrade:1, Dark Steel Upgrade "Speed"
enderio:item_dark_steel_upgrade:1, Dark Steel Upgrade "Speed II"
enderio:item_dark_steel_upgrade:1, Dark Steel Upgrade "Speed II"
enderio:item_dark_steel_upgrade:1, Dark Steel Upgrade "Speed III"
enderio:item_dark_steel_upgrade:1, Dark Steel Upgrade "Speed III"
enderio:item_dark_steel_upgrade:1, Dark Steel Upgrade "Spoon"
enderio:item_dark_steel_upgrade:1, Dark Steel Upgrade "Spoon"
enderio:item_dark_steel_upgrade:1, Dark Steel Upgrade "Step Assist"
enderio:item_dark_steel_upgrade:1, Dark Steel Upgrade "Step Assist"
enderio:item_dark_steel_upgrade:1, Dark Steel Upgrade "Flippers"
enderio:item_dark_steel_upgrade:1, Dark Steel Upgrade "Flippers"
enderio:item_dark_steel_upgrade:1, Dark Steel Upgrade "Explosive I"
enderio:item_dark_steel_upgrade:1, Dark Steel Upgrade "Explosive I"
enderio:item_dark_steel_upgrade:1, Dark Steel Upgrade "Explosive II"
enderio:item_dark_steel_upgrade:1, Dark Steel Upgrade "Explosive II"
enderio:item_dark_steel_upgrade:1, Dark Steel Upgrade "Explosive III"
enderio:item_dark_steel_upgrade:1, Dark Steel Upgrade "Explosive III"
enderio:item_dark_steel_upgrade:1, Dark Steel Upgrade "Explosive IV"
enderio:item_dark_steel_upgrade:1, Dark Steel Upgrade "Explosive IV"
enderio:item_dark_steel_upgrade:1, Dark Steel Upgrade "Explosive V"
enderio:item_dark_steel_upgrade:1, Dark Steel Upgrade "Explosive V"
enderio:item_dark_steel_upgrade:1, Dark Steel Upgrade "The One Probe"
enderio:item_dark_steel_upgrade:1, Dark Steel Upgrade "The One Probe"
enderio:item_dark_steel_upgrade:1, Dark Steel Upgrade "Travel"
enderio:item_dark_steel_upgrade:1, Dark Steel Upgrade "Travel"
enderio:block_death_pouch, Death Urn
enderio:item_owl_egg, Owl Egg
enderio:block_alloy_endergy:0, Crude Steel Block
enderio:block_alloy_endergy:1, Crystalline Alloy Block
enderio:block_alloy_endergy:2, Melodic Alloy Block
enderio:block_alloy_endergy:3, Stellar Alloy Block
enderio:block_alloy_endergy:4, Crystalline Pink Slime Block
enderio:block_alloy_endergy:5, Energetic Silver Block
enderio:block_alloy_endergy:6, Vivid Alloy Block
enderio:item_alloy_endergy_ingot:0, Crude Steel Ingot
enderio:item_alloy_endergy_ingot:1, Crystalline Alloy Ingot
enderio:item_alloy_endergy_ingot:2, Melodic Alloy Ingot
enderio:item_alloy_endergy_ingot:3, Stellar Alloy Ingot
enderio:item_alloy_endergy_ingot:4, Crystalline Pink Slime Ingot
enderio:item_alloy_endergy_ingot:5, Energetic Silver Ingot
enderio:item_alloy_endergy_ingot:6, Vivid Alloy Ingot
enderio:item_alloy_endergy_nugget:0, Crude Steel Nugget
enderio:item_alloy_endergy_nugget:1, Crystalline Alloy Nugget
enderio:item_alloy_endergy_nugget:2, Melodic Alloy Nugget
enderio:item_alloy_endergy_nugget:3, Stellar Alloy Nugget
enderio:item_alloy_endergy_nugget:4, Crystalline Pink Slime Nugget
enderio:item_alloy_endergy_nugget:5, Energetic Silver Nugget
enderio:item_alloy_endergy_nugget:6, Vivid Alloy Nugget
enderio:item_alloy_endergy_ball:0, Crude Steel Grinding Ball
enderio:item_alloy_endergy_ball:1, Crystalline Alloy Grinding Ball
enderio:item_alloy_endergy_ball:2, Melodic Alloy Grinding Ball
enderio:item_alloy_endergy_ball:3, Stellar Alloy Grinding Ball
enderio:item_alloy_endergy_ball:4, Crystalline Pink Slime Grinding Ball
enderio:item_alloy_endergy_ball:5, Energetic Silver Grinding Ball
enderio:item_alloy_endergy_ball:6, Vivid Alloy Grinding Ball
enderio:item_item_conduit:0, Item Conduit
enderio:item_liquid_conduit:0, Fluid Conduit
enderio:item_liquid_conduit:1, Pressurized Fluid Conduit
enderio:item_liquid_conduit:2, Ender Fluid Conduit
enderio:item_power_conduit:0, Energy Conduit
enderio:item_power_conduit:1, Enhanced Energy Conduit
enderio:item_power_conduit:2, Ender Energy Conduit
enderio:item_redstone_conduit:0, Redstone Conduit
enderio:item_extract_speed_upgrade:0, Extract Speed Upgrade
enderio:item_extract_speed_downgrade:0, Extract Speed Downgrade
enderio:item_me_conduit:0, ME Conduit
enderio:item_me_conduit:1, Dense ME Conduit
enderio:item_species_item_filter:0, Species Item Filter
enderio:block_inventory_panel, Inventory Panel
enderio:block_inventory_panel_sensor, Inventory Sensor
enderio:block_inventory_chest_tiny, Tiny Inventory System Storage
enderio:block_inventory_chest_small, Small Inventory System Storage
enderio:block_inventory_chest_medium, Medium Inventory System Storage
enderio:block_inventory_chest_big, Big Inventory System Storage
enderio:block_inventory_chest_large, Large Inventory System Storage
enderio:block_inventory_chest_huge, Huge Inventory System Storage
enderio:block_inventory_chest_enormous, Enormous Inventory System Storage
enderio:block_inventory_chest_warehouse, Inventory System Storage Warehouse
enderio:block_inventory_chest_warehouse13, Inventory System Storage Extended Warehouse
enderio:item_inventory_remote:0, Inventory Panel Remote
enderio:item_inventory_remote:0, Inventory Panel Remote
enderio:item_inventory_remote:1, Advanced Inventory Panel Remote
enderio:item_inventory_remote:1, Advanced Inventory Panel Remote
enderio:item_inventory_remote:2, Ender Inventory Panel Remote
enderio:item_inventory_remote:2, Ender Inventory Panel Remote
enderio:item_data_conduit:0, Data Conduit
enderio:block_simple_furnace, Simple Powered Furnace
enderio:block_simple_alloy_smelter, Simple Alloy Smelter
enderio:block_alloy_smelter, Alloy Smelter
enderio:block_enhanced_alloy_smelter, Enhanced Alloy Smelter
enderio:block_buffer:0, Item Buffer
enderio:block_buffer:1, Power Buffer
enderio:block_buffer:2, Omni Buffer
enderio:block_buffer:3, Creative Buffer
enderio:block_enchanter, Enchanter
enderio:block_farm_station, Farming Station
enderio:block_combustion_generator, Combustion Generator
enderio:block_enhanced_combustion_generator, Enhanced Combustion Generator
enderio:block_simple_stirling_generator, Simple Stirling Generator
enderio:block_stirling_generator, Stirling Generator
enderio:block_zombie_generator, Zombie Generator
enderio:block_franken_zombie_generator, Frank'n'Zombie Generator
enderio:block_ender_generator, Ender Generator
enderio:block_lava_generator, Lava Heat Exchanger
enderio:block_killer_joe, Killer Joe
enderio:block_electric_light:0, Electric Light
enderio:block_electric_light:1, Electric Light (Inverted)
enderio:block_electric_light:2, Light
enderio:block_electric_light:3, Light (Inverted)
enderio:block_electric_light:4, Wireless Light
enderio:block_electric_light:5, Wireless Light (Inverted)
enderio:block_attractor_obelisk, Attractor Obelisk
enderio:block_aversion_obelisk, Aversion Obelisk
enderio:block_inhibitor_obelisk, Inhibitor Obelisk
enderio:block_relocator_obelisk, Relocator Obelisk
enderio:block_weather_obelisk, Weather Obelisk
enderio:block_experience_obelisk, Experience Obelisk
enderio:block_painter, Painting Machine
enderio:block_reservoir, Endervoir
enderio:block_omni_reservoir, Omnivoir
enderio:block_simple_sag_mill, Simple SAG Mill
enderio:block_sag_mill, SAG Mill
enderio:block_enhanced_sag_mill, Enhanced SAG Mill
enderio:block_slice_and_splice, Slice'N'Splice
enderio:block_solar_panel:0, Simple Photovoltaic Cell
enderio:block_solar_panel:1, Photovoltaic Cell
enderio:block_solar_panel:2, Advanced Photovoltaic Cell
enderio:block_solar_panel:3, Vibrant Photovoltaic Cell
enderio:block_solar_panel:4, Crystalline Photovoltaic Cell
enderio:block_solar_panel:5, Melodic Photovoltaic Cell
enderio:block_solar_panel:6, Stellar Photovoltaic Cell
enderio:block_soul_binder, Soul Binder
enderio:block_powered_spawner, Powered Spawner
enderio:block_vat, The Vat
enderio:block_enhanced_vat, The Enhanced Vat
enderio:block_simple_wired_charger, Simple Wired Charger
enderio:block_wired_charger, Wired Charger
enderio:block_enhanced_wired_charger, Enhanced Wired Charger
enderio:block_wireless_charger, Wireless Charger
enderio:block_normal_wireless_charger, Wireless Charging Antenna
enderio:block_enhanced_wireless_charger, Enhanced Wireless Charging Antenna
enderio:block_wireless_charger_extension, Wireless Charging Antenna Extension
enderio:block_tank:0, Fluid Tank
enderio:block_tank:1, Pressurized Fluid Tank
enderio:block_transceiver, Dimensional Transceiver
enderio:block_vacuum_chest, Vacuum Chest
enderio:block_xp_vacuum, XP Vacuum
enderio:block_niard, The Niard
enderio:block_travel_anchor, Travel Anchor
enderio:block_tele_pad, Telepad Block
enderio:block_dialing_device, Dialing Device
enderio:block_impulse_hopper, Impulse Hopper
enderio:block_simple_crafter, Simple Crafter
enderio:block_crafter, Crafter
enderio:block_creative_spawner, Creative Spawner
enderio:block_cap_bank:0, Creative Capacitor Bank
enderio:block_cap_bank:1, Basic Capacitor Bank
enderio:block_cap_bank:1, Basic Capacitor Bank
enderio:block_cap_bank:2, Capacitor Bank
enderio:block_cap_bank:2, Capacitor Bank
enderio:block_cap_bank:3, Vibrant Capacitor Bank
enderio:block_cap_bank:3, Vibrant Capacitor Bank
enderio:block_gauge, Energy Gauge
enderio:block_power_monitor, Power Monitor
enderio:block_advanced_power_monitor, Graphical Power Monitor
enderio:item_capacitor_grainy, Grainy Capacitor
enderio:item_capacitor_crystalline, Crystalline Capacitor
enderio:item_capacitor_melodic, Melodic Capacitor
enderio:item_capacitor_stellar, Stellar Capacitor
enderio:item_capacitor_totemic, Totemic Capacitor
enderio:item_endergy_conduit:0, Crude Energy Conduit
enderio:item_endergy_conduit:1, Iron Energy Conduit
enderio:item_endergy_conduit:2, Aluminium Energy Conduit
enderio:item_endergy_conduit:3, Gold Energy Conduit
enderio:item_endergy_conduit:4, Copper Energy Conduit
enderio:item_endergy_conduit:5, Silver Energy Conduit
enderio:item_endergy_conduit:6, Electrum Energy Conduit
enderio:item_endergy_conduit:7, Energetic Silver Energy Conduit
enderio:item_endergy_conduit:8, Crystalline Energy Conduit
enderio:item_endergy_conduit:9, Crystalline Pink Slime Energy Conduit
enderio:item_endergy_conduit:10, Melodic Energy Conduit
enderio:item_endergy_conduit:11, Stellar Energy Conduit
enderio:item_capacitor_silver, Silver Capacitor
enderio:item_capacitor_energetic_silver, Endergetic Silver Capacitor
enderio:item_capacitor_vivid, Endergised Capacitor
enderio:item_stellar_alloy_sword, The Ender Mark IV
enderio:item_stellar_alloy_pickaxe, Stellar Pickaxe
enderio:item_stellar_alloy_axe, Stellar Axe
enderio:item_stellar_alloy_helmet, Stellar Helmet
enderio:item_stellar_alloy_boots, Stellar Boots
enderio:item_stellar_alloy_chestplate, Stellar Chestplate
enderio:item_stellar_alloy_leggings, Stellar Leggings
natura:clouds:0, Cloud
natura:clouds:1, Dark Cloud
natura:clouds:2, Ash Cloud
natura:clouds:3, Sulfur Cloud
natura:materials:0, Barley
natura:materials:1, Barley Flour
natura:materials:2, Wheat Flour
natura:materials:3, Cotton
natura:materials:4, Sulfur
natura:materials:5, Arrow Fletching
natura:materials:6, Imp Hide
natura:materials:7, Flamestring
natura:materials:8, Blue Dye
natura:edibles:0, Raw Imp
natura:edibles:1, Cooked Imp
natura:edibles:2, Raspberry
natura:edibles:3, Blueberry
natura:edibles:4, Blackberry
natura:edibles:5, Maloberry
natura:edibles:6, Blightberry
natura:edibles:7, Duskberry
natura:edibles:8, Skyberry
natura:edibles:9, Stingberry
natura:edibles:10, Potash Apple
natura:edibles:11, Cactus Juice
natura:seed_bags:0, Wheat Seed Bag
natura:seed_bags:1, Carrot Bag
natura:seed_bags:2, Potato Bag
natura:seed_bags:3, Nether Wart Bag
natura:sticks:0, Maple Stick
natura:sticks:1, Silverbell Stick
natura:sticks:2, Amaranth Stick
natura:sticks:3, Tigerwood Stick
natura:sticks:4, Willow Stick
natura:sticks:5, Eucalyptus Stick
natura:sticks:6, Hopseed Stick
natura:sticks:7, Sakura Stick
natura:sticks:8, Redwood Stick
natura:sticks:9, Ghostwood Stick
natura:sticks:10, Darkwood Stick
natura:sticks:11, Fusewood Stick
natura:sticks:12, Bloodwood Stick
natura:berry_medley, Berry Medley
natura:glowshroom_stew, Glowshroom Stew
natura:bonemeal_bag, Bone Meal Bag
natura:colored_grass:0, Topiary Grass
natura:colored_grass:1, Bluegrass
natura:colored_grass:2, Autumnal Grass
natura:colored_grass_slab:0, Topiary Grass Slab
natura:colored_grass_slab:1, Bluegrass Slab
natura:colored_grass_slab:2, Autumnal Grass Slab
natura:colored_grass_stairs_topiary:0, Topiary Grass Stairs
natura:colored_grass_stairs_bluegrass:0, Bluegrass Stairs
natura:colored_grass_stairs_autumnal:0, Autumnal Grass Stairs
natura:overworld_logs:0, Maple Log
natura:overworld_logs:1, Silverbell Log
natura:overworld_logs:2, Amaranth Log
natura:overworld_logs:3, Tigerwood Log
natura:overworld_logs2:0, Willow Log
natura:overworld_logs2:1, Eucalyptus Log
natura:overworld_logs2:2, Hopseed Log
natura:overworld_logs2:3, Sakura Log
natura:redwood_logs:0, Redwood Bark
natura:redwood_logs:1, Redwood
natura:redwood_logs:2, Redwood Root
natura:apple_log:0, Apple Log
natura:overworld_leaves:0, Maple Leaves
natura:overworld_leaves:1, Silverbell Leaves
natura:overworld_leaves:2, Amaranth Leaves
natura:overworld_leaves:3, Tigerwood Leaves
natura:overworld_leaves2:0, Willow Leaves
natura:overworld_leaves2:1, Eucalyptus Leaves
natura:overworld_leaves2:2, Hopseed Leaves
natura:overworld_leaves2:3, Sakura Leaves
natura:redwood_leaves:0, Redwood Leaves
natura:apple_leaves:0, Apple Leaves
natura:apple_leaves:1, Apple Leaves
natura:apple_leaves:2, Apple Leaves
natura:apple_leaves:3, Apple Leaves
natura:overworld_sapling:0, Maple Sapling
natura:overworld_sapling:1, Silverbell Sapling
natura:overworld_sapling:2, Amaranth Sapling
natura:overworld_sapling:3, Tigerwood Sapling
natura:overworld_sapling2:0, Willow Sapling
natura:overworld_sapling2:1, Eucalyptus Sapling
natura:overworld_sapling2:2, Hopseed Sapling
natura:overworld_sapling2:3, Sakura Sapling
natura:redwood_sapling:0, Redwood Sapling
natura:apple_sapling:0, Apple Sapling
natura:bluebells_flower:0, Bluebell
natura:overworld_planks:0, Maple Planks
natura:overworld_planks:1, Silverbell Planks
natura:overworld_planks:2, Amaranth Planks
natura:overworld_planks:3, Tigerwood Planks
natura:overworld_planks:4, Willow Planks
natura:overworld_planks:5, Eucalyptus Planks
natura:overworld_planks:6, Hopseed Planks
natura:overworld_planks:7, Sakura Planks
natura:overworld_planks:8, Redwood Planks
natura:overworld_planks:9, Apple Planks
natura:overworld_slab:0, Maple Slab
natura:overworld_slab:1, Silverbell Slab
natura:overworld_slab:2, Amaranth Slab
natura:overworld_slab:3, Tigerwood Slab
natura:overworld_slab:4, Willow Slab
natura:overworld_slab2:0, Eucalyptus Slab
natura:overworld_slab2:1, Hopseed Slab
natura:overworld_slab2:2, Sakura Slab
natura:overworld_slab2:3, Redwood Slab
natura:overworld_slab2:4, Apple Slab
natura:overworld_stairs_maple:0, Maple Stairs
natura:overworld_stairs_silverbell:0, Silverbell Stairs
natura:overworld_stairs_amaranth:0, Amaranth Stairs
natura:overworld_stairs_tiger:0, Tigerwood Stairs
natura:overworld_stairs_willow:0, Willow Stairs
natura:overworld_stairs_eucalyptus:0, Eucalyptus Stairs
natura:overworld_stairs_hopseed:0, Hopseed Stairs
natura:overworld_stairs_sakura:0, Sakura Stairs
natura:overworld_stairs_redwood:0, Redwood Stairs
natura:overworld_stairs_apple:0, Apple Stairs
natura:overworld_berrybush_raspberry:0, Raspberry Bush
natura:overworld_berrybush_blueberry:0, Blueberry Bush
natura:overworld_berrybush_blackberry:0, Blackberry Bush
natura:overworld_berrybush_maloberry:0, Maloberry Bush
natura:barley_crop:0, tile.natura.barley_crop.name
natura:cotton_crop:0, tile.natura.cotton_crop.name
natura:overworld_door_eucalyptus:0, tile.natura.overworld_door_eucalyptus.name
natura:overworld_door_hopseed:0, tile.natura.overworld_door_hopseed.name
natura:overworld_door_sakura:0, tile.natura.overworld_door_sakura.name
natura:overworld_door_redwood:0, tile.natura.overworld_door_redwood.name
natura:overworld_door_redwood_bark:0, tile.natura.overworld_door_redwood_bark.name
natura:overworld_door_tiger:0, tile.natura.overworld_door_tiger.name
natura:overworld_door_maple:0, tile.natura.overworld_door_maple.name
natura:overworld_door_silverbell:0, tile.natura.overworld_door_silverbell.name
natura:overworld_door_amaranth:0, tile.natura.overworld_door_amaranth.name
natura:overworld_door_willow:0, tile.natura.overworld_door_willow.name
natura:overworld_door_apple:0, tile.natura.overworld_door_apple.name
natura:saguaro:0, Saguaro Cactus
natura:saguaro_baby:0, Baby Saguaro Cactus
natura:saguaro_fruit:0, Saguaro Fruit
natura:overworld_seeds:0, Barley Seeds
natura:overworld_seeds:1, Cotton Seeds
natura:overworld_seed_bags:0, Barley Seed Bag
natura:overworld_seed_bags:1, Cotton Seed Bag
natura:overworld_doors:0, Eucalyptus Door
natura:overworld_doors:1, Hopseed Door
natura:overworld_doors:2, Sakura Door
natura:overworld_doors:3, Redwood Door
natura:overworld_doors:4, Redwood Bark Door
natura:overworld_doors:5, Tigerwood Door
natura:overworld_doors:6, Maple Door
natura:overworld_doors:7, Silverbell Door
natura:overworld_doors:8, Amaranth Door
natura:overworld_doors:9, Willow Door
natura:overworld_doors:10, Apple Door
natura:saguaro_fruit_item, Saguaro Fruit
natura:nether_logs:0, Ghostwood Log
natura:nether_logs:1, Darkwood Log
natura:nether_logs:2, Fusewood Log
natura:nether_logs2:0, Bloodwood Log
natura:nether_logs2:15, Bloodwood Log
natura:nether_leaves:0, Ghostwood Leaves
natura:nether_leaves:1, Bloodwood Leaves
natura:nether_leaves:2, Fusewood Leaves
natura:nether_leaves2:0, Darkwood Leaves
natura:nether_leaves2:1, Darkwood Leaves
natura:nether_leaves2:2, Darkwood Leaves
natura:nether_sapling:0, Ghostwood Sapling
natura:nether_sapling:1, Fusewood Sapling
natura:nether_sapling:2, Darkwood Sapling
natura:nether_sapling2:0, Bloodwood Sapling
natura:nether_planks:0, Ghostwood Planks
natura:nether_planks:1, Bloodwood Planks
natura:nether_planks:2, Darkwood Planks
natura:nether_planks:3, Fusewood Planks
natura:nether_slab:0, Ghostwood Slab
natura:nether_slab:1, Bloodwood Slab
natura:nether_slab:2, Darkwood Slab
natura:nether_slab:3, Fusewood Slab
natura:nether_heat_sand:0, Heat Sand
natura:nether_tainted_soil:0, Tainted Soil
natura:nether_tainted_soil:1, Tainted Farmland
natura:nether_tainted_soil:2, Heated Tainted Farmland
natura:nether_thorn_vines:0, Thornvines
natura:nether_glass:0, Soul Glass
natura:nether_glass:1, Heat Glass
natura:smooth_netherrack:0, Smooth Netherrack
natura:netherrack_bricks:0, Netherrack Bricks
natura:charred_netherrack_bricks:0, Charred Netherrack Bricks
natura:nether_stairs_ghostwood:0, Ghostwood Stairs
natura:nether_stairs_bloodwood:0, Bloodwood Stairs
natura:nether_stairs_darkwood:0, Darkwood Stairs
natura:nether_stairs_fusewood:0, Fusewood Stairs
natura:nether_berrybush_blightberry:0, Blightberry Bush
natura:nether_berrybush_duskberry:0, Duskberry Bush
natura:nether_berrybush_skyberry:0, Skyberry Bush
natura:nether_berrybush_stingberry:0, Stingberry Bush
natura:respawn_obelisk:0, Inactive Respawn Obelisk
natura:nether_glowshroom:0, Green Glowshroom
natura:nether_glowshroom:1, Blue Glowshroom
natura:nether_glowshroom:2, Purple Glowshroom
natura:nether_green_large_glowshroom:0, Green Glowshroom
natura:nether_blue_large_glowshroom:0, Blue Glowshroom
natura:nether_purple_large_glowshroom:0, Purple Glowshroom
natura:nether_door_ghostwood:0, tile.natura.nether_door_ghostwood.name
natura:nether_door_bloodwood:0, tile.natura.nether_door_bloodwood.name
natura:nether_door_darkwood:0, tile.natura.nether_door_darkwood.name
natura:nether_door_fusewood:0, tile.natura.nether_door_fusewood.name
natura:blaze_hopper:0, Blaze Hopper
natura:nether_lever:0, Netherrack Lever
natura:nether_button:0, Netherrack Button
natura:nether_pressure_plate:0, Netherrack Pressure Plate
natura:blaze_rail:0, Blaze Rail
natura:blaze_rail_golden:0, Powered Blaze Rail
natura:blaze_rail_activator:0, Activator Blaze Rail
natura:blaze_rail_detector:0, Detector Blaze Rail
natura:netherrack_furnace:0, Netherrack Furnace
natura:lit_netherrack_furnace:0, Lit Netherrack Furnace
natura:nether_doors:0, Ghostwood Door
natura:nether_doors:1, Bloodwood Door
natura:nether_doors:2, Darkwood Door
natura:nether_doors:3, Fusewood Door
natura:maple_button:0, Maple Button
natura:maple_pressure_plate:0, Maple Pressure Plate
natura:maple_trap_door:0, Maple Trapdoor
natura:maple_fence:0, Maple Fence
natura:maple_fence_gate:0, Maple Fence Gate
natura:silverbell_button:0, Silverbell Button
natura:silverbell_pressure_plate:0, Silverbell Pressure Plate
natura:silverbell_trap_door:0, Silverbell Trapdoor
natura:silverbell_fence:0, Silverbell Fence
natura:silverbell_fence_gate:0, Silverbell Fence Gate
natura:amaranth_button:0, Amaranth Button
natura:amaranth_pressure_plate:0, Amaranth Pressure Plate
natura:amaranth_trap_door:0, Amaranth Trapdoor
natura:amaranth_fence:0, Amaranth Fence
natura:amaranth_fence_gate:0, Amaranth Fence Gate
natura:tiger_button:0, Tigerwood Button
natura:tiger_pressure_plate:0, Tigerwood Pressure Plate
natura:tiger_trap_door:0, Tigerwood Trapdoor
natura:tiger_fence:0, Tigerwood Fence
natura:tiger_fence_gate:0, Tigerwood Fence Gate
natura:willow_button:0, Willow Button
natura:willow_pressure_plate:0, Willow Pressure Plate
natura:willow_trap_door:0, Willow Trapdoor
natura:willow_fence:0, Willow Fence
natura:willow_fence_gate:0, Willow Fence Gate
natura:eucalyptus_button:0, Eucalyptus Button
natura:eucalyptus_pressure_plate:0, Eucalyptus Pressure Plate
natura:eucalyptus_trap_door:0, Eucalyptus Trapdoor
natura:eucalyptus_fence:0, Eucalyptus Fence
natura:eucalyptus_fence_gate:0, Eucalyptus Fence Gate
natura:hopseed_button:0, Hopseed Button
natura:hopseed_pressure_plate:0, Hopseed Pressure Plate
natura:hopseed_trap_door:0, Hopseed Trapdoor
natura:hopseed_fence:0, Hopseed Fence
natura:hopseed_fence_gate:0, Hopseed Fence Gate
natura:sakura_button:0, Sakura Button
natura:sakura_pressure_plate:0, Sakura Pressure Plate
natura:sakura_trap_door:0, Sakura Trapdoor
natura:sakura_fence:0, Sakura Fence
natura:sakura_fence_gate:0, Sakura Fence Gate
natura:redwood_button:0, Redwood Button
natura:redwood_pressure_plate:0, Redwood Pressure Plate
natura:redwood_trap_door:0, Redwood Trapdoor
natura:redwood_fence:0, Redwood Fence
natura:redwood_fence_gate:0, Redwood Fence Gate
natura:apple_button:0, Apple Button
natura:apple_pressure_plate:0, Apple Pressure Plate
natura:apple_trap_door:0, Apple Trapdoor
natura:apple_fence:0, Apple Fence
natura:apple_fence_gate:0, Apple Fence Gate
natura:overworld_bookshelves:0, Maple Bookshelf
natura:overworld_bookshelves:1, Silverbell Bookshelf
natura:overworld_bookshelves:2, Amaranth Bookshelf
natura:overworld_bookshelves:3, Tigerwood Bookshelf
natura:overworld_bookshelves:4, Willow Bookshelf
natura:overworld_bookshelves:5, Eucalyptus Bookshelf
natura:overworld_bookshelves:6, Hopseed Bookshelf
natura:overworld_bookshelves:7, Sakura Bookshelf
natura:overworld_bookshelves:8, Redwood Bookshelf
natura:overworld_bookshelves:9, Apple Bookshelf
natura:overworld_workbenches:0, Maple Crafting Table
natura:overworld_workbenches:1, Silverbell Crafting Table
natura:overworld_workbenches:2, Amaranth Crafting Table
natura:overworld_workbenches:3, Tigerwood Crafting Table
natura:overworld_workbenches:4, Willow Crafting Table
natura:overworld_workbenches:5, Eucalyptus Crafting Table
natura:overworld_workbenches:6, Hopseed Crafting Table
natura:overworld_workbenches:7, Sakura Crafting Table
natura:overworld_workbenches:8, Redwood Crafting Table
natura:overworld_workbenches:9, Apple Crafting Table
natura:ghostwood_button:0, Ghostwood Button
natura:ghostwood_pressure_plate:0, Ghostwood Pressure Plate
natura:ghostwood_trap_door:0, Ghostwood Trapdoor
natura:ghostwood_fence:0, Ghostwood Fence
natura:ghostwood_fence_gate:0, Ghostwood Fence Gate
natura:bloodwood_button:0, Bloodwood Button
natura:bloodwood_pressure_plate:0, Bloodwood Pressure Plate
natura:bloodwood_trap_door:0, Bloodwood Trapdoor
natura:bloodwood_fence:0, Bloodwood Fence
natura:bloodwood_fence_gate:0, Bloodwood Fence Gate
natura:fusewood_button:0, Fusewood Button
natura:fusewood_pressure_plate:0, Fusewood Pressure Plate
natura:fusewood_trap_door:0, Fusewood Trapdoor
natura:fusewood_fence:0, Fusewood Fence
natura:fusewood_fence_gate:0, Fusewood Fence Gate
natura:darkwood_button:0, Darkwood Button
natura:darkwood_pressure_plate:0, Darkwood Pressure Plate
natura:darkwood_trap_door:0, Darkwood Trapdoor
natura:darkwood_fence:0, Darkwood Fence
natura:darkwood_fence_gate:0, Darkwood Fence Gate
natura:nether_bookshelves:0, Ghostwood Bookshelf
natura:nether_bookshelves:1, Bloodwood Bookshelf
natura:nether_bookshelves:2, Darkwood Bookshelf
natura:nether_bookshelves:3, Fusewood Bookshelf
natura:nether_workbenches:0, Ghostwood Crafting Table
natura:nether_workbenches:1, Bloodwood Crafting Table
natura:nether_workbenches:2, Darkwood Crafting Table
natura:nether_workbenches:3, Fusewood Crafting Table
natura:imp_armor_helmet, Imp Hide Cap
natura:imp_armor_chestplate, Imp Hide Jerkin
natura:imp_armor_leggings, Imp Hide Pants
natura:imp_armor_boots, Imp Hide Boots
natura:ghostwood_sword, Ghostwood Sword
natura:ghostwood_pickaxe, Ghostwood Pickaxe
natura:ghostwood_shovel, Ghostwood Shovel
natura:ghostwood_axe, Ghostwood Axe
natura:ghostwood_hoe, Ghostwood Hoe
natura:ghostwood_bow, Ghostwood Bow
natura:bloodwood_sword, Bloodwood Sword
natura:bloodwood_pickaxe, Bloodwood Pickaxe
natura:bloodwood_shovel, Bloodwood Shovel
natura:bloodwood_axe, Bloodwood Axe
natura:bloodwood_hoe, Bloodwood Hoe
natura:bloodwood_bow, Bloodwood Bow
natura:darkwood_sword, Darkwood Sword
natura:darkwood_pickaxe, Darkwood Pickaxe
natura:darkwood_shovel, Darkwood Shovel
natura:darkwood_axe, Darkwood Axe
natura:darkwood_hoe, Darkwood Hoe
natura:darkwood_bow, Darkwood Bow
natura:fusewood_sword, Fusewood Sword
natura:fusewood_pickaxe, Fusewood Pickaxe
natura:fusewood_shovel, Fusewood Shovel
natura:fusewood_axe, Fusewood Axe
natura:fusewood_hoe, Fusewood Hoe
natura:fusewood_bow, Fusewood Bow
natura:netherquartz_sword, Nether Quartz Sword
natura:netherquartz_pickaxe, Nether Quartz Pickaxe
natura:netherquartz_shovel, Nether Quartz Shovel
natura:netherquartz_axe, Nether Quartz Axe
natura:netherquartz_hoe, Nether Quartz Hoe
natura:netherquartz_shears, Nether Quartz Shears
natura:flint_and_blaze, Flint and Blaze
tconstruct:book, Materials and You
tconstruct:soil:0, Grout
tconstruct:soil:1, Green Slimy Mud
tconstruct:soil:2, Blue Slimy Mud
tconstruct:soil:3, Graveyard Soil
tconstruct:soil:4, Consecrated Soil
tconstruct:soil:5, Slimy Magma Mud
tconstruct:slime:1, Blue Slime Block
tconstruct:slime:2, Purple Slime Block
tconstruct:slime:3, Blood Slime Block
tconstruct:slime:4, Magma Slime Block
tconstruct:slime_congealed:0, Congealed Green Slime Block
tconstruct:slime_congealed:1, Congealed Blue Slime Block
tconstruct:slime_congealed:2, Congealed Purple Slime Block
tconstruct:slime_congealed:3, Congealed Blood Block
tconstruct:slime_congealed:4, Congealed Magma Slime Block
tconstruct:ore:0, Cobalt Ore
tconstruct:ore:1, Ardite Ore
tconstruct:firewood:0, Lavawood
tconstruct:firewood:1, Firewood
tconstruct:deco_ground:0, Mud Bricks
tconstruct:clear_glass:0, Clear Glass
tconstruct:clear_stained_glass:0, Clear White Stained Glass
tconstruct:clear_stained_glass:1, Clear Orange Stained Glass
tconstruct:clear_stained_glass:2, Clear Magenta Stained Glass
tconstruct:clear_stained_glass:3, Clear Light Blue Stained Glass
tconstruct:clear_stained_glass:4, Clear Yellow Stained Glass
tconstruct:clear_stained_glass:5, Clear Light Green Stained Glass
tconstruct:clear_stained_glass:6, Clear Pink Stained Glass
tconstruct:clear_stained_glass:7, Clear Gray Stained Glass
tconstruct:clear_stained_glass:8, Clear Light Gray Stained Glass
tconstruct:clear_stained_glass:9, Clear Cyan Stained Glass
tconstruct:clear_stained_glass:10, Clear Purple Stained Glass
tconstruct:clear_stained_glass:11, Clear Blue Stained Glass
tconstruct:clear_stained_glass:12, Clear Brown Stained Glass
tconstruct:clear_stained_glass:13, Clear Green Stained Glass
tconstruct:clear_stained_glass:14, Clear Red Stained Glass
tconstruct:clear_stained_glass:15, Clear Black Stained Glass
tconstruct:deco_ground_slab:0, Mud Bricks Slab
tconstruct:firewood_slab:0, Lavawood Slab
tconstruct:firewood_slab:1, Firewood Slab
tconstruct:mudbrick_stairs:0, Mud Bricks Stairs
tconstruct:firewood_stairs:0, Firewood Stairs
tconstruct:lavawood_stairs:0, Lavawood Stairs
tconstruct:nuggets:0, Cobalt Nugget
tconstruct:nuggets:1, Ardite Nugget
tconstruct:nuggets:2, Manyullyn Nugget
tconstruct:nuggets:3, Knightslime Nugget
tconstruct:nuggets:4, Pigiron Nugget
tconstruct:nuggets:6, Alumite Nugget
tconstruct:ingots:0, Cobalt Ingot
tconstruct:ingots:1, Ardite Ingot
tconstruct:ingots:2, Manyullyn Ingot
tconstruct:ingots:3, Knightslime Ingot
tconstruct:ingots:4, Pigiron Ingot
tconstruct:ingots:6, Alumite Ingot
tconstruct:materials:0, Seared Brick
tconstruct:materials:1, Mud Brick
tconstruct:materials:2, Dried Brick
tconstruct:materials:9, Green Slime Crystal
tconstruct:materials:10, Blue Slime Crystal
tconstruct:materials:11, Magma Slime Crystal
tconstruct:materials:12, Expander (Horizontal)
tconstruct:materials:13, Expander (Vertical)
tconstruct:materials:14, Reinforcement
tconstruct:materials:15, Silky Cloth
tconstruct:materials:16, Silky Jewel
tconstruct:materials:17, Necrotic Bone
tconstruct:materials:18, Ball of Moss
tconstruct:materials:19, Mending Moss
tconstruct:materials:20, Bloody Bone
tconstruct:materials:21, Venomous Bone
tconstruct:materials:22, Blazin' Bone
tconstruct:materials:23, Lava Crystal
tconstruct:materials:50, Creative Modifier
tconstruct:edible:0, Bacon
tconstruct:edible:1, Blue Slimeball
tconstruct:edible:2, Purple Slimeball
tconstruct:edible:3, Coagulated Blood
tconstruct:edible:4, Magma Slimeball
tconstruct:edible:5, Pink Slimeball
tconstruct:edible:10, Monster Jerky
tconstruct:edible:11, Beef Jerky
tconstruct:edible:12, Chicken Jerky
tconstruct:edible:13, Bacon Jerky
tconstruct:edible:14, Mutton Jerky
tconstruct:edible:15, Rabbit Jerky
tconstruct:edible:20, Fish Jerky
tconstruct:edible:21, Salmon Jerky
tconstruct:edible:22, Clownfish Jerky
tconstruct:edible:23, Fugu Jerky
tconstruct:edible:30, Green Gelatinous Slime Drop
tconstruct:edible:31, Blue Gelatinous Slime Drop
tconstruct:edible:32, Purple Gelatinous Slime Drop
tconstruct:edible:33, Coagulated Blood Drop
tconstruct:edible:34, Magma Gelatinous Slime Drop
tconstruct:common_nuggets:0, Copper Nugget
tconstruct:common_nuggets:1, Tin Nugget
tconstruct:common_nuggets:2, Aluminum Nugget
tconstruct:common_nuggets:3, Bronze Nugget
tconstruct:common_nuggets:4, Steel Nugget
tconstruct:common_ingots:0, Copper Ingot
tconstruct:common_ingots:1, Tin Ingot
tconstruct:common_ingots:2, Aluminum Ingot
tconstruct:common_ingots:3, Bronze Ingot
tconstruct:common_ingots:4, Steel Ingot
tconstruct:common_ore:0, Copper Ore
tconstruct:common_ore:1, Tin Ore
tconstruct:common_ore:2, Aluminum Ore
tconstruct:common_metal:0, Block of Copper
tconstruct:common_metal:1, Block of Tin
tconstruct:common_metal:2, Block of Aluminum
tconstruct:common_metal:3, Block of Bronze
tconstruct:common_metal:4, Block of Steel
tconstruct:metal:0, Block of Cobalt
tconstruct:metal:1, Block of Ardite
tconstruct:metal:2, Block of Manyullyn
tconstruct:metal:3, Block of Knightslime
tconstruct:metal:4, Block of Pigiron
tconstruct:metal:6, Silky Block of Jewel
tconstruct:metal:7, Block of Alumite
tconstruct:slime_dirt:0, Green Slimy Dirt
tconstruct:slime_dirt:1, Blue Slimy Dirt
tconstruct:slime_dirt:2, Purple Slimy Dirt
tconstruct:slime_dirt:3, Magma Slimy Dirt
tconstruct:slime_grass:0, Slimy Grass
tconstruct:slime_grass:1, Green Slimy Grass
tconstruct:slime_grass:2, Blue Slimy Grass
tconstruct:slime_grass:3, Purple Slimy Grass
tconstruct:slime_grass:4, Magma Slimy Grass
tconstruct:slime_grass:5, Slimy Grass
tconstruct:slime_grass:6, Green Slimy Grass
tconstruct:slime_grass:7, Blue Slimy Grass
tconstruct:slime_grass:8, Purple Slimy Grass
tconstruct:slime_grass:9, Magma Slimy Grass
tconstruct:slime_grass:10, Slimy Grass
tconstruct:slime_grass:11, Green Slimy Grass
tconstruct:slime_grass:12, Blue Slimy Grass
tconstruct:slime_grass:13, Purple Slimy Grass
tconstruct:slime_grass:14, Magma Slimy Grass
tconstruct:slime_leaves:0, Blue Slimy Leaves
tconstruct:slime_leaves:1, Purple Slimy Leaves
tconstruct:slime_leaves:2, Magma Slimy Leaves
tconstruct:slime_grass_tall:0, Tall Slimy Grass
tconstruct:slime_grass_tall:4, Tall Slimy Grass
tconstruct:slime_grass_tall:8, Tall Slimy Grass
tconstruct:slime_grass_tall:1, Slimy Fern
tconstruct:slime_grass_tall:5, Slimy Fern
tconstruct:slime_grass_tall:9, Slimy Fern
tconstruct:slime_sapling:0, Blue Slime Sapling
tconstruct:slime_sapling:1, Purple Slime Sapling
tconstruct:slime_sapling:2, Magma Slime Sapling
tconstruct:slime_vine_blue_end:0, Blue Slimy Vine
tconstruct:slime_vine_blue_mid:0, Blue Slimy Vine
tconstruct:slime_vine_blue:0, Blue Slimy Vine
tconstruct:slime_vine_purple_end:0, Purple Slimy Vine
tconstruct:slime_vine_purple_mid:0, Purple Slimy Vine
tconstruct:slime_vine_purple:0, Purple Slimy Vine
tconstruct:pattern:0, Blank Pattern
tconstruct:pattern:0, Binding Pattern
tconstruct:pattern:0, Arrow Head Pattern
tconstruct:pattern:0, Tough Tool Rod Pattern
tconstruct:pattern:0, Scythe Head Pattern
tconstruct:pattern:0, Sign Plate Pattern
tconstruct:pattern:0, Shard Pattern
tconstruct:pattern:0, Wide Guard Pattern
tconstruct:pattern:0, Kama Head Pattern
tconstruct:pattern:0, Tool Rod Pattern
tconstruct:pattern:0, Large Sword Blade Pattern
tconstruct:pattern:0, Broad Axe Head Pattern
tconstruct:pattern:0, Large Plate Pattern
tconstruct:pattern:0, Excavator Head Pattern
tconstruct:pattern:0, Cross Guard Pattern
tconstruct:pattern:0, Hand Guard Pattern
tconstruct:pattern:0, Axe Head Pattern
tconstruct:pattern:0, Fletching Pattern
tconstruct:pattern:0, Tough Binding Pattern
tconstruct:pattern:0, Bowlimb Pattern
tconstruct:pattern:0, Knife Blade Pattern
tconstruct:pattern:0, Sharpening Kit Pattern
tconstruct:pattern:0, Sword Blade Pattern
tconstruct:pattern:0, Pickaxe Head Pattern
tconstruct:pattern:0, Bowstring Pattern
tconstruct:pattern:0, Pan Pattern
tconstruct:pattern:0, Hammer Head Pattern
tconstruct:pattern:0, Arrow Shaft Pattern
tconstruct:pattern:0, Shovel Head Pattern
tconstruct:shard:0, Electrical Shard
tconstruct:shard:0, Energetic Shard
tconstruct:shard:0, Vibrant Shard
tconstruct:shard:0, Red Shard
tconstruct:shard:0, Conductive Shard
tconstruct:shard:0, Pulsating Shard
tconstruct:shard:0, Dark Shard
tconstruct:shard:0, Souled Shard
tconstruct:shard:0, Shard of the End
tconstruct:shard:0, Fake-Iron Shard
tconstruct:shard:0, Wooden Shard
tconstruct:shard:0, Stone Shard
tconstruct:shard:0, Flint Shard
tconstruct:shard:0, Cactus Shard
tconstruct:shard:0, Bone Shard
tconstruct:shard:0, Obsidian Shard
tconstruct:shard:0, Prismarine Shard
tconstruct:shard:0, End Shard
tconstruct:shard:0, Paper Shard
tconstruct:shard:0, Sponge Shard
tconstruct:shard:0, Firewood Shard
tconstruct:shard:0, Iron Shard
tconstruct:shard:0, Pig Iron Shard
tconstruct:shard:0, Knightslime Shard
tconstruct:shard:0, Slime Shard
tconstruct:shard:0, Slime Shard
tconstruct:shard:0, Magma Slime Shard
tconstruct:shard:0, Aluminum Brass Shard
tconstruct:shard:0, Alumite Shard
tconstruct:shard:0, Netherrack Shard
tconstruct:shard:0, Cobalt Shard
tconstruct:shard:0, Ardite Shard
tconstruct:shard:0, Manyullyn Shard
tconstruct:shard:0, Bloody Bone Shard
tconstruct:shard:0, Copper Shard
tconstruct:shard:0, Bronze Shard
tconstruct:shard:0, Lead Shard
tconstruct:shard:0, Silver Shard
tconstruct:shard:0, Electrum Shard
tconstruct:shard:0, Steel Shard
tconstruct:shard:0, Boron Shard
tconstruct:shard:0, Tough Alloy Shard
tconstruct:shard:0, Hard Carbon Shard
tconstruct:shard:0, Boron Nitride Shard
tconstruct:shard:0, Thorium Shard
tconstruct:shard:0, Uranium Shard
tconstruct:shard:0, Magnesium Shard
tconstruct:shard:0, Chocolate Shard
tconstruct:sharpening_kit:0, Electrical Sharpening Kit
tconstruct:sharpening_kit:0, Energetic Sharpening Kit
tconstruct:sharpening_kit:0, Vibrant Sharpening Kit
tconstruct:sharpening_kit:0, Red Sharpening Kit
tconstruct:sharpening_kit:0, Conductive Sharpening Kit
tconstruct:sharpening_kit:0, Pulsating Sharpening Kit
tconstruct:sharpening_kit:0, Dark Sharpening Kit
tconstruct:sharpening_kit:0, Souled Sharpening Kit
tconstruct:sharpening_kit:0, Sharpening Kit of the End
tconstruct:sharpening_kit:0, Fake-Iron Sharpening Kit
tconstruct:sharpening_kit:0, Wooden Sharpening Kit
tconstruct:sharpening_kit:0, Stone Sharpening Kit
tconstruct:sharpening_kit:0, Flint Sharpening Kit
tconstruct:sharpening_kit:0, Cactus Sharpening Kit
tconstruct:sharpening_kit:0, Bone Sharpening Kit
tconstruct:sharpening_kit:0, Obsidian Sharpening Kit
tconstruct:sharpening_kit:0, Prismarine Sharpening Kit
tconstruct:sharpening_kit:0, End Sharpening Kit
tconstruct:sharpening_kit:0, Paper Sharpening Kit
tconstruct:sharpening_kit:0, Sponge Sharpening Kit
tconstruct:sharpening_kit:0, Firewood Sharpening Kit
tconstruct:sharpening_kit:0, Iron Sharpening Kit
tconstruct:sharpening_kit:0, Pig Iron Sharpening Kit
tconstruct:sharpening_kit:0, Knightslime Sharpening Kit
tconstruct:sharpening_kit:0, Slime Sharpening Kit
tconstruct:sharpening_kit:0, Slime Sharpening Kit
tconstruct:sharpening_kit:0, Magma Slime Sharpening Kit
tconstruct:sharpening_kit:0, Aluminum Brass Sharpening Kit
tconstruct:sharpening_kit:0, Alumite Sharpening Kit
tconstruct:sharpening_kit:0, Netherrack Sharpening Kit
tconstruct:sharpening_kit:0, Cobalt Sharpening Kit
tconstruct:sharpening_kit:0, Ardite Sharpening Kit
tconstruct:sharpening_kit:0, Manyullyn Sharpening Kit
tconstruct:sharpening_kit:0, Bloody Bone Sharpening Kit
tconstruct:sharpening_kit:0, Copper Sharpening Kit
tconstruct:sharpening_kit:0, Bronze Sharpening Kit
tconstruct:sharpening_kit:0, Lead Sharpening Kit
tconstruct:sharpening_kit:0, Silver Sharpening Kit
tconstruct:sharpening_kit:0, Electrum Sharpening Kit
tconstruct:sharpening_kit:0, Steel Sharpening Kit
tconstruct:sharpening_kit:0, Boron Sharpening Kit
tconstruct:sharpening_kit:0, Tough Alloy Sharpening Kit
tconstruct:sharpening_kit:0, Hard Carbon Sharpening Kit
tconstruct:sharpening_kit:0, Boron Nitride Sharpening Kit
tconstruct:sharpening_kit:0, Thorium Sharpening Kit
tconstruct:sharpening_kit:0, Uranium Sharpening Kit
tconstruct:sharpening_kit:0, Magnesium Sharpening Kit
tconstruct:sharpening_kit:0, Chocolate Sharpening Kit
tconstruct:pick_head:0, Electrical Pickaxe Head
tconstruct:pick_head:0, Energetic Pickaxe Head
tconstruct:pick_head:0, Vibrant Pickaxe Head
tconstruct:pick_head:0, Red Pickaxe Head
tconstruct:pick_head:0, Conductive Pickaxe Head
tconstruct:pick_head:0, Pulsating Pickaxe Head
tconstruct:pick_head:0, Dark Pickaxe Head
tconstruct:pick_head:0, Souled Pickaxe Head
tconstruct:pick_head:0, Pickaxe Head of the End
tconstruct:pick_head:0, Fake-Iron Pickaxe Head
tconstruct:pick_head:0, Wooden Pickaxe Head
tconstruct:pick_head:0, Stone Pickaxe Head
tconstruct:pick_head:0, Flint Pickaxe Head
tconstruct:pick_head:0, Cactus Pickaxe Head
tconstruct:pick_head:0, Bone Pickaxe Head
tconstruct:pick_head:0, Obsidian Pickaxe Head
tconstruct:pick_head:0, Prismarine Pickaxe Head
tconstruct:pick_head:0, End Pickaxe Head
tconstruct:pick_head:0, Paper Pickaxe Head
tconstruct:pick_head:0, Sponge Pickaxe Head
tconstruct:pick_head:0, Firewood Pickaxe Head
tconstruct:pick_head:0, Iron Pickaxe Head
tconstruct:pick_head:0, Pig Iron Pickaxe Head
tconstruct:pick_head:0, Knightslime Pickaxe Head
tconstruct:pick_head:0, Slime Pickaxe Head
tconstruct:pick_head:0, Slime Pickaxe Head
tconstruct:pick_head:0, Magma Slime Pickaxe Head
tconstruct:pick_head:0, Aluminum Brass Pickaxe Head
tconstruct:pick_head:0, Alumite Pickaxe Head
tconstruct:pick_head:0, Netherrack Pickaxe Head
tconstruct:pick_head:0, Cobalt Pickaxe Head
tconstruct:pick_head:0, Ardite Pickaxe Head
tconstruct:pick_head:0, Manyullyn Pickaxe Head
tconstruct:pick_head:0, Bloody Bone Pickaxe Head
tconstruct:pick_head:0, Copper Pickaxe Head
tconstruct:pick_head:0, Bronze Pickaxe Head
tconstruct:pick_head:0, Lead Pickaxe Head
tconstruct:pick_head:0, Silver Pickaxe Head
tconstruct:pick_head:0, Electrum Pickaxe Head
tconstruct:pick_head:0, Steel Pickaxe Head
tconstruct:pick_head:0, Boron Pickaxe Head
tconstruct:pick_head:0, Tough Alloy Pickaxe Head
tconstruct:pick_head:0, Hard Carbon Pickaxe Head
tconstruct:pick_head:0, Boron Nitride Pickaxe Head
tconstruct:pick_head:0, Thorium Pickaxe Head
tconstruct:pick_head:0, Uranium Pickaxe Head
tconstruct:pick_head:0, Magnesium Pickaxe Head
tconstruct:pick_head:0, Chocolate Pickaxe Head
tconstruct:shovel_head:0, Electrical Shovel Head
tconstruct:shovel_head:0, Energetic Shovel Head
tconstruct:shovel_head:0, Vibrant Shovel Head
tconstruct:shovel_head:0, Red Shovel Head
tconstruct:shovel_head:0, Conductive Shovel Head
tconstruct:shovel_head:0, Pulsating Shovel Head
tconstruct:shovel_head:0, Dark Shovel Head
tconstruct:shovel_head:0, Souled Shovel Head
tconstruct:shovel_head:0, Shovel Head of the End
tconstruct:shovel_head:0, Fake-Iron Shovel Head
tconstruct:shovel_head:0, Wooden Shovel Head
tconstruct:shovel_head:0, Stone Shovel Head
tconstruct:shovel_head:0, Flint Shovel Head
tconstruct:shovel_head:0, Cactus Shovel Head
tconstruct:shovel_head:0, Bone Shovel Head
tconstruct:shovel_head:0, Obsidian Shovel Head
tconstruct:shovel_head:0, Prismarine Shovel Head
tconstruct:shovel_head:0, End Shovel Head
tconstruct:shovel_head:0, Paper Shovel Head
tconstruct:shovel_head:0, Sponge Shovel Head
tconstruct:shovel_head:0, Firewood Shovel Head
tconstruct:shovel_head:0, Iron Shovel Head
tconstruct:shovel_head:0, Pig Iron Shovel Head
tconstruct:shovel_head:0, Knightslime Shovel Head
tconstruct:shovel_head:0, Slime Shovel Head
tconstruct:shovel_head:0, Slime Shovel Head
tconstruct:shovel_head:0, Magma Slime Shovel Head
tconstruct:shovel_head:0, Aluminum Brass Shovel Head
tconstruct:shovel_head:0, Alumite Shovel Head
tconstruct:shovel_head:0, Netherrack Shovel Head
tconstruct:shovel_head:0, Cobalt Shovel Head
tconstruct:shovel_head:0, Ardite Shovel Head
tconstruct:shovel_head:0, Manyullyn Shovel Head
tconstruct:shovel_head:0, Bloody Bone Shovel Head
tconstruct:shovel_head:0, Copper Shovel Head
tconstruct:shovel_head:0, Bronze Shovel Head
tconstruct:shovel_head:0, Lead Shovel Head
tconstruct:shovel_head:0, Silver Shovel Head
tconstruct:shovel_head:0, Electrum Shovel Head
tconstruct:shovel_head:0, Steel Shovel Head
tconstruct:shovel_head:0, Boron Shovel Head
tconstruct:shovel_head:0, Tough Alloy Shovel Head
tconstruct:shovel_head:0, Hard Carbon Shovel Head
tconstruct:shovel_head:0, Boron Nitride Shovel Head
tconstruct:shovel_head:0, Thorium Shovel Head
tconstruct:shovel_head:0, Uranium Shovel Head
tconstruct:shovel_head:0, Magnesium Shovel Head
tconstruct:shovel_head:0, Chocolate Shovel Head
tconstruct:axe_head:0, Electrical Axe Head
tconstruct:axe_head:0, Energetic Axe Head
tconstruct:axe_head:0, Vibrant Axe Head
tconstruct:axe_head:0, Red Axe Head
tconstruct:axe_head:0, Conductive Axe Head
tconstruct:axe_head:0, Pulsating Axe Head
tconstruct:axe_head:0, Dark Axe Head
tconstruct:axe_head:0, Souled Axe Head
tconstruct:axe_head:0, Axe Head of the End
tconstruct:axe_head:0, Fake-Iron Axe Head
tconstruct:axe_head:0, Wooden Axe Head
tconstruct:axe_head:0, Stone Axe Head
tconstruct:axe_head:0, Flint Axe Head
tconstruct:axe_head:0, Cactus Axe Head
tconstruct:axe_head:0, Bone Axe Head
tconstruct:axe_head:0, Obsidian Axe Head
tconstruct:axe_head:0, Prismarine Axe Head
tconstruct:axe_head:0, End Axe Head
tconstruct:axe_head:0, Paper Axe Head
tconstruct:axe_head:0, Sponge Axe Head
tconstruct:axe_head:0, Firewood Axe Head
tconstruct:axe_head:0, Iron Axe Head
tconstruct:axe_head:0, Pig Iron Axe Head
tconstruct:axe_head:0, Knightslime Axe Head
tconstruct:axe_head:0, Slime Axe Head
tconstruct:axe_head:0, Slime Axe Head
tconstruct:axe_head:0, Magma Slime Axe Head
tconstruct:axe_head:0, Aluminum Brass Axe Head
tconstruct:axe_head:0, Alumite Axe Head
tconstruct:axe_head:0, Netherrack Axe Head
tconstruct:axe_head:0, Cobalt Axe Head
tconstruct:axe_head:0, Ardite Axe Head
tconstruct:axe_head:0, Manyullyn Axe Head
tconstruct:axe_head:0, Bloody Bone Axe Head
tconstruct:axe_head:0, Copper Axe Head
tconstruct:axe_head:0, Bronze Axe Head
tconstruct:axe_head:0, Lead Axe Head
tconstruct:axe_head:0, Silver Axe Head
tconstruct:axe_head:0, Electrum Axe Head
tconstruct:axe_head:0, Steel Axe Head
tconstruct:axe_head:0, Boron Axe Head
tconstruct:axe_head:0, Tough Alloy Axe Head
tconstruct:axe_head:0, Hard Carbon Axe Head
tconstruct:axe_head:0, Boron Nitride Axe Head
tconstruct:axe_head:0, Thorium Axe Head
tconstruct:axe_head:0, Uranium Axe Head
tconstruct:axe_head:0, Magnesium Axe Head
tconstruct:axe_head:0, Chocolate Axe Head
tconstruct:broad_axe_head:0, Electrical Broad Axe Head
tconstruct:broad_axe_head:0, Energetic Broad Axe Head
tconstruct:broad_axe_head:0, Vibrant Broad Axe Head
tconstruct:broad_axe_head:0, Red Broad Axe Head
tconstruct:broad_axe_head:0, Conductive Broad Axe Head
tconstruct:broad_axe_head:0, Pulsating Broad Axe Head
tconstruct:broad_axe_head:0, Dark Broad Axe Head
tconstruct:broad_axe_head:0, Souled Broad Axe Head
tconstruct:broad_axe_head:0, Broad Axe Head of the End
tconstruct:broad_axe_head:0, Fake-Iron Broad Axe Head
tconstruct:broad_axe_head:0, Wooden Broad Axe Head
tconstruct:broad_axe_head:0, Stone Broad Axe Head
tconstruct:broad_axe_head:0, Flint Broad Axe Head
tconstruct:broad_axe_head:0, Cactus Broad Axe Head
tconstruct:broad_axe_head:0, Bone Broad Axe Head
tconstruct:broad_axe_head:0, Obsidian Broad Axe Head
tconstruct:broad_axe_head:0, Prismarine Broad Axe Head
tconstruct:broad_axe_head:0, End Broad Axe Head
tconstruct:broad_axe_head:0, Paper Broad Axe Head
tconstruct:broad_axe_head:0, Sponge Broad Axe Head
tconstruct:broad_axe_head:0, Firewood Broad Axe Head
tconstruct:broad_axe_head:0, Iron Broad Axe Head
tconstruct:broad_axe_head:0, Pig Iron Broad Axe Head
tconstruct:broad_axe_head:0, Knightslime Broad Axe Head
tconstruct:broad_axe_head:0, Slime Broad Axe Head
tconstruct:broad_axe_head:0, Slime Broad Axe Head
tconstruct:broad_axe_head:0, Magma Slime Broad Axe Head
tconstruct:broad_axe_head:0, Aluminum Brass Broad Axe Head
tconstruct:broad_axe_head:0, Alumite Broad Axe Head
tconstruct:broad_axe_head:0, Netherrack Broad Axe Head
tconstruct:broad_axe_head:0, Cobalt Broad Axe Head
tconstruct:broad_axe_head:0, Ardite Broad Axe Head
tconstruct:broad_axe_head:0, Manyullyn Broad Axe Head
tconstruct:broad_axe_head:0, Bloody Bone Broad Axe Head
tconstruct:broad_axe_head:0, Copper Broad Axe Head
tconstruct:broad_axe_head:0, Bronze Broad Axe Head
tconstruct:broad_axe_head:0, Lead Broad Axe Head
tconstruct:broad_axe_head:0, Silver Broad Axe Head
tconstruct:broad_axe_head:0, Electrum Broad Axe Head
tconstruct:broad_axe_head:0, Steel Broad Axe Head
tconstruct:broad_axe_head:0, Boron Broad Axe Head
tconstruct:broad_axe_head:0, Tough Alloy Broad Axe Head
tconstruct:broad_axe_head:0, Hard Carbon Broad Axe Head
tconstruct:broad_axe_head:0, Boron Nitride Broad Axe Head
tconstruct:broad_axe_head:0, Thorium Broad Axe Head
tconstruct:broad_axe_head:0, Uranium Broad Axe Head
tconstruct:broad_axe_head:0, Magnesium Broad Axe Head
tconstruct:broad_axe_head:0, Chocolate Broad Axe Head
tconstruct:sword_blade:0, Electrical Sword Blade
tconstruct:sword_blade:0, Energetic Sword Blade
tconstruct:sword_blade:0, Vibrant Sword Blade
tconstruct:sword_blade:0, Red Sword Blade
tconstruct:sword_blade:0, Conductive Sword Blade
tconstruct:sword_blade:0, Pulsating Sword Blade
tconstruct:sword_blade:0, Dark Sword Blade
tconstruct:sword_blade:0, Souled Sword Blade
tconstruct:sword_blade:0, Sword Blade of the End
tconstruct:sword_blade:0, Fake-Iron Sword Blade
tconstruct:sword_blade:0, Wooden Sword Blade
tconstruct:sword_blade:0, Stone Sword Blade
tconstruct:sword_blade:0, Flint Sword Blade
tconstruct:sword_blade:0, Cactus Sword Blade
tconstruct:sword_blade:0, Bone Sword Blade
tconstruct:sword_blade:0, Obsidian Sword Blade
tconstruct:sword_blade:0, Prismarine Sword Blade
tconstruct:sword_blade:0, End Sword Blade
tconstruct:sword_blade:0, Paper Sword Blade
tconstruct:sword_blade:0, Sponge Sword Blade
tconstruct:sword_blade:0, Firewood Sword Blade
tconstruct:sword_blade:0, Iron Sword Blade
tconstruct:sword_blade:0, Pig Iron Sword Blade
tconstruct:sword_blade:0, Knightslime Sword Blade
tconstruct:sword_blade:0, Slime Sword Blade
tconstruct:sword_blade:0, Slime Sword Blade
tconstruct:sword_blade:0, Magma Slime Sword Blade
tconstruct:sword_blade:0, Aluminum Brass Sword Blade
tconstruct:sword_blade:0, Alumite Sword Blade
tconstruct:sword_blade:0, Netherrack Sword Blade
tconstruct:sword_blade:0, Cobalt Sword Blade
tconstruct:sword_blade:0, Ardite Sword Blade
tconstruct:sword_blade:0, Manyullyn Sword Blade
tconstruct:sword_blade:0, Bloody Bone Sword Blade
tconstruct:sword_blade:0, Copper Sword Blade
tconstruct:sword_blade:0, Bronze Sword Blade
tconstruct:sword_blade:0, Lead Sword Blade
tconstruct:sword_blade:0, Silver Sword Blade
tconstruct:sword_blade:0, Electrum Sword Blade
tconstruct:sword_blade:0, Steel Sword Blade
tconstruct:sword_blade:0, Boron Sword Blade
tconstruct:sword_blade:0, Tough Alloy Sword Blade
tconstruct:sword_blade:0, Hard Carbon Sword Blade
tconstruct:sword_blade:0, Boron Nitride Sword Blade
tconstruct:sword_blade:0, Thorium Sword Blade
tconstruct:sword_blade:0, Uranium Sword Blade
tconstruct:sword_blade:0, Magnesium Sword Blade
tconstruct:sword_blade:0, Chocolate Sword Blade
tconstruct:large_sword_blade:0, Electrical Large Sword Blade
tconstruct:large_sword_blade:0, Energetic Large Sword Blade
tconstruct:large_sword_blade:0, Vibrant Large Sword Blade
tconstruct:large_sword_blade:0, Red Large Sword Blade
tconstruct:large_sword_blade:0, Conductive Large Sword Blade
tconstruct:large_sword_blade:0, Pulsating Large Sword Blade
tconstruct:large_sword_blade:0, Dark Large Sword Blade
tconstruct:large_sword_blade:0, Souled Large Sword Blade
tconstruct:large_sword_blade:0, Large Sword Blade of the End
tconstruct:large_sword_blade:0, Fake-Iron Large Sword Blade
tconstruct:large_sword_blade:0, Wooden Large Sword Blade
tconstruct:large_sword_blade:0, Stone Large Sword Blade
tconstruct:large_sword_blade:0, Flint Large Sword Blade
tconstruct:large_sword_blade:0, Cactus Large Sword Blade
tconstruct:large_sword_blade:0, Bone Large Sword Blade
tconstruct:large_sword_blade:0, Obsidian Large Sword Blade
tconstruct:large_sword_blade:0, Prismarine Large Sword Blade
tconstruct:large_sword_blade:0, End Large Sword Blade
tconstruct:large_sword_blade:0, Paper Large Sword Blade
tconstruct:large_sword_blade:0, Sponge Large Sword Blade
tconstruct:large_sword_blade:0, Firewood Large Sword Blade
tconstruct:large_sword_blade:0, Iron Large Sword Blade
tconstruct:large_sword_blade:0, Pig Iron Large Sword Blade
tconstruct:large_sword_blade:0, Knightslime Large Sword Blade
tconstruct:large_sword_blade:0, Slime Large Sword Blade
tconstruct:large_sword_blade:0, Slime Large Sword Blade
tconstruct:large_sword_blade:0, Magma Slime Large Sword Blade
tconstruct:large_sword_blade:0, Aluminum Brass Large Sword Blade
tconstruct:large_sword_blade:0, Alumite Large Sword Blade
tconstruct:large_sword_blade:0, Netherrack Large Sword Blade
tconstruct:large_sword_blade:0, Cobalt Large Sword Blade
tconstruct:large_sword_blade:0, Ardite Large Sword Blade
tconstruct:large_sword_blade:0, Manyullyn Large Sword Blade
tconstruct:large_sword_blade:0, Bloody Bone Large Sword Blade
tconstruct:large_sword_blade:0, Copper Large Sword Blade
tconstruct:large_sword_blade:0, Bronze Large Sword Blade
tconstruct:large_sword_blade:0, Lead Large Sword Blade
tconstruct:large_sword_blade:0, Silver Large Sword Blade
tconstruct:large_sword_blade:0, Electrum Large Sword Blade
tconstruct:large_sword_blade:0, Steel Large Sword Blade
tconstruct:large_sword_blade:0, Boron Large Sword Blade
tconstruct:large_sword_blade:0, Tough Alloy Large Sword Blade
tconstruct:large_sword_blade:0, Hard Carbon Large Sword Blade
tconstruct:large_sword_blade:0, Boron Nitride Large Sword Blade
tconstruct:large_sword_blade:0, Thorium Large Sword Blade
tconstruct:large_sword_blade:0, Uranium Large Sword Blade
tconstruct:large_sword_blade:0, Magnesium Large Sword Blade
tconstruct:large_sword_blade:0, Chocolate Large Sword Blade
tconstruct:hammer_head:0, Electrical Hammer Head
tconstruct:hammer_head:0, Energetic Hammer Head
tconstruct:hammer_head:0, Vibrant Hammer Head
tconstruct:hammer_head:0, Red Hammer Head
tconstruct:hammer_head:0, Conductive Hammer Head
tconstruct:hammer_head:0, Pulsating Hammer Head
tconstruct:hammer_head:0, Dark Hammer Head
tconstruct:hammer_head:0, Souled Hammer Head
tconstruct:hammer_head:0, Hammer Head of the End
tconstruct:hammer_head:0, Fake-Iron Hammer Head
tconstruct:hammer_head:0, Wooden Hammer Head
tconstruct:hammer_head:0, Stone Hammer Head
tconstruct:hammer_head:0, Flint Hammer Head
tconstruct:hammer_head:0, Cactus Hammer Head
tconstruct:hammer_head:0, Bone Hammer Head
tconstruct:hammer_head:0, Obsidian Hammer Head
tconstruct:hammer_head:0, Prismarine Hammer Head
tconstruct:hammer_head:0, End Hammer Head
tconstruct:hammer_head:0, Paper Hammer Head
tconstruct:hammer_head:0, Sponge Hammer Head
tconstruct:hammer_head:0, Firewood Hammer Head
tconstruct:hammer_head:0, Iron Hammer Head
tconstruct:hammer_head:0, Pig Iron Hammer Head
tconstruct:hammer_head:0, Knightslime Hammer Head
tconstruct:hammer_head:0, Slime Hammer Head
tconstruct:hammer_head:0, Slime Hammer Head
tconstruct:hammer_head:0, Magma Slime Hammer Head
tconstruct:hammer_head:0, Aluminum Brass Hammer Head
tconstruct:hammer_head:0, Alumite Hammer Head
tconstruct:hammer_head:0, Netherrack Hammer Head
tconstruct:hammer_head:0, Cobalt Hammer Head
tconstruct:hammer_head:0, Ardite Hammer Head
tconstruct:hammer_head:0, Manyullyn Hammer Head
tconstruct:hammer_head:0, Bloody Bone Hammer Head
tconstruct:hammer_head:0, Copper Hammer Head
tconstruct:hammer_head:0, Bronze Hammer Head
tconstruct:hammer_head:0, Lead Hammer Head
tconstruct:hammer_head:0, Silver Hammer Head
tconstruct:hammer_head:0, Electrum Hammer Head
tconstruct:hammer_head:0, Steel Hammer Head
tconstruct:hammer_head:0, Boron Hammer Head
tconstruct:hammer_head:0, Tough Alloy Hammer Head
tconstruct:hammer_head:0, Hard Carbon Hammer Head
tconstruct:hammer_head:0, Boron Nitride Hammer Head
tconstruct:hammer_head:0, Thorium Hammer Head
tconstruct:hammer_head:0, Uranium Hammer Head
tconstruct:hammer_head:0, Magnesium Hammer Head
tconstruct:hammer_head:0, Chocolate Hammer Head
tconstruct:excavator_head:0, Electrical Excavator Head
tconstruct:excavator_head:0, Energetic Excavator Head
tconstruct:excavator_head:0, Vibrant Excavator Head
tconstruct:excavator_head:0, Red Excavator Head
tconstruct:excavator_head:0, Conductive Excavator Head
tconstruct:excavator_head:0, Pulsating Excavator Head
tconstruct:excavator_head:0, Dark Excavator Head
tconstruct:excavator_head:0, Souled Excavator Head
tconstruct:excavator_head:0, Excavator Head of the End
tconstruct:excavator_head:0, Fake-Iron Excavator Head
tconstruct:excavator_head:0, Wooden Excavator Head
tconstruct:excavator_head:0, Stone Excavator Head
tconstruct:excavator_head:0, Flint Excavator Head
tconstruct:excavator_head:0, Cactus Excavator Head
tconstruct:excavator_head:0, Bone Excavator Head
tconstruct:excavator_head:0, Obsidian Excavator Head
tconstruct:excavator_head:0, Prismarine Excavator Head
tconstruct:excavator_head:0, End Excavator Head
tconstruct:excavator_head:0, Paper Excavator Head
tconstruct:excavator_head:0, Sponge Excavator Head
tconstruct:excavator_head:0, Firewood Excavator Head
tconstruct:excavator_head:0, Iron Excavator Head
tconstruct:excavator_head:0, Pig Iron Excavator Head
tconstruct:excavator_head:0, Knightslime Excavator Head
tconstruct:excavator_head:0, Slime Excavator Head
tconstruct:excavator_head:0, Slime Excavator Head
tconstruct:excavator_head:0, Magma Slime Excavator Head
tconstruct:excavator_head:0, Aluminum Brass Excavator Head
tconstruct:excavator_head:0, Alumite Excavator Head
tconstruct:excavator_head:0, Netherrack Excavator Head
tconstruct:excavator_head:0, Cobalt Excavator Head
tconstruct:excavator_head:0, Ardite Excavator Head
tconstruct:excavator_head:0, Manyullyn Excavator Head
tconstruct:excavator_head:0, Bloody Bone Excavator Head
tconstruct:excavator_head:0, Copper Excavator Head
tconstruct:excavator_head:0, Bronze Excavator Head
tconstruct:excavator_head:0, Lead Excavator Head
tconstruct:excavator_head:0, Silver Excavator Head
tconstruct:excavator_head:0, Electrum Excavator Head
tconstruct:excavator_head:0, Steel Excavator Head
tconstruct:excavator_head:0, Boron Excavator Head
tconstruct:excavator_head:0, Tough Alloy Excavator Head
tconstruct:excavator_head:0, Hard Carbon Excavator Head
tconstruct:excavator_head:0, Boron Nitride Excavator Head
tconstruct:excavator_head:0, Thorium Excavator Head
tconstruct:excavator_head:0, Uranium Excavator Head
tconstruct:excavator_head:0, Magnesium Excavator Head
tconstruct:excavator_head:0, Chocolate Excavator Head
tconstruct:kama_head:0, Electrical Kama Head
tconstruct:kama_head:0, Energetic Kama Head
tconstruct:kama_head:0, Vibrant Kama Head
tconstruct:kama_head:0, Red Kama Head
tconstruct:kama_head:0, Conductive Kama Head
tconstruct:kama_head:0, Pulsating Kama Head
tconstruct:kama_head:0, Dark Kama Head
tconstruct:kama_head:0, Souled Kama Head
tconstruct:kama_head:0, Kama Head of the End
tconstruct:kama_head:0, Fake-Iron Kama Head
tconstruct:kama_head:0, Wooden Kama Head
tconstruct:kama_head:0, Stone Kama Head
tconstruct:kama_head:0, Flint Kama Head
tconstruct:kama_head:0, Cactus Kama Head
tconstruct:kama_head:0, Bone Kama Head
tconstruct:kama_head:0, Obsidian Kama Head
tconstruct:kama_head:0, Prismarine Kama Head
tconstruct:kama_head:0, End Kama Head
tconstruct:kama_head:0, Paper Kama Head
tconstruct:kama_head:0, Sponge Kama Head
tconstruct:kama_head:0, Firewood Kama Head
tconstruct:kama_head:0, Iron Kama Head
tconstruct:kama_head:0, Pig Iron Kama Head
tconstruct:kama_head:0, Knightslime Kama Head
tconstruct:kama_head:0, Slime Kama Head
tconstruct:kama_head:0, Slime Kama Head
tconstruct:kama_head:0, Magma Slime Kama Head
tconstruct:kama_head:0, Aluminum Brass Kama Head
tconstruct:kama_head:0, Alumite Kama Head
tconstruct:kama_head:0, Netherrack Kama Head
tconstruct:kama_head:0, Cobalt Kama Head
tconstruct:kama_head:0, Ardite Kama Head
tconstruct:kama_head:0, Manyullyn Kama Head
tconstruct:kama_head:0, Bloody Bone Kama Head
tconstruct:kama_head:0, Copper Kama Head
tconstruct:kama_head:0, Bronze Kama Head
tconstruct:kama_head:0, Lead Kama Head
tconstruct:kama_head:0, Silver Kama Head
tconstruct:kama_head:0, Electrum Kama Head
tconstruct:kama_head:0, Steel Kama Head
tconstruct:kama_head:0, Boron Kama Head
tconstruct:kama_head:0, Tough Alloy Kama Head
tconstruct:kama_head:0, Hard Carbon Kama Head
tconstruct:kama_head:0, Boron Nitride Kama Head
tconstruct:kama_head:0, Thorium Kama Head
tconstruct:kama_head:0, Uranium Kama Head
tconstruct:kama_head:0, Magnesium Kama Head
tconstruct:kama_head:0, Chocolate Kama Head
tconstruct:scythe_head:0, Electrical Scythe Head
tconstruct:scythe_head:0, Energetic Scythe Head
tconstruct:scythe_head:0, Vibrant Scythe Head
tconstruct:scythe_head:0, Red Scythe Head
tconstruct:scythe_head:0, Conductive Scythe Head
tconstruct:scythe_head:0, Pulsating Scythe Head
tconstruct:scythe_head:0, Dark Scythe Head
tconstruct:scythe_head:0, Souled Scythe Head
tconstruct:scythe_head:0, Scythe Head of the End
tconstruct:scythe_head:0, Fake-Iron Scythe Head
tconstruct:scythe_head:0, Wooden Scythe Head
tconstruct:scythe_head:0, Stone Scythe Head
tconstruct:scythe_head:0, Flint Scythe Head
tconstruct:scythe_head:0, Cactus Scythe Head
tconstruct:scythe_head:0, Bone Scythe Head
tconstruct:scythe_head:0, Obsidian Scythe Head
tconstruct:scythe_head:0, Prismarine Scythe Head
tconstruct:scythe_head:0, End Scythe Head
tconstruct:scythe_head:0, Paper Scythe Head
tconstruct:scythe_head:0, Sponge Scythe Head
tconstruct:scythe_head:0, Firewood Scythe Head
tconstruct:scythe_head:0, Iron Scythe Head
tconstruct:scythe_head:0, Pig Iron Scythe Head
tconstruct:scythe_head:0, Knightslime Scythe Head
tconstruct:scythe_head:0, Slime Scythe Head
tconstruct:scythe_head:0, Slime Scythe Head
tconstruct:scythe_head:0, Magma Slime Scythe Head
tconstruct:scythe_head:0, Aluminum Brass Scythe Head
tconstruct:scythe_head:0, Alumite Scythe Head
tconstruct:scythe_head:0, Netherrack Scythe Head
tconstruct:scythe_head:0, Cobalt Scythe Head
tconstruct:scythe_head:0, Ardite Scythe Head
tconstruct:scythe_head:0, Manyullyn Scythe Head
tconstruct:scythe_head:0, Bloody Bone Scythe Head
tconstruct:scythe_head:0, Copper Scythe Head
tconstruct:scythe_head:0, Bronze Scythe Head
tconstruct:scythe_head:0, Lead Scythe Head
tconstruct:scythe_head:0, Silver Scythe Head
tconstruct:scythe_head:0, Electrum Scythe Head
tconstruct:scythe_head:0, Steel Scythe Head
tconstruct:scythe_head:0, Boron Scythe Head
tconstruct:scythe_head:0, Tough Alloy Scythe Head
tconstruct:scythe_head:0, Hard Carbon Scythe Head
tconstruct:scythe_head:0, Boron Nitride Scythe Head
tconstruct:scythe_head:0, Thorium Scythe Head
tconstruct:scythe_head:0, Uranium Scythe Head
tconstruct:scythe_head:0, Magnesium Scythe Head
tconstruct:scythe_head:0, Chocolate Scythe Head
tconstruct:pan_head:0, Electrical Pan
tconstruct:pan_head:0, Energetic Pan
tconstruct:pan_head:0, Vibrant Pan
tconstruct:pan_head:0, Red Pan
tconstruct:pan_head:0, Conductive Pan
tconstruct:pan_head:0, Pulsating Pan
tconstruct:pan_head:0, Dark Pan
tconstruct:pan_head:0, Souled Pan
tconstruct:pan_head:0, Pan of the End
tconstruct:pan_head:0, Fake-Iron Pan
tconstruct:pan_head:0, Wooden Pan
tconstruct:pan_head:0, Stone Pan
tconstruct:pan_head:0, Flint Pan
tconstruct:pan_head:0, Cactus Pan
tconstruct:pan_head:0, Bone Pan
tconstruct:pan_head:0, Obsidian Pan
tconstruct:pan_head:0, Prismarine Pan
tconstruct:pan_head:0, End Pan
tconstruct:pan_head:0, Paper Pan
tconstruct:pan_head:0, Sponge Pan
tconstruct:pan_head:0, Firewood Pan
tconstruct:pan_head:0, Iron Pan
tconstruct:pan_head:0, Pig Iron Pan
tconstruct:pan_head:0, Knightslime Pan
tconstruct:pan_head:0, Slime Pan
tconstruct:pan_head:0, Slime Pan
tconstruct:pan_head:0, Magma Slime Pan
tconstruct:pan_head:0, Aluminum Brass Pan
tconstruct:pan_head:0, Alumite Pan
tconstruct:pan_head:0, Netherrack Pan
tconstruct:pan_head:0, Cobalt Pan
tconstruct:pan_head:0, Ardite Pan
tconstruct:pan_head:0, Manyullyn Pan
tconstruct:pan_head:0, Bloody Bone Pan
tconstruct:pan_head:0, Copper Pan
tconstruct:pan_head:0, Bronze Pan
tconstruct:pan_head:0, Lead Pan
tconstruct:pan_head:0, Silver Pan
tconstruct:pan_head:0, Electrum Pan
tconstruct:pan_head:0, Steel Pan
tconstruct:pan_head:0, Boron Pan
tconstruct:pan_head:0, Tough Alloy Pan
tconstruct:pan_head:0, Hard Carbon Pan
tconstruct:pan_head:0, Boron Nitride Pan
tconstruct:pan_head:0, Thorium Pan
tconstruct:pan_head:0, Uranium Pan
tconstruct:pan_head:0, Magnesium Pan
tconstruct:pan_head:0, Chocolate Pan
tconstruct:sign_head:0, Electrical Sign Plate
tconstruct:sign_head:0, Energetic Sign Plate
tconstruct:sign_head:0, Vibrant Sign Plate
tconstruct:sign_head:0, Red Sign Plate
tconstruct:sign_head:0, Conductive Sign Plate
tconstruct:sign_head:0, Pulsating Sign Plate
tconstruct:sign_head:0, Dark Sign Plate
tconstruct:sign_head:0, Souled Sign Plate
tconstruct:sign_head:0, Sign Plate of the End
tconstruct:sign_head:0, Fake-Iron Sign Plate
tconstruct:sign_head:0, Wooden Sign Plate
tconstruct:sign_head:0, Stone Sign Plate
tconstruct:sign_head:0, Flint Sign Plate
tconstruct:sign_head:0, Cactus Sign Plate
tconstruct:sign_head:0, Bone Sign Plate
tconstruct:sign_head:0, Obsidian Sign Plate
tconstruct:sign_head:0, Prismarine Sign Plate
tconstruct:sign_head:0, End Sign Plate
tconstruct:sign_head:0, Paper Sign Plate
tconstruct:sign_head:0, Sponge Sign Plate
tconstruct:sign_head:0, Firewood Sign Plate
tconstruct:sign_head:0, Iron Sign Plate
tconstruct:sign_head:0, Pig Iron Sign Plate
tconstruct:sign_head:0, Knightslime Sign Plate
tconstruct:sign_head:0, Slime Sign Plate
tconstruct:sign_head:0, Slime Sign Plate
tconstruct:sign_head:0, Magma Slime Sign Plate
tconstruct:sign_head:0, Aluminum Brass Sign Plate
tconstruct:sign_head:0, Alumite Sign Plate
tconstruct:sign_head:0, Netherrack Sign Plate
tconstruct:sign_head:0, Cobalt Sign Plate
tconstruct:sign_head:0, Ardite Sign Plate
tconstruct:sign_head:0, Manyullyn Sign Plate
tconstruct:sign_head:0, Bloody Bone Sign Plate
tconstruct:sign_head:0, Copper Sign Plate
tconstruct:sign_head:0, Bronze Sign Plate
tconstruct:sign_head:0, Lead Sign Plate
tconstruct:sign_head:0, Silver Sign Plate
tconstruct:sign_head:0, Electrum Sign Plate
tconstruct:sign_head:0, Steel Sign Plate
tconstruct:sign_head:0, Boron Sign Plate
tconstruct:sign_head:0, Tough Alloy Sign Plate
tconstruct:sign_head:0, Hard Carbon Sign Plate
tconstruct:sign_head:0, Boron Nitride Sign Plate
tconstruct:sign_head:0, Thorium Sign Plate
tconstruct:sign_head:0, Uranium Sign Plate
tconstruct:sign_head:0, Magnesium Sign Plate
tconstruct:sign_head:0, Chocolate Sign Plate
tconstruct:tool_rod:0, Electrical Tool Rod
tconstruct:tool_rod:0, Energetic Tool Rod
tconstruct:tool_rod:0, Vibrant Tool Rod
tconstruct:tool_rod:0, Red Tool Rod
tconstruct:tool_rod:0, Conductive Tool Rod
tconstruct:tool_rod:0, Pulsating Tool Rod
tconstruct:tool_rod:0, Dark Tool Rod
tconstruct:tool_rod:0, Souled Tool Rod
tconstruct:tool_rod:0, Tool Rod of the End
tconstruct:tool_rod:0, Fake-Iron Tool Rod
tconstruct:tool_rod:0, Wooden Tool Rod
tconstruct:tool_rod:0, Stone Tool Rod
tconstruct:tool_rod:0, Flint Tool Rod
tconstruct:tool_rod:0, Cactus Tool Rod
tconstruct:tool_rod:0, Bone Tool Rod
tconstruct:tool_rod:0, Obsidian Tool Rod
tconstruct:tool_rod:0, Prismarine Tool Rod
tconstruct:tool_rod:0, End Tool Rod
tconstruct:tool_rod:0, Paper Tool Rod
tconstruct:tool_rod:0, Sponge Tool Rod
tconstruct:tool_rod:0, Firewood Tool Rod
tconstruct:tool_rod:0, Iron Tool Rod
tconstruct:tool_rod:0, Pig Iron Tool Rod
tconstruct:tool_rod:0, Knightslime Tool Rod
tconstruct:tool_rod:0, Slime Tool Rod
tconstruct:tool_rod:0, Slime Tool Rod
tconstruct:tool_rod:0, Magma Slime Tool Rod
tconstruct:tool_rod:0, Aluminum Brass Tool Rod
tconstruct:tool_rod:0, Alumite Tool Rod
tconstruct:tool_rod:0, Netherrack Tool Rod
tconstruct:tool_rod:0, Cobalt Tool Rod
tconstruct:tool_rod:0, Ardite Tool Rod
tconstruct:tool_rod:0, Manyullyn Tool Rod
tconstruct:tool_rod:0, Bloody Bone Tool Rod
tconstruct:tool_rod:0, Copper Tool Rod
tconstruct:tool_rod:0, Bronze Tool Rod
tconstruct:tool_rod:0, Lead Tool Rod
tconstruct:tool_rod:0, Silver Tool Rod
tconstruct:tool_rod:0, Electrum Tool Rod
tconstruct:tool_rod:0, Steel Tool Rod
tconstruct:tool_rod:0, Boron Tool Rod
tconstruct:tool_rod:0, Tough Alloy Tool Rod
tconstruct:tool_rod:0, Hard Carbon Tool Rod
tconstruct:tool_rod:0, Boron Nitride Tool Rod
tconstruct:tool_rod:0, Thorium Tool Rod
tconstruct:tool_rod:0, Uranium Tool Rod
tconstruct:tool_rod:0, Magnesium Tool Rod
tconstruct:tool_rod:0, Chocolate Tool Rod
tconstruct:tough_tool_rod:0, Electrical Tough Tool Rod
tconstruct:tough_tool_rod:0, Energetic Tough Tool Rod
tconstruct:tough_tool_rod:0, Vibrant Tough Tool Rod
tconstruct:tough_tool_rod:0, Red Tough Tool Rod
tconstruct:tough_tool_rod:0, Conductive Tough Tool Rod
tconstruct:tough_tool_rod:0, Pulsating Tough Tool Rod
tconstruct:tough_tool_rod:0, Dark Tough Tool Rod
tconstruct:tough_tool_rod:0, Souled Tough Tool Rod
tconstruct:tough_tool_rod:0, Tough Tool Rod of the End
tconstruct:tough_tool_rod:0, Fake-Iron Tough Tool Rod
tconstruct:tough_tool_rod:0, Wooden Tough Tool Rod
tconstruct:tough_tool_rod:0, Stone Tough Tool Rod
tconstruct:tough_tool_rod:0, Flint Tough Tool Rod
tconstruct:tough_tool_rod:0, Cactus Tough Tool Rod
tconstruct:tough_tool_rod:0, Bone Tough Tool Rod
tconstruct:tough_tool_rod:0, Obsidian Tough Tool Rod
tconstruct:tough_tool_rod:0, Prismarine Tough Tool Rod
tconstruct:tough_tool_rod:0, End Tough Tool Rod
tconstruct:tough_tool_rod:0, Paper Tough Tool Rod
tconstruct:tough_tool_rod:0, Sponge Tough Tool Rod
tconstruct:tough_tool_rod:0, Firewood Tough Tool Rod
tconstruct:tough_tool_rod:0, Iron Tough Tool Rod
tconstruct:tough_tool_rod:0, Pig Iron Tough Tool Rod
tconstruct:tough_tool_rod:0, Knightslime Tough Tool Rod
tconstruct:tough_tool_rod:0, Slime Tough Tool Rod
tconstruct:tough_tool_rod:0, Slime Tough Tool Rod
tconstruct:tough_tool_rod:0, Magma Slime Tough Tool Rod
tconstruct:tough_tool_rod:0, Aluminum Brass Tough Tool Rod
tconstruct:tough_tool_rod:0, Alumite Tough Tool Rod
tconstruct:tough_tool_rod:0, Netherrack Tough Tool Rod
tconstruct:tough_tool_rod:0, Cobalt Tough Tool Rod
tconstruct:tough_tool_rod:0, Ardite Tough Tool Rod
tconstruct:tough_tool_rod:0, Manyullyn Tough Tool Rod
tconstruct:tough_tool_rod:0, Bloody Bone Tough Tool Rod
tconstruct:tough_tool_rod:0, Copper Tough Tool Rod
tconstruct:tough_tool_rod:0, Bronze Tough Tool Rod
tconstruct:tough_tool_rod:0, Lead Tough Tool Rod
tconstruct:tough_tool_rod:0, Silver Tough Tool Rod
tconstruct:tough_tool_rod:0, Electrum Tough Tool Rod
tconstruct:tough_tool_rod:0, Steel Tough Tool Rod
tconstruct:tough_tool_rod:0, Boron Tough Tool Rod
tconstruct:tough_tool_rod:0, Tough Alloy Tough Tool Rod
tconstruct:tough_tool_rod:0, Hard Carbon Tough Tool Rod
tconstruct:tough_tool_rod:0, Boron Nitride Tough Tool Rod
tconstruct:tough_tool_rod:0, Thorium Tough Tool Rod
tconstruct:tough_tool_rod:0, Uranium Tough Tool Rod
tconstruct:tough_tool_rod:0, Magnesium Tough Tool Rod
tconstruct:tough_tool_rod:0, Chocolate Tough Tool Rod
tconstruct:binding:0, Electrical Binding
tconstruct:binding:0, Energetic Binding
tconstruct:binding:0, Vibrant Binding
tconstruct:binding:0, Red Binding
tconstruct:binding:0, Conductive Binding
tconstruct:binding:0, Pulsating Binding
tconstruct:binding:0, Dark Binding
tconstruct:binding:0, Souled Binding
tconstruct:binding:0, Binding of the End
tconstruct:binding:0, Fake-Iron Binding
tconstruct:binding:0, Wooden Binding
tconstruct:binding:0, Stone Binding
tconstruct:binding:0, Flint Binding
tconstruct:binding:0, Cactus Binding
tconstruct:binding:0, Bone Binding
tconstruct:binding:0, Obsidian Binding
tconstruct:binding:0, Prismarine Binding
tconstruct:binding:0, End Binding
tconstruct:binding:0, Paper Binding
tconstruct:binding:0, Sponge Binding
tconstruct:binding:0, Firewood Binding
tconstruct:binding:0, Iron Binding
tconstruct:binding:0, Pig Iron Binding
tconstruct:binding:0, Knightslime Binding
tconstruct:binding:0, Slime Binding
tconstruct:binding:0, Slime Binding
tconstruct:binding:0, Magma Slime Binding
tconstruct:binding:0, Aluminum Brass Binding
tconstruct:binding:0, Alumite Binding
tconstruct:binding:0, Netherrack Binding
tconstruct:binding:0, Cobalt Binding
tconstruct:binding:0, Ardite Binding
tconstruct:binding:0, Manyullyn Binding
tconstruct:binding:0, Bloody Bone Binding
tconstruct:binding:0, Copper Binding
tconstruct:binding:0, Bronze Binding
tconstruct:binding:0, Lead Binding
tconstruct:binding:0, Silver Binding
tconstruct:binding:0, Electrum Binding
tconstruct:binding:0, Steel Binding
tconstruct:binding:0, Boron Binding
tconstruct:binding:0, Tough Alloy Binding
tconstruct:binding:0, Hard Carbon Binding
tconstruct:binding:0, Boron Nitride Binding
tconstruct:binding:0, Thorium Binding
tconstruct:binding:0, Uranium Binding
tconstruct:binding:0, Magnesium Binding
tconstruct:binding:0, Chocolate Binding
tconstruct:tough_binding:0, Electrical Tough Binding
tconstruct:tough_binding:0, Energetic Tough Binding
tconstruct:tough_binding:0, Vibrant Tough Binding
tconstruct:tough_binding:0, Red Tough Binding
tconstruct:tough_binding:0, Conductive Tough Binding
tconstruct:tough_binding:0, Pulsating Tough Binding
tconstruct:tough_binding:0, Dark Tough Binding
tconstruct:tough_binding:0, Souled Tough Binding
tconstruct:tough_binding:0, Tough Binding of the End
tconstruct:tough_binding:0, Fake-Iron Tough Binding
tconstruct:tough_binding:0, Wooden Tough Binding
tconstruct:tough_binding:0, Stone Tough Binding
tconstruct:tough_binding:0, Flint Tough Binding
tconstruct:tough_binding:0, Cactus Tough Binding
tconstruct:tough_binding:0, Bone Tough Binding
tconstruct:tough_binding:0, Obsidian Tough Binding
tconstruct:tough_binding:0, Prismarine Tough Binding
tconstruct:tough_binding:0, End Tough Binding
tconstruct:tough_binding:0, Paper Tough Binding
tconstruct:tough_binding:0, Sponge Tough Binding
tconstruct:tough_binding:0, Firewood Tough Binding
tconstruct:tough_binding:0, Iron Tough Binding
tconstruct:tough_binding:0, Pig Iron Tough Binding
tconstruct:tough_binding:0, Knightslime Tough Binding
tconstruct:tough_binding:0, Slime Tough Binding
tconstruct:tough_binding:0, Slime Tough Binding
tconstruct:tough_binding:0, Magma Slime Tough Binding
tconstruct:tough_binding:0, Aluminum Brass Tough Binding
tconstruct:tough_binding:0, Alumite Tough Binding
tconstruct:tough_binding:0, Netherrack Tough Binding
tconstruct:tough_binding:0, Cobalt Tough Binding
tconstruct:tough_binding:0, Ardite Tough Binding
tconstruct:tough_binding:0, Manyullyn Tough Binding
tconstruct:tough_binding:0, Bloody Bone Tough Binding
tconstruct:tough_binding:0, Copper Tough Binding
tconstruct:tough_binding:0, Bronze Tough Binding
tconstruct:tough_binding:0, Lead Tough Binding
tconstruct:tough_binding:0, Silver Tough Binding
tconstruct:tough_binding:0, Electrum Tough Binding
tconstruct:tough_binding:0, Steel Tough Binding
tconstruct:tough_binding:0, Boron Tough Binding
tconstruct:tough_binding:0, Tough Alloy Tough Binding
tconstruct:tough_binding:0, Hard Carbon Tough Binding
tconstruct:tough_binding:0, Boron Nitride Tough Binding
tconstruct:tough_binding:0, Thorium Tough Binding
tconstruct:tough_binding:0, Uranium Tough Binding
tconstruct:tough_binding:0, Magnesium Tough Binding
tconstruct:tough_binding:0, Chocolate Tough Binding
tconstruct:wide_guard:0, Electrical Wide Guard
tconstruct:wide_guard:0, Energetic Wide Guard
tconstruct:wide_guard:0, Vibrant Wide Guard
tconstruct:wide_guard:0, Red Wide Guard
tconstruct:wide_guard:0, Conductive Wide Guard
tconstruct:wide_guard:0, Pulsating Wide Guard
tconstruct:wide_guard:0, Dark Wide Guard
tconstruct:wide_guard:0, Souled Wide Guard
tconstruct:wide_guard:0, Wide Guard of the End
tconstruct:wide_guard:0, Fake-Iron Wide Guard
tconstruct:wide_guard:0, Wooden Wide Guard
tconstruct:wide_guard:0, Stone Wide Guard
tconstruct:wide_guard:0, Flint Wide Guard
tconstruct:wide_guard:0, Cactus Wide Guard
tconstruct:wide_guard:0, Bone Wide Guard
tconstruct:wide_guard:0, Obsidian Wide Guard
tconstruct:wide_guard:0, Prismarine Wide Guard
tconstruct:wide_guard:0, End Wide Guard
tconstruct:wide_guard:0, Paper Wide Guard
tconstruct:wide_guard:0, Sponge Wide Guard
tconstruct:wide_guard:0, Firewood Wide Guard
tconstruct:wide_guard:0, Iron Wide Guard
tconstruct:wide_guard:0, Pig Iron Wide Guard
tconstruct:wide_guard:0, Knightslime Wide Guard
tconstruct:wide_guard:0, Slime Wide Guard
tconstruct:wide_guard:0, Slime Wide Guard
tconstruct:wide_guard:0, Magma Slime Wide Guard
tconstruct:wide_guard:0, Aluminum Brass Wide Guard
tconstruct:wide_guard:0, Alumite Wide Guard
tconstruct:wide_guard:0, Netherrack Wide Guard
tconstruct:wide_guard:0, Cobalt Wide Guard
tconstruct:wide_guard:0, Ardite Wide Guard
tconstruct:wide_guard:0, Manyullyn Wide Guard
tconstruct:wide_guard:0, Bloody Bone Wide Guard
tconstruct:wide_guard:0, Copper Wide Guard
tconstruct:wide_guard:0, Bronze Wide Guard
tconstruct:wide_guard:0, Lead Wide Guard
tconstruct:wide_guard:0, Silver Wide Guard
tconstruct:wide_guard:0, Electrum Wide Guard
tconstruct:wide_guard:0, Steel Wide Guard
tconstruct:wide_guard:0, Boron Wide Guard
tconstruct:wide_guard:0, Tough Alloy Wide Guard
tconstruct:wide_guard:0, Hard Carbon Wide Guard
tconstruct:wide_guard:0, Boron Nitride Wide Guard
tconstruct:wide_guard:0, Thorium Wide Guard
tconstruct:wide_guard:0, Uranium Wide Guard
tconstruct:wide_guard:0, Magnesium Wide Guard
tconstruct:wide_guard:0, Chocolate Wide Guard
tconstruct:hand_guard:0, Electrical Hand Guard
tconstruct:hand_guard:0, Energetic Hand Guard
tconstruct:hand_guard:0, Vibrant Hand Guard
tconstruct:hand_guard:0, Red Hand Guard
tconstruct:hand_guard:0, Conductive Hand Guard
tconstruct:hand_guard:0, Pulsating Hand Guard
tconstruct:hand_guard:0, Dark Hand Guard
tconstruct:hand_guard:0, Souled Hand Guard
tconstruct:hand_guard:0, Hand Guard of the End
tconstruct:hand_guard:0, Fake-Iron Hand Guard
tconstruct:hand_guard:0, Wooden Hand Guard
tconstruct:hand_guard:0, Stone Hand Guard
tconstruct:hand_guard:0, Flint Hand Guard
tconstruct:hand_guard:0, Cactus Hand Guard
tconstruct:hand_guard:0, Bone Hand Guard
tconstruct:hand_guard:0, Obsidian Hand Guard
tconstruct:hand_guard:0, Prismarine Hand Guard
tconstruct:hand_guard:0, End Hand Guard
tconstruct:hand_guard:0, Paper Hand Guard
tconstruct:hand_guard:0, Sponge Hand Guard
tconstruct:hand_guard:0, Firewood Hand Guard
tconstruct:hand_guard:0, Iron Hand Guard
tconstruct:hand_guard:0, Pig Iron Hand Guard
tconstruct:hand_guard:0, Knightslime Hand Guard
tconstruct:hand_guard:0, Slime Hand Guard
tconstruct:hand_guard:0, Slime Hand Guard
tconstruct:hand_guard:0, Magma Slime Hand Guard
tconstruct:hand_guard:0, Aluminum Brass Hand Guard
tconstruct:hand_guard:0, Alumite Hand Guard
tconstruct:hand_guard:0, Netherrack Hand Guard
tconstruct:hand_guard:0, Cobalt Hand Guard
tconstruct:hand_guard:0, Ardite Hand Guard
tconstruct:hand_guard:0, Manyullyn Hand Guard
tconstruct:hand_guard:0, Bloody Bone Hand Guard
tconstruct:hand_guard:0, Copper Hand Guard
tconstruct:hand_guard:0, Bronze Hand Guard
tconstruct:hand_guard:0, Lead Hand Guard
tconstruct:hand_guard:0, Silver Hand Guard
tconstruct:hand_guard:0, Electrum Hand Guard
tconstruct:hand_guard:0, Steel Hand Guard
tconstruct:hand_guard:0, Boron Hand Guard
tconstruct:hand_guard:0, Tough Alloy Hand Guard
tconstruct:hand_guard:0, Hard Carbon Hand Guard
tconstruct:hand_guard:0, Boron Nitride Hand Guard
tconstruct:hand_guard:0, Thorium Hand Guard
tconstruct:hand_guard:0, Uranium Hand Guard
tconstruct:hand_guard:0, Magnesium Hand Guard
tconstruct:hand_guard:0, Chocolate Hand Guard
tconstruct:cross_guard:0, Electrical Cross Guard
tconstruct:cross_guard:0, Energetic Cross Guard
tconstruct:cross_guard:0, Vibrant Cross Guard
tconstruct:cross_guard:0, Red Cross Guard
tconstruct:cross_guard:0, Conductive Cross Guard
tconstruct:cross_guard:0, Pulsating Cross Guard
tconstruct:cross_guard:0, Dark Cross Guard
tconstruct:cross_guard:0, Souled Cross Guard
tconstruct:cross_guard:0, Cross Guard of the End
tconstruct:cross_guard:0, Fake-Iron Cross Guard
tconstruct:cross_guard:0, Wooden Cross Guard
tconstruct:cross_guard:0, Stone Cross Guard
tconstruct:cross_guard:0, Flint Cross Guard
tconstruct:cross_guard:0, Cactus Cross Guard
tconstruct:cross_guard:0, Bone Cross Guard
tconstruct:cross_guard:0, Obsidian Cross Guard
tconstruct:cross_guard:0, Prismarine Cross Guard
tconstruct:cross_guard:0, End Cross Guard
tconstruct:cross_guard:0, Paper Cross Guard
tconstruct:cross_guard:0, Sponge Cross Guard
tconstruct:cross_guard:0, Firewood Cross Guard
tconstruct:cross_guard:0, Iron Cross Guard
tconstruct:cross_guard:0, Pig Iron Cross Guard
tconstruct:cross_guard:0, Knightslime Cross Guard
tconstruct:cross_guard:0, Slime Cross Guard
tconstruct:cross_guard:0, Slime Cross Guard
tconstruct:cross_guard:0, Magma Slime Cross Guard
tconstruct:cross_guard:0, Aluminum Brass Cross Guard
tconstruct:cross_guard:0, Alumite Cross Guard
tconstruct:cross_guard:0, Netherrack Cross Guard
tconstruct:cross_guard:0, Cobalt Cross Guard
tconstruct:cross_guard:0, Ardite Cross Guard
tconstruct:cross_guard:0, Manyullyn Cross Guard
tconstruct:cross_guard:0, Bloody Bone Cross Guard
tconstruct:cross_guard:0, Copper Cross Guard
tconstruct:cross_guard:0, Bronze Cross Guard
tconstruct:cross_guard:0, Lead Cross Guard
tconstruct:cross_guard:0, Silver Cross Guard
tconstruct:cross_guard:0, Electrum Cross Guard
tconstruct:cross_guard:0, Steel Cross Guard
tconstruct:cross_guard:0, Boron Cross Guard
tconstruct:cross_guard:0, Tough Alloy Cross Guard
tconstruct:cross_guard:0, Hard Carbon Cross Guard
tconstruct:cross_guard:0, Boron Nitride Cross Guard
tconstruct:cross_guard:0, Thorium Cross Guard
tconstruct:cross_guard:0, Uranium Cross Guard
tconstruct:cross_guard:0, Magnesium Cross Guard
tconstruct:cross_guard:0, Chocolate Cross Guard
tconstruct:large_plate:0, Electrical Large Plate
tconstruct:large_plate:0, Energetic Large Plate
tconstruct:large_plate:0, Vibrant Large Plate
tconstruct:large_plate:0, Red Large Plate
tconstruct:large_plate:0, Conductive Large Plate
tconstruct:large_plate:0, Pulsating Large Plate
tconstruct:large_plate:0, Dark Large Plate
tconstruct:large_plate:0, Souled Large Plate
tconstruct:large_plate:0, Large Plate of the End
tconstruct:large_plate:0, Fake-Iron Large Plate
tconstruct:large_plate:0, Wooden Large Plate
tconstruct:large_plate:0, Stone Large Plate
tconstruct:large_plate:0, Flint Large Plate
tconstruct:large_plate:0, Cactus Large Plate
tconstruct:large_plate:0, Bone Large Plate
tconstruct:large_plate:0, Obsidian Large Plate
tconstruct:large_plate:0, Prismarine Large Plate
tconstruct:large_plate:0, End Large Plate
tconstruct:large_plate:0, Paper Large Plate
tconstruct:large_plate:0, Sponge Large Plate
tconstruct:large_plate:0, Firewood Large Plate
tconstruct:large_plate:0, Iron Large Plate
tconstruct:large_plate:0, Pig Iron Large Plate
tconstruct:large_plate:0, Knightslime Large Plate
tconstruct:large_plate:0, Slime Large Plate
tconstruct:large_plate:0, Slime Large Plate
tconstruct:large_plate:0, Magma Slime Large Plate
tconstruct:large_plate:0, Aluminum Brass Large Plate
tconstruct:large_plate:0, Alumite Large Plate
tconstruct:large_plate:0, Netherrack Large Plate
tconstruct:large_plate:0, Cobalt Large Plate
tconstruct:large_plate:0, Ardite Large Plate
tconstruct:large_plate:0, Manyullyn Large Plate
tconstruct:large_plate:0, Bloody Bone Large Plate
tconstruct:large_plate:0, Copper Large Plate
tconstruct:large_plate:0, Bronze Large Plate
tconstruct:large_plate:0, Lead Large Plate
tconstruct:large_plate:0, Silver Large Plate
tconstruct:large_plate:0, Electrum Large Plate
tconstruct:large_plate:0, Steel Large Plate
tconstruct:large_plate:0, Boron Large Plate
tconstruct:large_plate:0, Tough Alloy Large Plate
tconstruct:large_plate:0, Hard Carbon Large Plate
tconstruct:large_plate:0, Boron Nitride Large Plate
tconstruct:large_plate:0, Thorium Large Plate
tconstruct:large_plate:0, Uranium Large Plate
tconstruct:large_plate:0, Magnesium Large Plate
tconstruct:large_plate:0, Chocolate Large Plate
tconstruct:knife_blade:0, Electrical Knife Blade
tconstruct:knife_blade:0, Energetic Knife Blade
tconstruct:knife_blade:0, Vibrant Knife Blade
tconstruct:knife_blade:0, Red Knife Blade
tconstruct:knife_blade:0, Conductive Knife Blade
tconstruct:knife_blade:0, Pulsating Knife Blade
tconstruct:knife_blade:0, Dark Knife Blade
tconstruct:knife_blade:0, Souled Knife Blade
tconstruct:knife_blade:0, Knife Blade of the End
tconstruct:knife_blade:0, Fake-Iron Knife Blade
tconstruct:knife_blade:0, Wooden Knife Blade
tconstruct:knife_blade:0, Stone Knife Blade
tconstruct:knife_blade:0, Flint Knife Blade
tconstruct:knife_blade:0, Cactus Knife Blade
tconstruct:knife_blade:0, Bone Knife Blade
tconstruct:knife_blade:0, Obsidian Knife Blade
tconstruct:knife_blade:0, Prismarine Knife Blade
tconstruct:knife_blade:0, End Knife Blade
tconstruct:knife_blade:0, Paper Knife Blade
tconstruct:knife_blade:0, Sponge Knife Blade
tconstruct:knife_blade:0, Firewood Knife Blade
tconstruct:knife_blade:0, Iron Knife Blade
tconstruct:knife_blade:0, Pig Iron Knife Blade
tconstruct:knife_blade:0, Knightslime Knife Blade
tconstruct:knife_blade:0, Slime Knife Blade
tconstruct:knife_blade:0, Slime Knife Blade
tconstruct:knife_blade:0, Magma Slime Knife Blade
tconstruct:knife_blade:0, Aluminum Brass Knife Blade
tconstruct:knife_blade:0, Alumite Knife Blade
tconstruct:knife_blade:0, Netherrack Knife Blade
tconstruct:knife_blade:0, Cobalt Knife Blade
tconstruct:knife_blade:0, Ardite Knife Blade
tconstruct:knife_blade:0, Manyullyn Knife Blade
tconstruct:knife_blade:0, Bloody Bone Knife Blade
tconstruct:knife_blade:0, Copper Knife Blade
tconstruct:knife_blade:0, Bronze Knife Blade
tconstruct:knife_blade:0, Lead Knife Blade
tconstruct:knife_blade:0, Silver Knife Blade
tconstruct:knife_blade:0, Electrum Knife Blade
tconstruct:knife_blade:0, Steel Knife Blade
tconstruct:knife_blade:0, Boron Knife Blade
tconstruct:knife_blade:0, Tough Alloy Knife Blade
tconstruct:knife_blade:0, Hard Carbon Knife Blade
tconstruct:knife_blade:0, Boron Nitride Knife Blade
tconstruct:knife_blade:0, Thorium Knife Blade
tconstruct:knife_blade:0, Uranium Knife Blade
tconstruct:knife_blade:0, Magnesium Knife Blade
tconstruct:knife_blade:0, Chocolate Knife Blade
tconstruct:bow_limb:0, Electrical Bowlimb
tconstruct:bow_limb:0, Energetic Bowlimb
tconstruct:bow_limb:0, Vibrant Bowlimb
tconstruct:bow_limb:0, Red Bowlimb
tconstruct:bow_limb:0, Conductive Bowlimb
tconstruct:bow_limb:0, Pulsating Bowlimb
tconstruct:bow_limb:0, Dark Bowlimb
tconstruct:bow_limb:0, Souled Bowlimb
tconstruct:bow_limb:0, Bowlimb of the End
tconstruct:bow_limb:0, Fake-Iron Bowlimb
tconstruct:bow_limb:0, Wooden Bowlimb
tconstruct:bow_limb:0, Stone Bowlimb
tconstruct:bow_limb:0, Flint Bowlimb
tconstruct:bow_limb:0, Cactus Bowlimb
tconstruct:bow_limb:0, Bone Bowlimb
tconstruct:bow_limb:0, Obsidian Bowlimb
tconstruct:bow_limb:0, Prismarine Bowlimb
tconstruct:bow_limb:0, End Bowlimb
tconstruct:bow_limb:0, Paper Bowlimb
tconstruct:bow_limb:0, Sponge Bowlimb
tconstruct:bow_limb:0, Firewood Bowlimb
tconstruct:bow_limb:0, Iron Bowlimb
tconstruct:bow_limb:0, Pig Iron Bowlimb
tconstruct:bow_limb:0, Knightslime Bowlimb
tconstruct:bow_limb:0, Slime Bowlimb
tconstruct:bow_limb:0, Slime Bowlimb
tconstruct:bow_limb:0, Magma Slime Bowlimb
tconstruct:bow_limb:0, Aluminum Brass Bowlimb
tconstruct:bow_limb:0, Alumite Bowlimb
tconstruct:bow_limb:0, Netherrack Bowlimb
tconstruct:bow_limb:0, Cobalt Bowlimb
tconstruct:bow_limb:0, Ardite Bowlimb
tconstruct:bow_limb:0, Manyullyn Bowlimb
tconstruct:bow_limb:0, Bloody Bone Bowlimb
tconstruct:bow_limb:0, Copper Bowlimb
tconstruct:bow_limb:0, Bronze Bowlimb
tconstruct:bow_limb:0, Lead Bowlimb
tconstruct:bow_limb:0, Silver Bowlimb
tconstruct:bow_limb:0, Electrum Bowlimb
tconstruct:bow_limb:0, Steel Bowlimb
tconstruct:bow_limb:0, Boron Bowlimb
tconstruct:bow_limb:0, Tough Alloy Bowlimb
tconstruct:bow_limb:0, Hard Carbon Bowlimb
tconstruct:bow_limb:0, Boron Nitride Bowlimb
tconstruct:bow_limb:0, Thorium Bowlimb
tconstruct:bow_limb:0, Uranium Bowlimb
tconstruct:bow_limb:0, Magnesium Bowlimb
tconstruct:bow_limb:0, Chocolate Bowlimb
tconstruct:bow_string:0, Souled Bowstring
tconstruct:bow_string:0, String Bowstring
tconstruct:bow_string:0, Blue Slimevine Bowstring
tconstruct:bow_string:0, Purple Slimevine Bowstring
tconstruct:bow_string:0, Vines Bowstring
tconstruct:arrow_head:0, Electrical Arrow Head
tconstruct:arrow_head:0, Energetic Arrow Head
tconstruct:arrow_head:0, Vibrant Arrow Head
tconstruct:arrow_head:0, Red Arrow Head
tconstruct:arrow_head:0, Conductive Arrow Head
tconstruct:arrow_head:0, Pulsating Arrow Head
tconstruct:arrow_head:0, Dark Arrow Head
tconstruct:arrow_head:0, Souled Arrow Head
tconstruct:arrow_head:0, Arrow Head of the End
tconstruct:arrow_head:0, Fake-Iron Arrow Head
tconstruct:arrow_head:0, Wooden Arrow Head
tconstruct:arrow_head:0, Stone Arrow Head
tconstruct:arrow_head:0, Flint Arrow Head
tconstruct:arrow_head:0, Cactus Arrow Head
tconstruct:arrow_head:0, Bone Arrow Head
tconstruct:arrow_head:0, Obsidian Arrow Head
tconstruct:arrow_head:0, Prismarine Arrow Head
tconstruct:arrow_head:0, End Arrow Head
tconstruct:arrow_head:0, Paper Arrow Head
tconstruct:arrow_head:0, Sponge Arrow Head
tconstruct:arrow_head:0, Firewood Arrow Head
tconstruct:arrow_head:0, Iron Arrow Head
tconstruct:arrow_head:0, Pig Iron Arrow Head
tconstruct:arrow_head:0, Knightslime Arrow Head
tconstruct:arrow_head:0, Slime Arrow Head
tconstruct:arrow_head:0, Slime Arrow Head
tconstruct:arrow_head:0, Magma Slime Arrow Head
tconstruct:arrow_head:0, Aluminum Brass Arrow Head
tconstruct:arrow_head:0, Alumite Arrow Head
tconstruct:arrow_head:0, Netherrack Arrow Head
tconstruct:arrow_head:0, Cobalt Arrow Head
tconstruct:arrow_head:0, Ardite Arrow Head
tconstruct:arrow_head:0, Manyullyn Arrow Head
tconstruct:arrow_head:0, Bloody Bone Arrow Head
tconstruct:arrow_head:0, Copper Arrow Head
tconstruct:arrow_head:0, Bronze Arrow Head
tconstruct:arrow_head:0, Lead Arrow Head
tconstruct:arrow_head:0, Silver Arrow Head
tconstruct:arrow_head:0, Electrum Arrow Head
tconstruct:arrow_head:0, Steel Arrow Head
tconstruct:arrow_head:0, Boron Arrow Head
tconstruct:arrow_head:0, Tough Alloy Arrow Head
tconstruct:arrow_head:0, Hard Carbon Arrow Head
tconstruct:arrow_head:0, Boron Nitride Arrow Head
tconstruct:arrow_head:0, Thorium Arrow Head
tconstruct:arrow_head:0, Uranium Arrow Head
tconstruct:arrow_head:0, Magnesium Arrow Head
tconstruct:arrow_head:0, Chocolate Arrow Head
tconstruct:arrow_shaft:0, Wooden Arrow Shaft
tconstruct:arrow_shaft:0, Bone Arrow Shaft
tconstruct:arrow_shaft:0, Blazerod Arrow Shaft
tconstruct:arrow_shaft:0, Reeds Arrow Shaft
tconstruct:arrow_shaft:0, Ice Arrow Shaft
tconstruct:arrow_shaft:0, Endrod Arrow Shaft
tconstruct:fletching:0, Feather Fletching
tconstruct:fletching:0, Blue Slimeleaf Fletching
tconstruct:fletching:0, Magma Slimeleaf Fletching
tconstruct:fletching:0, Purple Slimeleaf Fletching
tconstruct:fletching:0, Leaf Fletching
tconstruct:bolt_core:0, Wood-Iron Bolt Core
tconstruct:bolt_core:0, Bone-Iron Bolt Core
tconstruct:bolt_core:0, Blazerod-Iron Bolt Core
tconstruct:bolt_core:0, Reeds-Iron Bolt Core
tconstruct:bolt_core:0, Ice-Iron Bolt Core
tconstruct:bolt_core:0, Endrod-Iron Bolt Core
tconstruct:tooltables:0, Crafting Station
tconstruct:tooltables:1, Stencil Table
tconstruct:tooltables:1, Stencil Table
tconstruct:tooltables:1, Stencil Table
tconstruct:tooltables:1, Stencil Table
tconstruct:tooltables:1, Stencil Table
tconstruct:tooltables:1, Stencil Table
tconstruct:tooltables:1, Stencil Table
tconstruct:tooltables:1, Stencil Table
tconstruct:tooltables:1, Stencil Table
tconstruct:tooltables:1, Stencil Table
tconstruct:tooltables:1, Stencil Table
tconstruct:tooltables:1, Stencil Table
tconstruct:tooltables:1, Stencil Table
tconstruct:tooltables:1, Stencil Table
tconstruct:tooltables:1, Stencil Table
tconstruct:tooltables:1, Stencil Table
tconstruct:tooltables:1, Stencil Table
tconstruct:tooltables:1, Stencil Table
tconstruct:tooltables:1, Stencil Table
tconstruct:tooltables:1, Stencil Table
tconstruct:tooltables:1, Stencil Table
tconstruct:tooltables:1, Stencil Table
tconstruct:tooltables:1, Stencil Table
tconstruct:tooltables:1, Stencil Table
tconstruct:tooltables:1, Stencil Table
tconstruct:tooltables:1, Stencil Table
tconstruct:tooltables:1, Stencil Table
tconstruct:tooltables:1, Stencil Table
tconstruct:tooltables:1, Stencil Table
tconstruct:tooltables:1, Stencil Table
tconstruct:tooltables:1, Stencil Table
tconstruct:tooltables:1, Stencil Table
tconstruct:tooltables:1, Stencil Table
tconstruct:tooltables:1, Stencil Table
tconstruct:tooltables:1, Stencil Table
tconstruct:tooltables:1, Stencil Table
tconstruct:tooltables:1, Stencil Table
tconstruct:tooltables:1, Stencil Table
tconstruct:tooltables:1, Stencil Table
tconstruct:tooltables:1, Stencil Table
tconstruct:tooltables:1, Stencil Table
tconstruct:tooltables:1, Stencil Table
tconstruct:tooltables:1, Stencil Table
tconstruct:tooltables:1, Stencil Table
tconstruct:tooltables:1, Stencil Table
tconstruct:tooltables:1, Stencil Table
tconstruct:tooltables:1, Stencil Table
tconstruct:tooltables:1, Stencil Table
tconstruct:tooltables:1, Stencil Table
tconstruct:tooltables:1, Stencil Table
tconstruct:tooltables:1, Stencil Table
tconstruct:tooltables:1, Stencil Table
tconstruct:tooltables:1, Stencil Table
tconstruct:tooltables:1, Stencil Table
tconstruct:tooltables:1, Stencil Table
tconstruct:tooltables:1, Stencil Table
tconstruct:tooltables:1, Stencil Table
tconstruct:tooltables:1, Stencil Table
tconstruct:tooltables:1, Stencil Table
tconstruct:tooltables:1, Stencil Table
tconstruct:tooltables:1, Stencil Table
tconstruct:tooltables:1, Stencil Table
tconstruct:tooltables:1, Stencil Table
tconstruct:tooltables:1, Stencil Table
tconstruct:tooltables:1, Stencil Table
tconstruct:tooltables:1, Stencil Table
tconstruct:tooltables:1, Stencil Table
tconstruct:tooltables:1, Stencil Table
tconstruct:tooltables:1, Stencil Table
tconstruct:tooltables:1, Stencil Table
tconstruct:tooltables:1, Stencil Table
tconstruct:tooltables:1, Stencil Table
tconstruct:tooltables:1, Stencil Table
tconstruct:tooltables:1, Stencil Table
tconstruct:tooltables:1, Stencil Table
tconstruct:tooltables:1, Stencil Table
tconstruct:tooltables:1, Stencil Table
tconstruct:tooltables:1, Stencil Table
tconstruct:tooltables:1, Stencil Table
tconstruct:tooltables:1, Stencil Table
tconstruct:tooltables:1, Stencil Table
tconstruct:tooltables:1, Stencil Table
tconstruct:tooltables:1, Stencil Table
tconstruct:tooltables:1, Stencil Table
tconstruct:tooltables:1, Stencil Table
tconstruct:tooltables:1, Stencil Table
tconstruct:tooltables:1, Stencil Table
tconstruct:tooltables:1, Stencil Table
tconstruct:tooltables:1, Stencil Table
tconstruct:tooltables:1, Stencil Table
tconstruct:tooltables:1, Stencil Table
tconstruct:tooltables:1, Stencil Table
tconstruct:tooltables:1, Stencil Table
tconstruct:tooltables:1, Stencil Table
tconstruct:tooltables:1, Stencil Table
tconstruct:tooltables:1, Stencil Table
tconstruct:tooltables:1, Stencil Table
tconstruct:tooltables:1, Stencil Table
tconstruct:tooltables:1, Stencil Table
tconstruct:tooltables:1, Stencil Table
tconstruct:tooltables:1, Stencil Table
tconstruct:tooltables:1, Stencil Table
tconstruct:tooltables:1, Stencil Table
tconstruct:tooltables:1, Stencil Table
tconstruct:tooltables:1, Stencil Table
tconstruct:tooltables:1, Stencil Table
tconstruct:tooltables:1, Stencil Table
tconstruct:tooltables:1, Stencil Table
tconstruct:tooltables:1, Stencil Table
tconstruct:tooltables:1, Stencil Table
tconstruct:tooltables:1, Stencil Table
tconstruct:tooltables:1, Stencil Table
tconstruct:tooltables:1, Stencil Table
tconstruct:tooltables:1, Stencil Table
tconstruct:tooltables:1, Stencil Table
tconstruct:tooltables:1, Stencil Table
tconstruct:tooltables:1, Stencil Table
tconstruct:tooltables:1, Stencil Table
tconstruct:tooltables:1, Stencil Table
tconstruct:tooltables:1, Stencil Table
tconstruct:tooltables:1, Stencil Table
tconstruct:tooltables:1, Stencil Table
tconstruct:tooltables:1, Stencil Table
tconstruct:tooltables:1, Stencil Table
tconstruct:tooltables:1, Stencil Table
tconstruct:tooltables:1, Stencil Table
tconstruct:tooltables:1, Stencil Table
tconstruct:tooltables:1, Stencil Table
tconstruct:tooltables:1, Stencil Table
tconstruct:tooltables:1, Stencil Table
tconstruct:tooltables:1, Stencil Table
tconstruct:tooltables:1, Stencil Table
tconstruct:tooltables:1, Stencil Table
tconstruct:tooltables:1, Stencil Table
tconstruct:tooltables:1, Stencil Table
tconstruct:tooltables:1, Stencil Table
tconstruct:tooltables:1, Stencil Table
tconstruct:tooltables:1, Stencil Table
tconstruct:tooltables:1, Stencil Table
tconstruct:tooltables:1, Stencil Table
tconstruct:tooltables:1, Stencil Table
tconstruct:tooltables:1, Stencil Table
tconstruct:tooltables:1, Stencil Table
tconstruct:tooltables:1, Stencil Table
tconstruct:tooltables:1, Stencil Table
tconstruct:tooltables:1, Stencil Table
tconstruct:tooltables:1, Stencil Table
tconstruct:tooltables:1, Stencil Table
tconstruct:tooltables:1, Stencil Table
tconstruct:tooltables:1, Stencil Table
tconstruct:tooltables:1, Stencil Table
tconstruct:tooltables:1, Stencil Table
tconstruct:tooltables:1, Stencil Table
tconstruct:tooltables:1, Stencil Table
tconstruct:tooltables:1, Stencil Table
tconstruct:tooltables:1, Stencil Table
tconstruct:tooltables:1, Stencil Table
tconstruct:tooltables:1, Stencil Table
tconstruct:tooltables:1, Stencil Table
tconstruct:tooltables:1, Stencil Table
tconstruct:tooltables:1, Stencil Table
tconstruct:tooltables:1, Stencil Table
tconstruct:tooltables:1, Stencil Table
tconstruct:tooltables:1, Stencil Table
tconstruct:tooltables:1, Stencil Table
tconstruct:tooltables:1, Stencil Table
tconstruct:tooltables:1, Stencil Table
tconstruct:tooltables:1, Stencil Table
tconstruct:tooltables:1, Stencil Table
tconstruct:tooltables:1, Stencil Table
tconstruct:tooltables:1, Stencil Table
tconstruct:tooltables:1, Stencil Table
tconstruct:tooltables:1, Stencil Table
tconstruct:tooltables:1, Stencil Table
tconstruct:tooltables:1, Stencil Table
tconstruct:tooltables:1, Stencil Table
tconstruct:tooltables:1, Stencil Table
tconstruct:tooltables:1, Stencil Table
tconstruct:tooltables:1, Stencil Table
tconstruct:tooltables:1, Stencil Table
tconstruct:tooltables:1, Stencil Table
tconstruct:tooltables:1, Stencil Table
tconstruct:tooltables:1, Stencil Table
tconstruct:tooltables:1, Stencil Table
tconstruct:tooltables:1, Stencil Table
tconstruct:tooltables:1, Stencil Table
tconstruct:tooltables:1, Stencil Table
tconstruct:tooltables:1, Stencil Table
tconstruct:tooltables:1, Stencil Table
tconstruct:tooltables:1, Stencil Table
tconstruct:tooltables:1, Stencil Table
tconstruct:tooltables:1, Stencil Table
tconstruct:tooltables:1, Stencil Table
tconstruct:tooltables:1, Stencil Table
tconstruct:tooltables:1, Stencil Table
tconstruct:tooltables:1, Stencil Table
tconstruct:tooltables:1, Stencil Table
tconstruct:tooltables:1, Stencil Table
tconstruct:tooltables:1, Stencil Table
tconstruct:tooltables:1, Stencil Table
tconstruct:tooltables:1, Stencil Table
tconstruct:tooltables:1, Stencil Table
tconstruct:tooltables:1, Stencil Table
tconstruct:tooltables:1, Stencil Table
tconstruct:tooltables:1, Stencil Table
tconstruct:tooltables:1, Stencil Table
tconstruct:tooltables:1, Stencil Table
tconstruct:tooltables:1, Stencil Table
tconstruct:tooltables:1, Stencil Table
tconstruct:tooltables:1, Stencil Table
tconstruct:tooltables:1, Stencil Table
tconstruct:tooltables:1, Stencil Table
tconstruct:tooltables:4, Pattern Chest
tconstruct:tooltables:2, Part Builder
tconstruct:tooltables:2, Part Builder
tconstruct:tooltables:2, Part Builder
tconstruct:tooltables:2, Part Builder
tconstruct:tooltables:2, Part Builder
tconstruct:tooltables:2, Part Builder
tconstruct:tooltables:2, Part Builder
tconstruct:tooltables:2, Part Builder
tconstruct:tooltables:2, Part Builder
tconstruct:tooltables:2, Part Builder
tconstruct:tooltables:2, Part Builder
tconstruct:tooltables:2, Part Builder
tconstruct:tooltables:2, Part Builder
tconstruct:tooltables:2, Part Builder
tconstruct:tooltables:2, Part Builder
tconstruct:tooltables:2, Part Builder
tconstruct:tooltables:2, Part Builder
tconstruct:tooltables:2, Part Builder
tconstruct:tooltables:2, Part Builder
tconstruct:tooltables:2, Part Builder
tconstruct:tooltables:2, Part Builder
tconstruct:tooltables:2, Part Builder
tconstruct:tooltables:2, Part Builder
tconstruct:tooltables:2, Part Builder
tconstruct:tooltables:2, Part Builder
tconstruct:tooltables:2, Part Builder
tconstruct:tooltables:2, Part Builder
tconstruct:tooltables:2, Part Builder
tconstruct:tooltables:2, Part Builder
tconstruct:tooltables:2, Part Builder
tconstruct:tooltables:2, Part Builder
tconstruct:tooltables:2, Part Builder
tconstruct:tooltables:2, Part Builder
tconstruct:tooltables:2, Part Builder
tconstruct:tooltables:2, Part Builder
tconstruct:tooltables:2, Part Builder
tconstruct:tooltables:2, Part Builder
tconstruct:tooltables:2, Part Builder
tconstruct:tooltables:2, Part Builder
tconstruct:tooltables:2, Part Builder
tconstruct:tooltables:2, Part Builder
tconstruct:tooltables:2, Part Builder
tconstruct:tooltables:2, Part Builder
tconstruct:tooltables:2, Part Builder
tconstruct:tooltables:2, Part Builder
tconstruct:tooltables:2, Part Builder
tconstruct:tooltables:2, Part Builder
tconstruct:tooltables:2, Part Builder
tconstruct:tooltables:2, Part Builder
tconstruct:tooltables:2, Part Builder
tconstruct:tooltables:2, Part Builder
tconstruct:tooltables:2, Part Builder
tconstruct:tooltables:2, Part Builder
tconstruct:tooltables:2, Part Builder
tconstruct:tooltables:2, Part Builder
tconstruct:tooltables:2, Part Builder
tconstruct:tooltables:2, Part Builder
tconstruct:tooltables:2, Part Builder
tconstruct:tooltables:2, Part Builder
tconstruct:tooltables:2, Part Builder
tconstruct:tooltables:2, Part Builder
tconstruct:tooltables:2, Part Builder
tconstruct:tooltables:2, Part Builder
tconstruct:tooltables:2, Part Builder
tconstruct:tooltables:2, Part Builder
tconstruct:tooltables:2, Part Builder
tconstruct:tooltables:2, Part Builder
tconstruct:tooltables:2, Part Builder
tconstruct:tooltables:2, Part Builder
tconstruct:tooltables:2, Part Builder
tconstruct:tooltables:2, Part Builder
tconstruct:tooltables:2, Part Builder
tconstruct:tooltables:2, Part Builder
tconstruct:tooltables:2, Part Builder
tconstruct:tooltables:2, Part Builder
tconstruct:tooltables:2, Part Builder
tconstruct:tooltables:2, Part Builder
tconstruct:tooltables:2, Part Builder
tconstruct:tooltables:2, Part Builder
tconstruct:tooltables:2, Part Builder
tconstruct:tooltables:2, Part Builder
tconstruct:tooltables:2, Part Builder
tconstruct:tooltables:2, Part Builder
tconstruct:tooltables:2, Part Builder
tconstruct:tooltables:2, Part Builder
tconstruct:tooltables:2, Part Builder
tconstruct:tooltables:2, Part Builder
tconstruct:tooltables:2, Part Builder
tconstruct:tooltables:2, Part Builder
tconstruct:tooltables:2, Part Builder
tconstruct:tooltables:2, Part Builder
tconstruct:tooltables:2, Part Builder
tconstruct:tooltables:2, Part Builder
tconstruct:tooltables:2, Part Builder
tconstruct:tooltables:2, Part Builder
tconstruct:tooltables:2, Part Builder
tconstruct:tooltables:2, Part Builder
tconstruct:tooltables:2, Part Builder
tconstruct:tooltables:2, Part Builder
tconstruct:tooltables:2, Part Builder
tconstruct:tooltables:2, Part Builder
tconstruct:tooltables:2, Part Builder
tconstruct:tooltables:2, Part Builder
tconstruct:tooltables:2, Part Builder
tconstruct:tooltables:2, Part Builder
tconstruct:tooltables:2, Part Builder
tconstruct:tooltables:2, Part Builder
tconstruct:tooltables:2, Part Builder
tconstruct:tooltables:5, Part Chest
tconstruct:tooltables:3, Tool Station
tconstruct:toolforge:0, Tool Forge
tconstruct:toolforge:0, Tool Forge
tconstruct:toolforge:0, Tool Forge
tconstruct:toolforge:0, Tool Forge
tconstruct:toolforge:0, Tool Forge
tconstruct:toolforge:0, Tool Forge
tconstruct:toolforge:0, Tool Forge
tconstruct:toolforge:0, Tool Forge
tconstruct:toolforge:0, Tool Forge
tconstruct:toolforge:0, Tool Forge
tconstruct:toolforge:0, Tool Forge
tconstruct:toolforge:0, Tool Forge
tconstruct:toolforge:0, Tool Forge
tconstruct:toolforge:0, Tool Forge
tconstruct:toolforge:0, Tool Forge
tconstruct:toolforge:0, Tool Forge
tconstruct:toolforge:0, Tool Forge
tconstruct:toolforge:0, Tool Forge
tconstruct:toolforge:0, Tool Forge
tconstruct:toolforge:0, Tool Forge
tconstruct:toolforge:0, Tool Forge
tconstruct:toolforge:0, Tool Forge
tconstruct:toolforge:0, Tool Forge
tconstruct:toolforge:0, Tool Forge
tconstruct:toolforge:0, Tool Forge
tconstruct:toolforge:0, Tool Forge
tconstruct:toolforge:0, Tool Forge
tconstruct:toolforge:0, Tool Forge
tconstruct:toolforge:0, Tool Forge
tconstruct:toolforge:0, Tool Forge
tconstruct:toolforge:0, Tool Forge
tconstruct:toolforge:0, Tool Forge
tconstruct:toolforge:0, Tool Forge
tconstruct:toolforge:0, Tool Forge
tconstruct:toolforge:0, Tool Forge
tconstruct:toolforge:0, Tool Forge
tconstruct:toolforge:0, Tool Forge
tconstruct:toolforge:0, Tool Forge
tconstruct:toolforge:0, Tool Forge
tconstruct:toolforge:0, Tool Forge
tconstruct:toolforge:0, Tool Forge
tconstruct:toolforge:0, Tool Forge
tconstruct:toolforge:0, Tool Forge
tconstruct:toolforge:0, Tool Forge
tconstruct:toolforge:0, Tool Forge
tconstruct:toolforge:0, Tool Forge
tconstruct:toolforge:0, Tool Forge
tconstruct:toolforge:0, Tool Forge
tconstruct:toolforge:0, Tool Forge
tconstruct:toolforge:0, Tool Forge
tconstruct:toolforge:0, Tool Forge
tconstruct:pickaxe, Pickaxe
tconstruct:shovel, Shovel
tconstruct:hatchet, Hatchet
tconstruct:mattock, Mattock
tconstruct:kama, Kama
tconstruct:hammer, Hammer
tconstruct:excavator, Excavator
tconstruct:lumberaxe, Lumberaxe
tconstruct:scythe, Scythe
tconstruct:broadsword, Broadsword
tconstruct:longsword, Longsword
tconstruct:rapier, Rapier
tconstruct:frypan, Frypan
tconstruct:battlesign, Battlesign
tconstruct:cleaver, Cleaver
tconstruct:shortbow, Shortbow
tconstruct:longbow, Longbow
tconstruct:crossbow, Crossbow
tconstruct:arrow, Arrow
tconstruct:bolt, Bolt
tconstruct:shuriken, Shuriken
tconstruct:seared:0, Seared Stone
tconstruct:seared:1, Seared Cobblestone
tconstruct:seared:2, Seared Paver
tconstruct:seared:3, Seared Bricks
tconstruct:seared:4, Cracked Seared Bricks
tconstruct:seared:5, Fancy Seared Bricks
tconstruct:seared:6, Square Seared Bricks
tconstruct:seared:7, Seared Road
tconstruct:seared:8, Seared Creeperface
tconstruct:seared:9, Triangle Seared Bricks
tconstruct:seared:10, Small Seared Bricks
tconstruct:seared:11, Seared Tiles
tconstruct:smeltery_controller:0, Smeltery Controller
tconstruct:seared_tank:0, Seared Tank
tconstruct:seared_tank:1, Seared Gauge
tconstruct:seared_tank:2, Seared Window
tconstruct:faucet:0, Seared Faucet
tconstruct:channel:0, Casting Channel
tconstruct:casting:0, Casting Table
tconstruct:casting:1, Casting Basin
tconstruct:smeltery_io:0, Seared Drain
tconstruct:seared_glass:0, Seared Glass
tconstruct:seared_ladder:0, Seared Ladder
tconstruct:seared_furnace_controller:0, Seared Furnace Controller
tconstruct:tinker_tank_controller:0, Tinker Tank Controller
tconstruct:seared_slab:0, Seared Stone Slab
tconstruct:seared_slab:1, Seared Cobblestone Slab
tconstruct:seared_slab:2, Seared Paver Slab
tconstruct:seared_slab:3, Seared Bricks Slab
tconstruct:seared_slab:4, Cracked Seared Bricks Slab
tconstruct:seared_slab:5, Fancy Seared Bricks Slab
tconstruct:seared_slab:6, Square Seared Bricks Slab
tconstruct:seared_slab:7, Seared Road Slab
tconstruct:seared_slab2:0, Seared Creeperface Slab
tconstruct:seared_slab2:1, Triangle Seared Bricks Slab
tconstruct:seared_slab2:2, Small Seared Bricks Slab
tconstruct:seared_slab2:3, Seared Tile Slab
tconstruct:seared_stairs_stone:0, Seared Stone Stairs
tconstruct:seared_stairs_cobble:0, Seared Cobblestone Stairs
tconstruct:seared_stairs_paver:0, Seared Paver Stairs
tconstruct:seared_stairs_brick:0, Seared Bricks Stairs
tconstruct:seared_stairs_brick_cracked:0, Cracked Seared Bricks Stairs
tconstruct:seared_stairs_brick_fancy:0, Fancy Seared Bricks Stairs
tconstruct:seared_stairs_brick_square:0, Square Seared Bricks Stairs
tconstruct:seared_stairs_brick_triangle:0, Triangle Seared Bricks Stairs
tconstruct:seared_stairs_brick_small:0, Small Seared Bricks Stairs
tconstruct:seared_stairs_road:0, Seared Road Stairs
tconstruct:seared_stairs_tile:0, Seared Tile Stairs
tconstruct:seared_stairs_creeper:0, Seared Creeperface Stairs
tconstruct:cast:0, Blank Cast
tconstruct:cast:0, Binding Cast
tconstruct:cast:0, Arrow Head Cast
tconstruct:cast:0, Tough Tool Rod Cast
tconstruct:cast:0, Scythe Head Cast
tconstruct:cast:0, Sign Plate Cast
tconstruct:cast:0, Shard Cast
tconstruct:cast:0, Wide Guard Cast
tconstruct:cast:0, Kama Head Cast
tconstruct:cast:0, Tool Rod Cast
tconstruct:cast:0, Large Sword Blade Cast
tconstruct:cast:0, Broad Axe Head Cast
tconstruct:cast:0, Large Plate Cast
tconstruct:cast:0, Excavator Head Cast
tconstruct:cast:0, Cross Guard Cast
tconstruct:cast:0, Hand Guard Cast
tconstruct:cast:0, Axe Head Cast
tconstruct:cast:0, Tough Binding Cast
tconstruct:cast:0, Bowlimb Cast
tconstruct:cast:0, Knife Blade Cast
tconstruct:cast:0, Sharpening Kit Cast
tconstruct:cast:0, Sword Blade Cast
tconstruct:cast:0, Pickaxe Head Cast
tconstruct:cast:0, Bowstring Cast
tconstruct:cast:0, Pan Cast
tconstruct:cast:0, Hammer Head Cast
tconstruct:cast:0, Shovel Head Cast
tconstruct:cast_custom:0, Ingot Cast
tconstruct:cast_custom:1, Nugget Cast
tconstruct:cast_custom:2, Gem Cast
tconstruct:cast_custom:3, Plate Cast
tconstruct:cast_custom:4, Gear Cast
tconstruct:clay_cast:0, item.tconstruct.clay_cast.blank
tconstruct:clay_cast:0, Binding Clay Cast
tconstruct:clay_cast:0, Arrow Head Clay Cast
tconstruct:clay_cast:0, Tough Tool Rod Clay Cast
tconstruct:clay_cast:0, Scythe Head Clay Cast
tconstruct:clay_cast:0, Sign Plate Clay Cast
tconstruct:clay_cast:0, Shard Clay Cast
tconstruct:clay_cast:0, Wide Guard Clay Cast
tconstruct:clay_cast:0, Kama Head Clay Cast
tconstruct:clay_cast:0, Tool Rod Clay Cast
tconstruct:clay_cast:0, Large Sword Blade Clay Cast
tconstruct:clay_cast:0, Broad Axe Head Clay Cast
tconstruct:clay_cast:0, Large Plate Clay Cast
tconstruct:clay_cast:0, Excavator Head Clay Cast
tconstruct:clay_cast:0, Cross Guard Clay Cast
tconstruct:clay_cast:0, Hand Guard Clay Cast
tconstruct:clay_cast:0, Axe Head Clay Cast
tconstruct:clay_cast:0, Tough Binding Clay Cast
tconstruct:clay_cast:0, Bowlimb Clay Cast
tconstruct:clay_cast:0, Knife Blade Clay Cast
tconstruct:clay_cast:0, Sharpening Kit Clay Cast
tconstruct:clay_cast:0, Sword Blade Clay Cast
tconstruct:clay_cast:0, Pickaxe Head Clay Cast
tconstruct:clay_cast:0, Bowstring Clay Cast
tconstruct:clay_cast:0, Pan Clay Cast
tconstruct:clay_cast:0, Hammer Head Clay Cast
tconstruct:clay_cast:0, Shovel Head Clay Cast
tconstruct:stone_torch:0, Stone Torch
tconstruct:stone_ladder:0, Stone Ladder
tconstruct:punji:0, Punji Sticks
tconstruct:rack:0, Item Rack
tconstruct:rack:1, Drying Rack
tconstruct:wood_rail:0, Wooden Rail
tconstruct:wood_rail_trapdoor:0, Wooden Rail with a Trapdoor
tconstruct:wooden_hopper:0, Wooden Hopper
tconstruct:slime_channel:0, Green Slime Channel
tconstruct:slime_channel:1, Blue Slime Channel
tconstruct:slime_channel:2, Purple Slime Channel
tconstruct:slime_channel:3, Blood Channel
tconstruct:slime_channel:4, Magma Slime Channel
tconstruct:dried_clay:0, Dried Clay
tconstruct:dried_clay:1, Dried Bricks
tconstruct:dried_clay_slab:0, Dried Clay Slab
tconstruct:dried_clay_slab:1, Dried Bricks Slab
tconstruct:dried_clay_stairs:0, Dried Clay Stairs
tconstruct:dried_brick_stairs:0, Dried Bricks Stairs
tconstruct:brownstone:0, Smooth Brownstone
tconstruct:brownstone:1, Rough Brownstone
tconstruct:brownstone:2, Brownstone Paver
tconstruct:brownstone:3, Brownstone Bricks
tconstruct:brownstone:4, Cracked Brownstone Bricks
tconstruct:brownstone:5, Fancy Brownstone Bricks
tconstruct:brownstone:6, Square Brownstone Bricks
tconstruct:brownstone:7, Brownstone Road
tconstruct:brownstone:8, Brownstone Creeperface
tconstruct:brownstone:9, Triangle Brownstone Bricks
tconstruct:brownstone:10, Small Brownstone Bricks
tconstruct:brownstone:11, Brownstone Tiles
tconstruct:brownstone_slab:0, Smooth Brownstone Slab
tconstruct:brownstone_slab:1, Rough Brownstone Slab
tconstruct:brownstone_slab:2, Brownstone Paver Slab
tconstruct:brownstone_slab:3, Brownstone Bricks Slab
tconstruct:brownstone_slab:4, Cracked Brownstone Bricks Slab
tconstruct:brownstone_slab:5, Fancy Brownstone Bricks Slab
tconstruct:brownstone_slab:6, Square Brownstone Bricks Slab
tconstruct:brownstone_slab:7, Brownstone Road Slab
tconstruct:brownstone_slab2:0, Brownstone Creeperface Slab
tconstruct:brownstone_slab2:1, Triangle Brownstone Bricks Slab
tconstruct:brownstone_slab2:2, Small Brownstone Bricks Slab
tconstruct:brownstone_slab2:3, Brownstone Tile Slab
tconstruct:brownstone_stairs_smooth:0, Smooth Brownstone Stairs
tconstruct:brownstone_stairs_rough:0, Rough Brownstone Stairs
tconstruct:brownstone_stairs_paver:0, Brownstone Paver Stairs
tconstruct:brownstone_stairs_brick:0, Brownstone Bricks Stairs
tconstruct:brownstone_stairs_brick_cracked:0, Cracked Brownstone Bricks Stairs
tconstruct:brownstone_stairs_brick_fancy:0, Fancy Brownstone Bricks Stairs
tconstruct:brownstone_stairs_brick_square:0, Square Brownstone Bricks Stairs
tconstruct:brownstone_stairs_brick_triangle:0, Triangle Brownstone Bricks Stairs
tconstruct:brownstone_stairs_brick_small:0, Small Brownstone Bricks Stairs
tconstruct:brownstone_stairs_road:0, Brownstone Road Stairs
tconstruct:brownstone_stairs_tile:0, Brownstone Tile Stairs
tconstruct:brownstone_stairs_creeper:0, Brownstone Creeperface Stairs
tconstruct:slimesling:0, Green Slimesling
tconstruct:slimesling:1, Blue Slimesling
tconstruct:slimesling:2, Purple Slimesling
tconstruct:slimesling:3, Coagulated Bloodsling
tconstruct:slimesling:4, Magma Slimesling
tconstruct:slime_boots:0, Green Slime Boots
tconstruct:slime_boots:1, Blue Slime Boots
tconstruct:slime_boots:2, Purple Slime Boots
tconstruct:slime_boots:3, Coagulated Blood Boots
tconstruct:slime_boots:4, Magma Slime Boots
tconstruct:piggybackpack, Piggybackpack
tconstruct:throwball:0, Glowball
tconstruct:throwball:1, EFLN
tconstruct:stone_stick, Stone Rod
tconstruct:fancy_frame:0, Fancy Item Frame
tconstruct:fancy_frame:1, Aluminium Brass Item Frame
tconstruct:fancy_frame:2, Cobalt Item Frame
tconstruct:fancy_frame:3, Ardite Item Frame
tconstruct:fancy_frame:4, Manyullyn Item Frame
tconstruct:fancy_frame:5, Golden Item Frame
tconstruct:fancy_frame:6, Clear Item Frame
tconstruct:moms_spaghetti, Mom's Spaghetti
enderutilities:asu:0, Adjustable Storage Unit
enderutilities:barrel:0, Barrel
enderutilities:draw_bridge:0, Drawbridge
enderutilities:draw_bridge:1, Advanced Drawbridge
enderutilities:ender_elevator:0, Ender Elevator (white)
enderutilities:ender_elevator_slab:0, Ender Elevator Slab (white)
enderutilities:ender_elevator_layer:0, Ender Elevator Layer (white)
enderutilities:inserter:0, Inserter
enderutilities:inserter:1, Inserter (Filtered)
enderutilities:floor:0, Floor
enderutilities:floor:1, Cracked Floor
enderutilities:energy_bridge:0, Energy Bridge Resonator
enderutilities:energy_bridge:1, Energy Bridge Receiver
enderutilities:energy_bridge:2, Energy Bridge Transmitter
enderutilities:machine_0:0, Ender Furnace
enderutilities:machine_1:0, Ender Infuser
enderutilities:machine_1:1, Tool Workstation
enderutilities:machine_1:2, Creation Station
enderutilities:machine_1:3, Advanced Quick Stacker
enderutilities:molecular_exciter, tile.null.name
enderutilities:msu:0, Massive Storage Unit
enderutilities:msu:1, Massive Storage Bundle
enderutilities:phasing:0, Phasing Block
enderutilities:phasing:1, Phasing Block (inverted)
enderutilities:frame, tile.null.name
enderutilities:portal_panel, tile.null.name
enderutilities:sound_block:0, Sound Block
enderutilities:storage_0:0, Small Memory Chest
enderutilities:storage_0:1, Memory Chest
enderutilities:storage_0:2, Large Memory Chest
enderutilities:storage_0:3, Handy Chest (Small)
enderutilities:storage_0:4, Handy Chest (Normal)
enderutilities:storage_0:5, Handy Chest (Large)
enderutilities:storage_0:6, Handy Chest (Extended)
enderutilities:storage_0:7, Junk Storage Unit
enderutilities:endercapacitor:0, Ender Capacitor (Basic)
enderutilities:endercapacitor:0, Ender Capacitor (Basic)
enderutilities:endercapacitor:1, Ender Capacitor (Enhanced)
enderutilities:endercapacitor:1, Ender Capacitor (Enhanced)
enderutilities:endercapacitor:2, Ender Capacitor (Advanced)
enderutilities:endercapacitor:2, Ender Capacitor (Advanced)
enderutilities:endercapacitor:3, Ender Capacitor (Creative)
enderutilities:endercapacitor:3, Ender Capacitor (Creative)
enderutilities:enderpart:0, Ender Alloy (Basic)
enderutilities:enderpart:1, Ender Alloy (Enhanced)
enderutilities:enderpart:2, Ender Alloy (Advanced)
enderutilities:enderpart:10, Inactive Ender Core (Basic)
enderutilities:enderpart:11, Inactive Ender Core (Enhanced)
enderutilities:enderpart:12, Inactive Ender Core (Advanced)
enderutilities:enderpart:15, Ender Core (Basic)
enderutilities:enderpart:16, Ender Core (Enhanced)
enderutilities:enderpart:17, Ender Core (Advanced)
enderutilities:enderpart:20, Ender Infused Stick
enderutilities:enderpart:21, Ender Rope
enderutilities:enderpart:30, Creative Breaking Module
enderutilities:enderpart:40, Ender Relic
enderutilities:enderpart:45, Jailer module
enderutilities:enderpart:50, Memory Card (misc)
enderutilities:enderpart:51, Memory Card (items) 6 B
enderutilities:enderpart:52, Memory Card (items) 8 B
enderutilities:enderpart:53, Memory Card (items) 10 B
enderutilities:enderpart:54, Memory Card (items) 12 B
enderutilities:enderpart:70, Barrel Label
enderutilities:enderpart:71, Barrel Structural Upgrade
enderutilities:enderpart:72, Barrel Capacity Upgrade
enderutilities:enderpart:73, Barrel Void Upgrade
enderutilities:enderpart:80, Storage Key
enderutilities:enderpart:81, Creative Storage Key
enderutilities:linkcrystal:0, Link Crystal (Location)
enderutilities:linkcrystal:1, Link Crystal (Block)
enderutilities:linkcrystal:2, Link Crystal (Portal)
enderutilities:builderswand, Wand of the Lazy Builder
enderutilities:chairwand, Chair Wand
enderutilities:dolly, Dolly
enderutilities:enderarrow, Ender Arrow
enderutilities:enderbag, Ender Bag
enderutilities:enderbow, Ender Bow
enderutilities:enderbucket, Ender Bucket
enderutilities:enderlasso, Ender Lasso
enderutilities:enderpearlreusable:0, Ender Pearl (reusable)
enderutilities:enderpearlreusable:1, Elite Ender Pearl (reusable)
enderutilities:enderporter:0, Ender Porter
enderutilities:enderporter:1, Advanced Ender Porter
enderutilities:endersword, Ender Sword
enderutilities:endertool:0, Ender Pickaxe
enderutilities:endertool:0, Ender Axe
enderutilities:endertool:0, Ender Shovel
enderutilities:endertool:0, Ender Hoe
enderutilities:handybag:0, Handy Bag
enderutilities:handybag:1, Handy Bag (Large)
enderutilities:icemelter:0, Cheaty Water Wand
enderutilities:icemelter:1, Super Cheaty Water Wand
enderutilities:inventoryswapper, Inventory Swapper
enderutilities:livingmanipulator, Living Matter Manipulator
enderutilities:mobharness, Mob Harness
enderutilities:nullifier, Nullifier
enderutilities:pet_contract, item.enderutilities.pet_contract.name
enderutilities:pickupmanager, Item Pickup Manager
enderutilities:quickstacker, Quick Stacker
enderutilities:portalscaler, Portal Scaler
enderutilities:ruler, Ruler
enderutilities:syringe:0, Syringe (empty)
enderutilities:syringe:1, Paralyzer Syringe
enderutilities:syringe:2, Stimulant Syringe
enderutilities:syringe:3, Passifier Syringe
enderutilities:void_pickaxe, Void Pickaxe
storagedrawers:upgrade_template, Upgrade Template
storagedrawers:upgrade_storage:0, Storage Upgrade (I)
storagedrawers:upgrade_storage:1, Storage Upgrade (II)
storagedrawers:upgrade_storage:2, Storage Upgrade (III)
storagedrawers:upgrade_storage:3, Storage Upgrade (IV)
storagedrawers:upgrade_storage:4, Storage Upgrade (V)
storagedrawers:upgrade_one_stack, Storage Downgrade
storagedrawers:upgrade_status:0, Status Upgrade (I)
storagedrawers:upgrade_status:1, Status Upgrade (II)
storagedrawers:upgrade_void, Void Upgrade
storagedrawers:upgrade_conversion, Conversion Upgrade
storagedrawers:upgrade_creative:0, Creative Storage Upgrade
storagedrawers:upgrade_creative:1, Creative Vending Upgrade
storagedrawers:upgrade_redstone:0, Redstone Upgrade
storagedrawers:upgrade_redstone:1, Redstone Max Upgrade
storagedrawers:upgrade_redstone:2, Redstone Min Upgrade
storagedrawers:drawer_key, Drawer Key
storagedrawers:shroud_key, Concealment Key
storagedrawers:personal_key, Personal Key
storagedrawers:quantify_key, Quantify Key
storagedrawers:tape, Packing Tape
storagedrawers:basicdrawers:0, Basic Drawer
storagedrawers:basicdrawers:0, Basic Drawer
storagedrawers:basicdrawers:0, Basic Drawer
storagedrawers:basicdrawers:0, Basic Drawer
storagedrawers:basicdrawers:0, Basic Drawer
storagedrawers:basicdrawers:0, Basic Drawer
storagedrawers:basicdrawers:1, Basic Drawers 1x2
storagedrawers:basicdrawers:1, Basic Drawers 1x2
storagedrawers:basicdrawers:1, Basic Drawers 1x2
storagedrawers:basicdrawers:1, Basic Drawers 1x2
storagedrawers:basicdrawers:1, Basic Drawers 1x2
storagedrawers:basicdrawers:1, Basic Drawers 1x2
storagedrawers:basicdrawers:2, Basic Drawers 2x2
storagedrawers:basicdrawers:2, Basic Drawers 2x2
storagedrawers:basicdrawers:2, Basic Drawers 2x2
storagedrawers:basicdrawers:2, Basic Drawers 2x2
storagedrawers:basicdrawers:2, Basic Drawers 2x2
storagedrawers:basicdrawers:2, Basic Drawers 2x2
storagedrawers:basicdrawers:3, Half Drawers 1x2
storagedrawers:basicdrawers:3, Half Drawers 1x2
storagedrawers:basicdrawers:3, Half Drawers 1x2
storagedrawers:basicdrawers:3, Half Drawers 1x2
storagedrawers:basicdrawers:3, Half Drawers 1x2
storagedrawers:basicdrawers:3, Half Drawers 1x2
storagedrawers:basicdrawers:4, Half Drawers 2x2
storagedrawers:basicdrawers:4, Half Drawers 2x2
storagedrawers:basicdrawers:4, Half Drawers 2x2
storagedrawers:basicdrawers:4, Half Drawers 2x2
storagedrawers:basicdrawers:4, Half Drawers 2x2
storagedrawers:basicdrawers:4, Half Drawers 2x2
storagedrawers:keybutton:0, Drawer Key Button
storagedrawers:keybutton:1, Concealment Key Button
storagedrawers:keybutton:2, Personal Key Button
storagedrawers:keybutton:3, Quantify Key Button
storagedrawers:compdrawers, Compacting Drawer
storagedrawers:controller, Drawer Controller
storagedrawers:controllerslave, Controller Slave
storagedrawers:trim:0, Oak Trim
storagedrawers:trim:1, Spruce Trim
storagedrawers:trim:2, Birch Trim
storagedrawers:trim:3, Jungle Trim
storagedrawers:trim:4, Acacia Trim
storagedrawers:trim:5, Dark Oak Trim
storagedrawers:customdrawers:0, Framed Drawer
storagedrawers:customdrawers:1, Framed Drawers 1x2
storagedrawers:customdrawers:2, Framed Drawers 2x2
storagedrawers:customdrawers:3, Framed Half Drawers 1x2
storagedrawers:customdrawers:4, Framed Half Drawers 2x2
storagedrawers:customtrim, Framed Trim
storagedrawers:framingtable, Framing Table
framedcompactdrawers:framed_compact_drawer, Framed Compacting Drawer
framedcompactdrawers:framed_drawer_controller:0, Framed Drawer Controller
framedcompactdrawers:framed_slave:0, Framed Controller Slave
omniwand:wand, Omniwand
theoneprobe:probe, The One Probe
theoneprobe:creativeprobe, The Creative Probe
theoneprobe:probenote, The One Probe Read Me
theoneprobe:probe_goggles, The One Probe (Bauble)
xtones:base, Xtone Tile
xtones:lamp_flat, Flat Lamp
xtones:agon:0, Agon 1
xtones:agon:1, Agon 2
xtones:agon:2, Agon 3
xtones:agon:3, Agon 4
xtones:agon:4, Agon 5
xtones:agon:5, Agon 6
xtones:agon:6, Agon 7
xtones:agon:7, Agon 8
xtones:agon:8, Agon 9
xtones:agon:9, Agon 10
xtones:agon:10, Agon 11
xtones:agon:11, Agon 12
xtones:agon:12, Agon 13
xtones:agon:13, Agon 14
xtones:agon:14, Agon 15
xtones:agon:15, Agon 16
xtones:azur:0, Azur 1
xtones:azur:1, Azur 2
xtones:azur:2, Azur 3
xtones:azur:3, Azur 4
xtones:azur:4, Azur 5
xtones:azur:5, Azur 6
xtones:azur:6, Azur 7
xtones:azur:7, Azur 8
xtones:azur:8, Azur 9
xtones:azur:9, Azur 10
xtones:azur:10, Azur 11
xtones:azur:11, Azur 12
xtones:azur:12, Azur 13
xtones:azur:13, Azur 14
xtones:azur:14, Azur 15
xtones:azur:15, Azur 16
xtones:bitt:0, Bitt 1
xtones:bitt:1, Bitt 2
xtones:bitt:2, Bitt 3
xtones:bitt:3, Bitt 4
xtones:bitt:4, Bitt 5
xtones:bitt:5, Bitt 6
xtones:bitt:6, Bitt 7
xtones:bitt:7, Bitt 8
xtones:bitt:8, Bitt 9
xtones:bitt:9, Bitt 10
xtones:bitt:10, Bitt 11
xtones:bitt:11, Bitt 12
xtones:bitt:12, Bitt 13
xtones:bitt:13, Bitt 14
xtones:bitt:14, Bitt 15
xtones:bitt:15, Bitt 16
xtones:cray:0, Cray 1
xtones:cray:1, Cray 2
xtones:cray:2, Cray 3
xtones:cray:3, Cray 4
xtones:cray:4, Cray 5
xtones:cray:5, Cray 6
xtones:cray:6, Cray 7
xtones:cray:7, Cray 8
xtones:cray:8, Cray 9
xtones:cray:9, Cray 10
xtones:cray:10, Cray 11
xtones:cray:11, Cray 12
xtones:cray:12, Cray 13
xtones:cray:13, Cray 14
xtones:cray:14, Cray 15
xtones:cray:15, Cray 16
xtones:fort:0, Fort 1
xtones:fort:1, Fort 2
xtones:fort:2, Fort 3
xtones:fort:3, Fort 4
xtones:fort:4, Fort 5
xtones:fort:5, Fort 6
xtones:fort:6, Fort 7
xtones:fort:7, Fort 8
xtones:fort:8, Fort 9
xtones:fort:9, Fort 10
xtones:fort:10, Fort 11
xtones:fort:11, Fort 12
xtones:fort:12, Fort 13
xtones:fort:13, Fort 14
xtones:fort:14, Fort 15
xtones:fort:15, Fort 16
xtones:glaxx:0, Glaxx 1
xtones:glaxx:1, Glaxx 2
xtones:glaxx:2, Glaxx 3
xtones:glaxx:3, Glaxx 4
xtones:glaxx:4, Glaxx 5
xtones:glaxx:5, Glaxx 6
xtones:glaxx:6, Glaxx 7
xtones:glaxx:7, Glaxx 8
xtones:glaxx:8, Glaxx 9
xtones:glaxx:9, Glaxx 10
xtones:glaxx:10, Glaxx 11
xtones:glaxx:11, Glaxx 12
xtones:glaxx:12, Glaxx 13
xtones:glaxx:13, Glaxx 14
xtones:glaxx:14, Glaxx 15
xtones:glaxx:15, Glaxx 16
xtones:iszm:0, Iszm 1
xtones:iszm:1, Iszm 2
xtones:iszm:2, Iszm 3
xtones:iszm:3, Iszm 4
xtones:iszm:4, Iszm 5
xtones:iszm:5, Iszm 6
xtones:iszm:6, Iszm 7
xtones:iszm:7, Iszm 8
xtones:iszm:8, Iszm 9
xtones:iszm:9, Iszm 10
xtones:iszm:10, Iszm 11
xtones:iszm:11, Iszm 12
xtones:iszm:12, Iszm 13
xtones:iszm:13, Iszm 14
xtones:iszm:14, Iszm 15
xtones:iszm:15, Iszm 16
xtones:jelt:0, Jelt 1
xtones:jelt:1, Jelt 2
xtones:jelt:2, Jelt 3
xtones:jelt:3, Jelt 4
xtones:jelt:4, Jelt 5
xtones:jelt:5, Jelt 6
xtones:jelt:6, Jelt 7
xtones:jelt:7, Jelt 8
xtones:jelt:8, Jelt 9
xtones:jelt:9, Jelt 10
xtones:jelt:10, Jelt 11
xtones:jelt:11, Jelt 12
xtones:jelt:12, Jelt 13
xtones:jelt:13, Jelt 14
xtones:jelt:14, Jelt 15
xtones:jelt:15, Jelt 16
xtones:korp:0, Korp 1
xtones:korp:1, Korp 2
xtones:korp:2, Korp 3
xtones:korp:3, Korp 4
xtones:korp:4, Korp 5
xtones:korp:5, Korp 6
xtones:korp:6, Korp 7
xtones:korp:7, Korp 8
xtones:korp:8, Korp 9
xtones:korp:9, Korp 10
xtones:korp:10, Korp 11
xtones:korp:11, Korp 12
xtones:korp:12, Korp 13
xtones:korp:13, Korp 14
xtones:korp:14, Korp 15
xtones:korp:15, Korp 16
xtones:kryp:0, Kryp 1
xtones:kryp:1, Kryp 2
xtones:kryp:2, Kryp 3
xtones:kryp:3, Kryp 4
xtones:kryp:4, Kryp 5
xtones:kryp:5, Kryp 6
xtones:kryp:6, Kryp 7
xtones:kryp:7, Kryp 8
xtones:kryp:8, Kryp 9
xtones:kryp:9, Kryp 10
xtones:kryp:10, Kryp 11
xtones:kryp:11, Kryp 12
xtones:kryp:12, Kryp 13
xtones:kryp:13, Kryp 14
xtones:kryp:14, Kryp 15
xtones:kryp:15, Kryp 16
xtones:lair:0, Lair 1
xtones:lair:1, Lair 2
xtones:lair:2, Lair 3
xtones:lair:3, Lair 4
xtones:lair:4, Lair 5
xtones:lair:5, Lair 6
xtones:lair:6, Lair 7
xtones:lair:7, Lair 8
xtones:lair:8, Lair 9
xtones:lair:9, Lair 10
xtones:lair:10, Lair 11
xtones:lair:11, Lair 12
xtones:lair:12, Lair 13
xtones:lair:13, Lair 14
xtones:lair:14, Lair 15
xtones:lair:15, Lair 16
xtones:lave:0, Lave 1
xtones:lave:1, Lave 2
xtones:lave:2, Lave 3
xtones:lave:3, Lave 4
xtones:lave:4, Lave 5
xtones:lave:5, Lave 6
xtones:lave:6, Lave 7
xtones:lave:7, Lave 8
xtones:lave:8, Lave 9
xtones:lave:9, Lave 10
xtones:lave:10, Lave 11
xtones:lave:11, Lave 12
xtones:lave:12, Lave 13
xtones:lave:13, Lave 14
xtones:lave:14, Lave 15
xtones:lave:15, Lave 16
xtones:mint:0, Mint 1
xtones:mint:1, Mint 2
xtones:mint:2, Mint 3
xtones:mint:3, Mint 4
xtones:mint:4, Mint 5
xtones:mint:5, Mint 6
xtones:mint:6, Mint 7
xtones:mint:7, Mint 8
xtones:mint:8, Mint 9
xtones:mint:9, Mint 10
xtones:mint:10, Mint 11
xtones:mint:11, Mint 12
xtones:mint:12, Mint 13
xtones:mint:13, Mint 14
xtones:mint:14, Mint 15
xtones:mint:15, Mint 16
xtones:myst:0, Myst 1
xtones:myst:1, Myst 2
xtones:myst:2, Myst 3
xtones:myst:3, Myst 4
xtones:myst:4, Myst 5
xtones:myst:5, Myst 6
xtones:myst:6, Myst 7
xtones:myst:7, Myst 8
xtones:myst:8, Myst 9
xtones:myst:9, Myst 10
xtones:myst:10, Myst 11
xtones:myst:11, Myst 12
xtones:myst:12, Myst 13
xtones:myst:13, Myst 14
xtones:myst:14, Myst 15
xtones:myst:15, Myst 16
xtones:reds:0, Reds 1
xtones:reds:1, Reds 2
xtones:reds:2, Reds 3
xtones:reds:3, Reds 4
xtones:reds:4, Reds 5
xtones:reds:5, Reds 6
xtones:reds:6, Reds 7
xtones:reds:7, Reds 8
xtones:reds:8, Reds 9
xtones:reds:9, Reds 10
xtones:reds:10, Reds 11
xtones:reds:11, Reds 12
xtones:reds:12, Reds 13
xtones:reds:13, Reds 14
xtones:reds:14, Reds 15
xtones:reds:15, Reds 16
xtones:reed:0, Reed 1
xtones:reed:1, Reed 2
xtones:reed:2, Reed 3
xtones:reed:3, Reed 4
xtones:reed:4, Reed 5
xtones:reed:5, Reed 6
xtones:reed:6, Reed 7
xtones:reed:7, Reed 8
xtones:reed:8, Reed 9
xtones:reed:9, Reed 10
xtones:reed:10, Reed 11
xtones:reed:11, Reed 12
xtones:reed:12, Reed 13
xtones:reed:13, Reed 14
xtones:reed:14, Reed 15
xtones:reed:15, Reed 16
xtones:roen:0, Roen 1
xtones:roen:1, Roen 2
xtones:roen:2, Roen 3
xtones:roen:3, Roen 4
xtones:roen:4, Roen 5
xtones:roen:5, Roen 6
xtones:roen:6, Roen 7
xtones:roen:7, Roen 8
xtones:roen:8, Roen 9
xtones:roen:9, Roen 10
xtones:roen:10, Roen 11
xtones:roen:11, Roen 12
xtones:roen:12, Roen 13
xtones:roen:13, Roen 14
xtones:roen:14, Roen 15
xtones:roen:15, Roen 16
xtones:sols:0, Sols 1
xtones:sols:1, Sols 2
xtones:sols:2, Sols 3
xtones:sols:3, Sols 4
xtones:sols:4, Sols 5
xtones:sols:5, Sols 6
xtones:sols:6, Sols 7
xtones:sols:7, Sols 8
xtones:sols:8, Sols 9
xtones:sols:9, Sols 10
xtones:sols:10, Sols 11
xtones:sols:11, Sols 12
xtones:sols:12, Sols 13
xtones:sols:13, Sols 14
xtones:sols:14, Sols 15
xtones:sols:15, Sols 16
xtones:sync:0, Sync 1
xtones:sync:1, Sync 2
xtones:sync:2, Sync 3
xtones:sync:3, Sync 4
xtones:sync:4, Sync 5
xtones:sync:5, Sync 6
xtones:sync:6, Sync 7
xtones:sync:7, Sync 8
xtones:sync:8, Sync 9
xtones:sync:9, Sync 10
xtones:sync:10, Sync 11
xtones:sync:11, Sync 12
xtones:sync:12, Sync 13
xtones:sync:13, Sync 14
xtones:sync:14, Sync 15
xtones:sync:15, Sync 16
xtones:tank:0, Tank 1
xtones:tank:1, Tank 2
xtones:tank:2, Tank 3
xtones:tank:3, Tank 4
xtones:tank:4, Tank 5
xtones:tank:5, Tank 6
xtones:tank:6, Tank 7
xtones:tank:7, Tank 8
xtones:tank:8, Tank 9
xtones:tank:9, Tank 10
xtones:tank:10, Tank 11
xtones:tank:11, Tank 12
xtones:tank:12, Tank 13
xtones:tank:13, Tank 14
xtones:tank:14, Tank 15
xtones:tank:15, Tank 16
xtones:vect:0, Vect 1
xtones:vect:1, Vect 2
xtones:vect:2, Vect 3
xtones:vect:3, Vect 4
xtones:vect:4, Vect 5
xtones:vect:5, Vect 6
xtones:vect:6, Vect 7
xtones:vect:7, Vect 8
xtones:vect:8, Vect 9
xtones:vect:9, Vect 10
xtones:vect:10, Vect 11
xtones:vect:11, Vect 12
xtones:vect:12, Vect 13
xtones:vect:13, Vect 14
xtones:vect:14, Vect 15
xtones:vect:15, Vect 16
xtones:vena:0, Vena 1
xtones:vena:1, Vena 2
xtones:vena:2, Vena 3
xtones:vena:3, Vena 4
xtones:vena:4, Vena 5
xtones:vena:5, Vena 6
xtones:vena:6, Vena 7
xtones:vena:7, Vena 8
xtones:vena:8, Vena 9
xtones:vena:9, Vena 10
xtones:vena:10, Vena 11
xtones:vena:11, Vena 12
xtones:vena:12, Vena 13
xtones:vena:13, Vena 14
xtones:vena:14, Vena 15
xtones:vena:15, Vena 16
xtones:zane:0, Zane 1
xtones:zane:1, Zane 2
xtones:zane:2, Zane 3
xtones:zane:3, Zane 4
xtones:zane:4, Zane 5
xtones:zane:5, Zane 6
xtones:zane:6, Zane 7
xtones:zane:7, Zane 8
xtones:zane:8, Zane 9
xtones:zane:9, Zane 10
xtones:zane:10, Zane 11
xtones:zane:11, Zane 12
xtones:zane:12, Zane 13
xtones:zane:13, Zane 14
xtones:zane:14, Zane 15
xtones:zane:15, Zane 16
xtones:zech:0, Zech 1
xtones:zech:1, Zech 2
xtones:zech:2, Zech 3
xtones:zech:3, Zech 4
xtones:zech:4, Zech 5
xtones:zech:5, Zech 6
xtones:zech:6, Zech 7
xtones:zech:7, Zech 8
xtones:zech:8, Zech 9
xtones:zech:9, Zech 10
xtones:zech:10, Zech 11
xtones:zech:11, Zech 12
xtones:zech:12, Zech 13
xtones:zech:13, Zech 14
xtones:zech:14, Zech 15
xtones:zech:15, Zech 16
xtones:zest:0, Zest 1
xtones:zest:1, Zest 2
xtones:zest:2, Zest 3
xtones:zest:3, Zest 4
xtones:zest:4, Zest 5
xtones:zest:5, Zest 6
xtones:zest:6, Zest 7
xtones:zest:7, Zest 8
xtones:zest:8, Zest 9
xtones:zest:9, Zest 10
xtones:zest:10, Zest 11
xtones:zest:11, Zest 12
xtones:zest:12, Zest 13
xtones:zest:13, Zest 14
xtones:zest:14, Zest 15
xtones:zest:15, Zest 16
xtones:zeta:0, Zeta 1
xtones:zeta:1, Zeta 2
xtones:zeta:2, Zeta 3
xtones:zeta:3, Zeta 4
xtones:zeta:4, Zeta 5
xtones:zeta:5, Zeta 6
xtones:zeta:6, Zeta 7
xtones:zeta:7, Zeta 8
xtones:zeta:8, Zeta 9
xtones:zeta:9, Zeta 10
xtones:zeta:10, Zeta 11
xtones:zeta:11, Zeta 12
xtones:zeta:12, Zeta 13
xtones:zeta:13, Zeta 14
xtones:zeta:14, Zeta 15
xtones:zeta:15, Zeta 16
xtones:zion:0, Zion 1
xtones:zion:1, Zion 2
xtones:zion:2, Zion 3
xtones:zion:3, Zion 4
xtones:zion:4, Zion 5
xtones:zion:5, Zion 6
xtones:zion:6, Zion 7
xtones:zion:7, Zion 8
xtones:zion:8, Zion 9
xtones:zion:9, Zion 10
xtones:zion:10, Zion 11
xtones:zion:11, Zion 12
xtones:zion:12, Zion 13
xtones:zion:13, Zion 14
xtones:zion:14, Zion 15
xtones:zion:15, Zion 16
xtones:zkul:0, Zkul 1
xtones:zkul:1, Zkul 2
xtones:zkul:2, Zkul 3
xtones:zkul:3, Zkul 4
xtones:zkul:4, Zkul 5
xtones:zkul:5, Zkul 6
xtones:zkul:6, Zkul 7
xtones:zkul:7, Zkul 8
xtones:zkul:8, Zkul 9
xtones:zkul:9, Zkul 10
xtones:zkul:10, Zkul 11
xtones:zkul:11, Zkul 12
xtones:zkul:12, Zkul 13
xtones:zkul:13, Zkul 14
xtones:zkul:14, Zkul 15
xtones:zkul:15, Zkul 16
xtones:zoea:0, Zoea 1
xtones:zoea:1, Zoea 2
xtones:zoea:2, Zoea 3
xtones:zoea:3, Zoea 4
xtones:zoea:4, Zoea 5
xtones:zoea:5, Zoea 6
xtones:zoea:6, Zoea 7
xtones:zoea:7, Zoea 8
xtones:zoea:8, Zoea 9
xtones:zoea:9, Zoea 10
xtones:zoea:10, Zoea 11
xtones:zoea:11, Zoea 12
xtones:zoea:12, Zoea 13
xtones:zoea:13, Zoea 14
xtones:zoea:14, Zoea 15
xtones:zoea:15, Zoea 16
xtones:zome:0, Zome 1
xtones:zome:1, Zome 2
xtones:zome:2, Zome 3
xtones:zome:3, Zome 4
xtones:zome:4, Zome 5
xtones:zome:5, Zome 6
xtones:zome:6, Zome 7
xtones:zome:7, Zome 8
xtones:zome:8, Zome 9
xtones:zome:9, Zome 10
xtones:zome:10, Zome 11
xtones:zome:11, Zome 12
xtones:zome:12, Zome 13
xtones:zome:13, Zome 14
xtones:zome:14, Zome 15
xtones:zome:15, Zome 16
xtones:zone:0, Zone 1
xtones:zone:1, Zone 2
xtones:zone:2, Zone 3
xtones:zone:3, Zone 4
xtones:zone:4, Zone 5
xtones:zone:5, Zone 6
xtones:zone:6, Zone 7
xtones:zone:7, Zone 8
xtones:zone:8, Zone 9
xtones:zone:9, Zone 10
xtones:zone:10, Zone 11
xtones:zone:11, Zone 12
xtones:zone:12, Zone 13
xtones:zone:13, Zone 14
xtones:zone:14, Zone 15
xtones:zone:15, Zone 16
xtones:zorg:0, Zorg 1
xtones:zorg:1, Zorg 2
xtones:zorg:2, Zorg 3
xtones:zorg:3, Zorg 4
xtones:zorg:4, Zorg 5
xtones:zorg:5, Zorg 6
xtones:zorg:6, Zorg 7
xtones:zorg:7, Zorg 8
xtones:zorg:8, Zorg 9
xtones:zorg:9, Zorg 10
xtones:zorg:10, Zorg 11
xtones:zorg:11, Zorg 12
xtones:zorg:12, Zorg 13
xtones:zorg:13, Zorg 14
xtones:zorg:14, Zorg 15
xtones:zorg:15, Zorg 16
xtones:ztyl:0, Ztyl 1
xtones:ztyl:1, Ztyl 2
xtones:ztyl:2, Ztyl 3
xtones:ztyl:3, Ztyl 4
xtones:ztyl:4, Ztyl 5
xtones:ztyl:5, Ztyl 6
xtones:ztyl:6, Ztyl 7
xtones:ztyl:7, Ztyl 8
xtones:ztyl:8, Ztyl 9
xtones:ztyl:9, Ztyl 10
xtones:ztyl:10, Ztyl 11
xtones:ztyl:11, Ztyl 12
xtones:ztyl:12, Ztyl 13
xtones:ztyl:13, Ztyl 14
xtones:ztyl:14, Ztyl 15
xtones:ztyl:15, Ztyl 16
xtones:zyth:0, Zyth 1
xtones:zyth:1, Zyth 2
xtones:zyth:2, Zyth 3
xtones:zyth:3, Zyth 4
xtones:zyth:4, Zyth 5
xtones:zyth:5, Zyth 6
xtones:zyth:6, Zyth 7
xtones:zyth:7, Zyth 8
xtones:zyth:8, Zyth 9
xtones:zyth:9, Zyth 10
xtones:zyth:10, Zyth 11
xtones:zyth:11, Zyth 12
xtones:zyth:12, Zyth 13
xtones:zyth:13, Zyth 14
xtones:zyth:14, Zyth 15
xtones:zyth:15, Zyth 16
architecturecraft:sawblade, Circular Saw Blade
architecturecraft:largepulley, Large Pulley
architecturecraft:chisel, Architect's Chisel
architecturecraft:hammer, Architect's Hammer
architecturecraft:sawbench, Architect's Sawbench
fluiddrawers:tank:0, Basic Tank
fluiddrawers:tank_custom:0, Framed Tank
patchouli:guide_book, Guide Book
forestry:crated.forestry.peat.0, item.crated.forestry.peat.0.name
forestry:crated.forestry.apatite.0, item.crated.forestry.apatite.0.name
forestry:crated.forestry.fertilizer_compound.0, item.crated.forestry.fertilizer_compound.0.name
forestry:crated.forestry.mulch.0, item.crated.forestry.mulch.0.name
forestry:crated.forestry.phosphor.0, item.crated.forestry.phosphor.0.name
forestry:crated.forestry.ash.0, item.crated.forestry.ash.0.name
forestry:crated.ingottin, item.crated.ingotTin.name
forestry:crated.ingotcopper, item.crated.ingotCopper.name
forestry:crated.ingotbronze, item.crated.ingotBronze.name
forestry:crated.forestry.humus.0, item.crated.forestry.humus.0.name
forestry:crated.forestry.bog_earth.0, item.crated.forestry.bog_earth.0.name
forestry:crated.cropwheat, item.crated.cropWheat.name
forestry:crated.minecraft.cookie.0, item.crated.minecraft.cookie.0.name
forestry:crated.dustredstone, item.crated.dustRedstone.name
forestry:crated.minecraft.dye.4, item.crated.minecraft.dye.4.name
forestry:crated.sugarcane, item.crated.sugarcane.name
forestry:crated.minecraft.clay_ball.0, item.crated.minecraft.clay_ball.0.name
forestry:crated.dustglowstone, item.crated.dustGlowstone.name
forestry:crated.minecraft.apple.0, item.crated.minecraft.apple.0.name
forestry:crated.minecraft.nether_wart.0, item.crated.minecraft.nether_wart.0.name
forestry:crated.minecraft.coal.1, item.crated.minecraft.coal.1.name
forestry:crated.minecraft.coal.0, item.crated.minecraft.coal.0.name
forestry:crated.minecraft.wheat_seeds.0, item.crated.minecraft.wheat_seeds.0.name
forestry:crated.croppotato, item.crated.cropPotato.name
forestry:crated.cropcarrot, item.crated.cropCarrot.name
forestry:crated.minecraft.log.0, item.crated.minecraft.log.0.name
forestry:crated.minecraft.log.1, item.crated.minecraft.log.1.name
forestry:crated.minecraft.log.2, item.crated.minecraft.log.2.name
forestry:crated.minecraft.log.3, item.crated.minecraft.log.3.name
forestry:crated.minecraft.log2.0, item.crated.minecraft.log2.0.name
forestry:crated.minecraft.log2.1, item.crated.minecraft.log2.1.name
forestry:crated.cobblestone, item.crated.cobblestone.name
forestry:crated.dirt, item.crated.dirt.name
forestry:crated.minecraft.dirt.2, item.crated.minecraft.dirt.2.name
forestry:crated.stone, item.crated.stone.name
forestry:crated.stonegranite, item.crated.stoneGranite.name
forestry:crated.stonediorite, item.crated.stoneDiorite.name
forestry:crated.stoneandesite, item.crated.stoneAndesite.name
forestry:crated.blockprismarine, item.crated.blockPrismarine.name
forestry:crated.blockprismarinebrick, item.crated.blockPrismarineBrick.name
forestry:crated.blockprismarinedark, item.crated.blockPrismarineDark.name
forestry:crated.minecraft.brick_block.0, item.crated.minecraft.brick_block.0.name
forestry:crated.blockcactus, item.crated.blockCactus.name
forestry:crated.minecraft.sand.0, item.crated.minecraft.sand.0.name
forestry:crated.minecraft.sand.1, item.crated.minecraft.sand.1.name
forestry:crated.obsidian, item.crated.obsidian.name
forestry:crated.netherrack, item.crated.netherrack.name
forestry:crated.minecraft.soul_sand.0, item.crated.minecraft.soul_sand.0.name
forestry:crated.minecraft.sandstone.0, item.crated.minecraft.sandstone.0.name
forestry:crated.minecraft.nether_brick.0, item.crated.minecraft.nether_brick.0.name
forestry:crated.minecraft.mycelium.0, item.crated.minecraft.mycelium.0.name
forestry:crated.gravel, item.crated.gravel.name
forestry:crated.minecraft.sapling.0, item.crated.minecraft.sapling.0.name
forestry:crated.minecraft.sapling.1, item.crated.minecraft.sapling.1.name
forestry:crated.minecraft.sapling.2, item.crated.minecraft.sapling.2.name
forestry:crated.minecraft.sapling.3, item.crated.minecraft.sapling.3.name
forestry:crated.minecraft.sapling.4, item.crated.minecraft.sapling.4.name
forestry:crated.minecraft.sapling.5, item.crated.minecraft.sapling.5.name
forestry:crated.forestry.fruits.0, item.crated.forestry.fruits.0.name
forestry:crated.forestry.fruits.1, item.crated.forestry.fruits.1.name
forestry:crated.forestry.fruits.2, item.crated.forestry.fruits.2.name
forestry:crated.forestry.fruits.3, item.crated.forestry.fruits.3.name
forestry:crated.forestry.fruits.4, item.crated.forestry.fruits.4.name
forestry:crated.forestry.fruits.6, item.crated.forestry.fruits.6.name
forestry:crated.forestry.fruits.5, item.crated.forestry.fruits.5.name
forestry:crated.forestry.beeswax.0, item.crated.forestry.beeswax.0.name
forestry:crated.forestry.pollen.0, item.crated.forestry.pollen.0.name
forestry:crated.forestry.pollen.1, item.crated.forestry.pollen.1.name
forestry:crated.forestry.propolis.0, item.crated.forestry.propolis.0.name
forestry:crated.forestry.honeydew.0, item.crated.forestry.honeydew.0.name
forestry:crated.forestry.royal_jelly.0, item.crated.forestry.royal_jelly.0.name
forestry:crated.forestry.bee_combs.0, item.crated.forestry.bee_combs.0.name
forestry:crated.forestry.bee_combs.1, item.crated.forestry.bee_combs.1.name
forestry:crated.forestry.bee_combs.2, item.crated.forestry.bee_combs.2.name
forestry:crated.forestry.bee_combs.3, item.crated.forestry.bee_combs.3.name
forestry:crated.forestry.bee_combs.4, item.crated.forestry.bee_combs.4.name
forestry:crated.forestry.bee_combs.5, item.crated.forestry.bee_combs.5.name
forestry:crated.forestry.bee_combs.6, item.crated.forestry.bee_combs.6.name
forestry:crated.forestry.bee_combs.7, item.crated.forestry.bee_combs.7.name
forestry:crated.forestry.bee_combs.8, item.crated.forestry.bee_combs.8.name
forestry:crated.forestry.bee_combs.10, item.crated.forestry.bee_combs.10.name
forestry:crated.forestry.bee_combs.14, item.crated.forestry.bee_combs.14.name
forestry:crated.forestry.bee_combs.15, item.crated.forestry.bee_combs.15.name
forestry:crated.forestry.bee_combs.16, item.crated.forestry.bee_combs.16.name
forestry:crated.forestry.refractory_wax.0, item.crated.forestry.refractory_wax.0.name
forestry:crated.natura.edibles.0, item.crated.natura.edibles.0.name
forestry:crated.natura.edibles.1, item.crated.natura.edibles.1.name
forestry:crated.natura.edibles.11, item.crated.natura.edibles.11.name
forestry:crated.natura.overworld_logs.0, item.crated.natura.overworld_logs.0.name
forestry:crated.natura.overworld_logs.1, item.crated.natura.overworld_logs.1.name
forestry:crated.natura.overworld_logs.2, item.crated.natura.overworld_logs.2.name
forestry:crated.natura.overworld_logs.3, item.crated.natura.overworld_logs.3.name
forestry:crated.natura.overworld_logs2.0, item.crated.natura.overworld_logs2.0.name
forestry:crated.natura.overworld_logs2.1, item.crated.natura.overworld_logs2.1.name
forestry:crated.natura.overworld_logs2.2, item.crated.natura.overworld_logs2.2.name
forestry:crated.natura.overworld_logs2.3, item.crated.natura.overworld_logs2.3.name
forestry:crated.natura.redwood_logs.0, item.crated.natura.redwood_logs.0.name
forestry:crated.natura.redwood_logs.1, item.crated.natura.redwood_logs.1.name
forestry:crated.natura.redwood_logs.2, item.crated.natura.redwood_logs.2.name
forestry:crated.natura.nether_logs.0, item.crated.natura.nether_logs.0.name
forestry:crated.natura.nether_logs.1, item.crated.natura.nether_logs.1.name
forestry:crated.natura.nether_logs.2, item.crated.natura.nether_logs.2.name
forestry:crated.natura.nether_logs2.0, item.crated.natura.nether_logs2.0.name
forestry:crated.natura.nether_logs2.15, item.crated.natura.nether_logs2.15.name
forestry:crated.natura.overworld_sapling.0, item.crated.natura.overworld_sapling.0.name
forestry:crated.natura.overworld_sapling.1, item.crated.natura.overworld_sapling.1.name
forestry:crated.natura.overworld_sapling.2, item.crated.natura.overworld_sapling.2.name
forestry:crated.natura.overworld_sapling.3, item.crated.natura.overworld_sapling.3.name
forestry:crated.natura.overworld_sapling2.0, item.crated.natura.overworld_sapling2.0.name
forestry:crated.natura.overworld_sapling2.1, item.crated.natura.overworld_sapling2.1.name
forestry:crated.natura.overworld_sapling2.2, item.crated.natura.overworld_sapling2.2.name
forestry:crated.natura.overworld_sapling2.3, item.crated.natura.overworld_sapling2.3.name
forestry:crated.natura.redwood_sapling.0, item.crated.natura.redwood_sapling.0.name
forestry:crated.natura.apple_sapling.0, item.crated.natura.apple_sapling.0.name
forestry:crated.natura.nether_sapling.0, item.crated.natura.nether_sapling.0.name
forestry:crated.natura.nether_sapling.1, item.crated.natura.nether_sapling.1.name
forestry:crated.natura.nether_sapling.2, item.crated.natura.nether_sapling.2.name
forestry:crated.natura.nether_sapling2.0, item.crated.natura.nether_sapling2.0.name
forestry:crated.natura.nether_glowshroom.0, item.crated.natura.nether_glowshroom.0.name
forestry:crated.natura.nether_glowshroom.1, item.crated.natura.nether_glowshroom.1.name
forestry:crated.natura.nether_glowshroom.2, item.crated.natura.nether_glowshroom.2.name
forestry:crated.natura.materials.1, item.crated.natura.materials.1.name
forestry:crated.natura.materials.2, item.crated.natura.materials.2.name
forestry:crated.natura.materials.4, item.crated.natura.materials.4.name
forestry:crated.natura.materials.5, item.crated.natura.materials.5.name
forestry:crated.natura.materials.6, item.crated.natura.materials.6.name
forestry:crated.natura.materials.7, item.crated.natura.materials.7.name
forestry:crated.natura.materials.8, item.crated.natura.materials.8.name
forestry:crated.natura.overworld_seeds.0, item.crated.natura.overworld_seeds.0.name
forestry:crated.natura.overworld_seeds.1, item.crated.natura.overworld_seeds.1.name
forestry:crated.natura.edibles.2, item.crated.natura.edibles.2.name
forestry:crated.natura.edibles.3, item.crated.natura.edibles.3.name
forestry:crated.natura.edibles.4, item.crated.natura.edibles.4.name
forestry:crated.natura.edibles.5, item.crated.natura.edibles.5.name
forestry:crated.natura.edibles.6, item.crated.natura.edibles.6.name
forestry:crated.natura.edibles.7, item.crated.natura.edibles.7.name
forestry:crated.natura.edibles.8, item.crated.natura.edibles.8.name
forestry:crated.natura.edibles.9, item.crated.natura.edibles.9.name
forestry:crated.natura.edibles.10, item.crated.natura.edibles.10.name
forestry:crated.natura.saguaro_fruit_item.0, item.crated.natura.saguaro_fruit_item.0.name
forestry:crated.natura.materials.0, item.crated.natura.materials.0.name
forestry:crated.natura.materials.3, item.crated.natura.materials.3.name